# Blender 4.5.1 LTS
# www.blender.org
mtllib bald_dude.mtl
o character
v 0.002673 1.066796 -0.579329
v 0.002197 0.780506 -0.813855
v 0.000738 0.313352 -0.938439
v 0.000167 0.094616 -0.933057
v -0.000000 -0.096984 -0.962550
v -0.000000 -0.462844 -0.899022
v 0.000000 1.102621 -0.072825
v 0.000000 1.088192 0.119104
v 0.001613 1.088214 0.319945
v 0.002409 1.026633 0.515909
v 0.002802 0.937667 0.680624
v 0.002400 0.790924 0.786268
v 0.001920 0.619727 0.850013
v 0.001451 0.423488 0.893299
v 0.001049 0.204551 0.932044
v 0.000707 -0.027833 0.947563
v 0.000285 -0.286889 0.915797
v -0.000027 -0.538752 0.832938
v 0.000000 -0.689834 0.717424
v 0.000000 -0.800310 0.572350
v 0.000000 -0.911683 0.383899
v 0.000000 -1.019688 0.150042
v -0.516286 1.135640 0.114699
v -0.530794 1.090928 0.311494
v -0.434225 1.037908 0.503933
v -0.354088 0.944755 0.667317
v -0.300724 0.791812 0.768717
v -0.281894 0.622762 0.821680
v -0.272747 0.428696 0.856005
v -0.254136 0.198609 0.889776
v -0.227558 -0.047451 0.910719
v -0.198677 -0.297828 0.889689
v -0.186247 -0.532320 0.819869
v -0.211216 -0.732516 0.714129
v -0.205188 -0.865924 0.568725
v -0.168841 -0.997984 0.372784
v -0.119150 -1.077019 0.137009
v -0.582698 1.133080 0.103258
v -0.688357 1.076977 0.289113
v -0.653030 1.009176 0.471602
v -0.575865 0.923144 0.630265
v -0.518541 0.770778 0.725255
v -0.489098 0.597349 0.771409
v -0.463677 0.402827 0.794234
v -0.433435 0.183405 0.816751
v -0.403810 -0.053879 0.838172
v -0.377498 -0.303528 0.831795
v -0.374241 -0.575764 0.781478
v -0.387955 -0.835896 0.686198
v -0.324772 -1.024163 0.538560
v -0.242208 -1.158752 0.344091
v -0.159124 -1.143359 0.117698
v -0.641327 1.128230 0.085402
v -0.864469 1.055325 0.255437
v -0.909355 0.949875 0.423469
v -0.830301 0.848633 0.565095
v -0.711388 0.727561 0.655095
v -0.635339 0.575749 0.695977
v -0.583983 0.396313 0.705032
v -0.553740 0.190143 0.716593
v -0.546089 -0.061566 0.739929
v -0.550758 -0.364311 0.758851
v -0.565148 -0.709028 0.723173
v -0.528666 -1.026009 0.628743
v -0.429084 -1.272052 0.482392
v -0.312738 -1.351315 0.297348
v -0.195721 -1.209984 0.088990
v -0.696732 1.121759 0.061960
v -1.017555 1.000919 0.214317
v -1.085400 0.825154 0.367321
v -1.016139 0.682051 0.490765
v -0.865829 0.602966 0.559663
v -0.710316 0.524351 0.574633
v -0.623302 0.386822 0.568208
v -0.613029 0.171098 0.585176
v -0.661322 -0.107758 0.624595
v -0.730078 -0.491055 0.670328
v -0.749318 -0.923257 0.634425
v -0.662711 -1.280615 0.537404
v -0.563421 -1.521000 0.400447
v -0.396119 -1.515589 0.232984
v -0.229196 -1.265143 0.051521
v 0.000000 -1.037151 -0.114438
v -0.745579 1.114410 0.033711
v -1.128803 0.929132 0.166680
v -1.211496 0.630765 0.303971
v -1.427806 -0.104913 0.308086
v -1.242356 -0.164420 0.354257
v -1.030882 -0.102106 0.436191
v -0.648361 0.301876 0.414628
v -0.629687 0.117719 0.452252
v -0.775082 -0.193010 0.503538
v -0.889889 -0.638508 0.550506
v -0.882585 -1.125614 0.502242
v -0.827314 -1.494464 0.413785
v -0.720285 -1.678627 0.293506
v -0.483021 -1.610529 0.152153
v -0.258480 -1.299531 0.006342
v -0.780261 1.108055 0.001615
v -1.193052 0.864979 0.110979
v -1.350277 0.342017 0.168944
v -1.740932 -0.956151 0.182266
v -1.695053 -1.042294 0.171089
v -1.497520 -1.043381 0.206004
v -0.711992 0.126337 0.292613
v -0.666031 0.050194 0.308630
v -0.882523 -0.276951 0.357856
v -1.005620 -0.760825 0.384725
v -0.998618 -1.261949 0.333193
v -0.959541 -1.592889 0.259216
v -0.816873 -1.727295 0.163836
v -0.539983 -1.628289 0.056519
v -0.281265 -1.308818 -0.045066
v -0.796713 1.104884 -0.033165
v -1.218276 0.831512 0.044558
v -1.413336 0.204775 0.006827
v -1.725497 -0.838681 -0.103583
v -1.629330 -1.065466 -0.062019
v -1.381876 -1.025121 -0.104615
v -0.700535 0.034669 0.219393
v -0.704272 0.006521 0.150215
v -0.948484 -0.324100 0.180305
v -1.084984 -0.815027 0.179258
v -1.061646 -1.281249 0.132115
v -0.995516 -1.569650 0.078546
v -0.826169 -1.673780 0.014826
v -0.556934 -1.576213 -0.050921
v -0.295287 -1.293887 -0.100783
v -0.793626 1.106021 -0.069306
v -1.211367 0.848919 -0.043011
v -1.361627 0.263134 -0.078064
v -1.530776 -0.430957 -0.189655
v -1.407097 -0.731772 -0.212099
v -1.065095 -0.237373 -0.146348
v -0.710009 0.075286 -0.007631
v -0.759592 -0.017087 -0.023843
v -0.982392 -0.335371 -0.014423
v -1.090351 -0.766539 -0.043168
v -1.048607 -1.174388 -0.092035
v -0.949458 -1.428546 -0.122521
v -0.779946 -1.529305 -0.149167
v -0.545071 -1.468182 -0.166003
v -0.299192 -1.259705 -0.158483
v -0.772454 1.111040 -0.105196
v -1.170737 0.913244 -0.143085
v -1.283313 0.487510 -0.259166
v -1.315013 0.093148 -0.324998
v -1.163744 -0.028931 -0.344790
v -0.915011 0.007748 -0.177735
v -0.701246 0.194665 -0.198884
v -0.791821 -0.007515 -0.201521
v -0.987551 -0.326082 -0.216993
v -1.059199 -0.667723 -0.265874
v -0.985611 -0.993571 -0.326955
v -0.861974 -1.202331 -0.328253
v -0.723252 -1.321825 -0.308349
v -0.521367 -1.329511 -0.274074
v -0.292477 -1.213547 -0.215509
v -0.734624 1.118044 -0.139306
v -1.087333 1.002296 -0.232731
v -1.198302 0.803419 -0.374166
v -1.165180 0.498075 -0.432270
v -1.013044 0.393647 -0.445146
v -0.832362 0.429798 -0.397318
v -0.705826 0.277859 -0.373350
v -0.788454 0.032822 -0.387871
v -0.935291 -0.278203 -0.431302
v -0.992012 -0.561572 -0.500785
v -0.931927 -0.844121 -0.538989
v -0.785739 -1.045875 -0.502429
v -0.659405 -1.165278 -0.424975
v -0.491406 -1.204004 -0.350748
v -0.275481 -1.163259 -0.267438
v -0.683765 1.124639 -0.170603
v -0.957002 1.070618 -0.292745
v -1.037643 1.008428 -0.429427
v -1.002239 0.900186 -0.527185
v -0.871754 0.694677 -0.529770
v -0.725969 0.489790 -0.520537
v -0.696215 0.319643 -0.540606
v -0.750638 0.081668 -0.569115
v -0.828006 -0.189328 -0.635645
v -0.876428 -0.443237 -0.712890
v -0.875471 -0.729061 -0.710651
v -0.708304 -0.978837 -0.624853
v -0.597560 -1.094826 -0.524612
v -0.439146 -1.120646 -0.425118
v -0.249550 -1.115709 -0.312214
v -0.628036 1.129099 -0.197794
v -0.798250 1.098154 -0.332464
v -0.764915 1.068146 -0.484634
v -0.663808 0.950306 -0.609270
v -0.685107 0.701094 -0.615649
v -0.652020 0.479384 -0.626455
v -0.658412 0.309249 -0.660748
v -0.676812 0.138755 -0.719532
v -0.697082 -0.076809 -0.816957
v -0.760100 -0.371622 -0.906087
v -0.783405 -0.627025 -0.872146
v -0.639653 -0.941300 -0.718934
v -0.531083 -1.063012 -0.594130
v -0.388590 -1.078277 -0.480914
v -0.214457 -1.073195 -0.350188
v -0.570767 1.131202 -0.219694
v -0.615678 1.112833 -0.364411
v -0.512720 1.082772 -0.521933
v -0.448531 0.967341 -0.656849
v -0.526967 0.705615 -0.686085
v -0.561964 0.447200 -0.698719
v -0.562451 0.299359 -0.765031
v -0.544360 0.179434 -0.855754
v -0.544584 0.001402 -0.965472
v -0.616703 -0.311153 -1.042533
v -0.624374 -0.547550 -1.010507
v -0.554595 -0.871784 -0.814220
v -0.457263 -1.013120 -0.638175
v -0.333156 -1.053906 -0.511986
v -0.175365 -1.040115 -0.376390
v -0.503136 1.132009 -0.236144
v -0.460430 1.123844 -0.391508
v -0.341483 1.087881 -0.547094
v -0.275627 0.992827 -0.679595
v -0.331312 0.756035 -0.729529
v -0.395829 0.459622 -0.780569
v -0.386203 0.315319 -0.875069
v -0.355353 0.202302 -0.974535
v -0.349270 0.031726 -1.062349
v -0.398343 -0.243765 -1.109766
v -0.438661 -0.484567 -1.086043
v -0.452622 -0.810190 -0.884901
v -0.366700 -0.957785 -0.659402
v -0.264335 -1.034618 -0.525273
v -0.132413 -1.013822 -0.390134
v -0.423221 1.132985 -0.247184
v -0.303454 1.129166 -0.410243
v -0.163524 1.087411 -0.567977
v -0.082598 0.993903 -0.703978
v -0.123878 0.787373 -0.787238
v -0.181818 0.514084 -0.849771
v -0.186569 0.330282 -0.947421
v -0.175326 0.154657 -1.027615
v -0.167847 -0.047761 -1.086772
v -0.173955 -0.224514 -1.114279
v -0.205406 -0.411551 -1.083539
v -0.267689 -0.704273 -0.939434
v -0.246895 -0.883177 -0.693510
v -0.180555 -0.994063 -0.537162
v -0.084769 -0.992284 -0.392989
v 0.001386 1.118716 -0.250142
v 0.002355 1.108011 -0.418681
v 0.002644 0.969102 -0.716901
v 0.001322 0.530464 -0.893277
v -0.000000 -0.248302 -0.949633
v -0.000000 -0.642196 -0.787663
v -0.000000 -0.817158 -0.667282
v -0.000000 -0.963732 -0.492354
v -0.000000 -0.976374 -0.375217
v 0.000386 0.209649 -0.932205
v 0.001242 0.315089 0.912710
v -0.263638 0.315112 0.872947
v -0.447650 0.294047 0.805562
v -0.565195 0.296213 0.710900
v -0.605705 0.287351 0.579261
v -0.617765 0.225992 0.434693
v -0.650705 0.137989 0.337773
v -0.671229 0.066877 0.190543
v -0.695345 0.061198 -0.016316
v -0.712275 0.112531 -0.200661
v -0.720001 0.170166 -0.381675
v -0.706449 0.213838 -0.555415
v -0.665967 0.225335 -0.687057
v -0.554316 0.240120 -0.808056
v -0.369162 0.262588 -0.924432
v -0.180493 0.248279 -0.987541
v 0.001686 0.526189 0.870931
v -0.276795 0.532986 0.838289
v -0.476367 0.505731 0.782481
v -0.607037 0.489472 0.700419
v -0.663251 0.461773 0.567969
v -0.766720 0.201375 0.437001
v -0.963425 -0.281299 0.148239
v -0.885513 -0.250800 0.113139
v -0.883025 -0.153071 -0.048350
v -0.790825 0.133589 -0.203052
v -0.753701 0.365727 -0.385209
v -0.701449 0.407116 -0.529436
v -0.648088 0.394141 -0.641331
v -0.560959 0.370864 -0.726187
v -0.394867 0.382630 -0.821054
v -0.185207 0.426900 -0.893131
v 0.001035 0.436303 -0.927513
v -1.290777 0.491523 0.249528
v -1.163276 0.897878 0.139277
v -0.938759 -1.192656 0.419006
v -0.946975 -0.698747 0.468974
v -1.674243 -0.680040 0.202960
v -0.892389 -1.542903 0.337715
v -1.512442 -0.663759 0.275304
v -0.767821 -1.702579 0.229689
v -1.284340 -0.603269 0.309429
v -0.511055 -1.619270 0.105087
v -0.693781 0.198095 0.381361
v -0.269693 -1.304102 -0.018958
v -0.642046 0.086502 0.381712
v -0.762787 1.111394 0.017916
v -0.826269 -0.233885 0.431936
v -0.633740 0.183862 0.383696
v -0.976406 -0.224994 0.341982
v -0.441739 -1.565429 0.190551
v -0.645769 -1.603749 0.344307
v -0.637072 0.352784 0.485003
v -0.799777 0.309926 0.482048
v -0.244569 -1.283195 0.027804
v -0.620043 0.149924 0.515500
v -0.722596 1.118125 0.047131
v -0.719909 -0.150812 0.561138
v -1.079464 0.965274 0.189321
v -0.814242 -0.568842 0.607508
v -1.159038 0.726160 0.334232
v -0.822707 -1.033066 0.565012
v -1.194790 0.369045 0.375143
v -0.749122 -1.392878 0.472508
v -1.038416 0.351174 0.409602
v -0.612863 0.263761 0.501729
v -0.720765 0.336840 0.479311
v 0.002656 0.982839 0.599119
v -0.398521 0.996181 0.586498
v -0.618278 0.970455 0.551783
v -0.874042 0.898668 0.495040
v -1.055427 0.751283 0.429695
v -1.301574 0.216390 0.307566
v -1.546211 -0.221642 0.150856
v -1.533397 -0.294156 -0.043479
v -1.456464 -0.061713 -0.157202
v -1.304586 0.272291 -0.292266
v -1.192178 0.649389 -0.403439
v -1.024380 0.953169 -0.478777
v -0.704745 1.014275 -0.550134
v -0.472697 1.032508 -0.592274
v -0.305233 1.041610 -0.614779
v -0.120186 1.040146 -0.636656
v 0.002678 1.018080 -0.648801
v -1.507517 -0.096376 0.172543
v -1.187793 0.548239 0.355054
v 0.000000 2.788319 -0.658663
v 0.000000 2.461223 -0.985759
v 0.000000 2.033852 -1.162782
v 0.000000 1.802560 -1.185562
v 0.000000 1.571268 -1.162782
v 0.000000 1.122955 -0.973303
v 0.000000 2.988122 0.000000
v 0.000000 2.965342 0.231292
v 0.000000 2.897877 0.453695
v 0.000000 2.788319 0.658663
v 0.000000 2.640861 0.838323
v 0.000000 2.452968 0.987562
v 0.000000 2.240487 1.098761
v 0.000000 2.023241 1.165099
v 0.000000 1.935928 1.185780
v 0.000000 1.571268 1.162782
v 0.000000 1.348865 1.095317
v 0.000000 1.143950 0.985753
v 0.000000 0.969191 0.837774
v 0.000000 0.818724 0.658451
v 0.000000 0.707243 0.453695
v 0.000000 0.639778 0.231292
v -0.045123 2.965342 0.226847
v -0.088512 2.897877 0.444977
v -0.128499 2.788319 0.646007
v -0.160878 2.634260 0.823657
v -0.277802 2.402879 0.974599
v -0.188798 2.200146 1.076993
v -0.209077 1.997247 1.139910
v -0.304540 1.927568 1.174625
v -0.219079 1.574829 1.142859
v -0.213686 1.348865 1.074270
v -0.187712 1.157202 0.965352
v -0.153658 0.968462 0.819060
v -0.123720 0.830621 0.644484
v -0.088512 0.707243 0.444977
v -0.045123 0.639778 0.226847
v -0.088511 2.965342 0.213686
v -0.173622 2.897877 0.419159
v -0.252059 2.788319 0.608525
v -0.314883 2.626184 0.777716
v -0.315406 2.455940 0.888413
v -0.276089 2.217479 0.761139
v -0.330240 1.968712 0.875799
v -0.409015 1.866941 1.051652
v -0.423003 1.582256 1.080514
v -0.418822 1.349841 1.011833
v -0.366784 1.174118 0.907393
v -0.303094 0.968538 0.768052
v -0.243633 0.841172 0.605840
v -0.173620 0.707249 0.419159
v -0.088511 0.639778 0.213686
v -0.128499 2.965342 0.192312
v -0.252059 2.897877 0.377234
v -0.365934 2.788319 0.547658
v -0.460035 2.626723 0.700129
v -0.492321 2.497012 0.745269
v -0.619064 2.258930 0.559942
v -0.632489 2.012549 0.645351
v -0.684154 1.892428 0.858930
v -0.676357 1.622594 0.944562
v -0.609556 1.352819 0.909552
v -0.537923 1.172052 0.816526
v -0.458885 0.974181 0.668662
v -0.349555 0.860395 0.538492
v -0.252059 0.707244 0.377234
v -0.128499 0.639778 0.192312
v -0.163548 2.965342 0.163548
v -0.320811 2.897877 0.320811
v -0.465745 2.788319 0.465745
v -0.590517 2.635265 0.594007
v -0.678971 2.443710 0.675055
v -0.762341 2.261494 0.647709
v -0.797647 2.053292 0.724731
v -0.770822 1.928684 0.810709
v -0.847225 1.680770 0.792388
v -0.777683 1.357179 0.771735
v -0.692715 1.154314 0.696095
v -0.563206 0.974036 0.557147
v -0.442260 0.863032 0.455615
v -0.320811 0.707243 0.320811
v -0.163548 0.639778 0.163548
v 0.000000 0.614108 -0.000240
v -0.192312 2.965342 0.128499
v -0.377234 2.897877 0.252059
v -0.547658 2.788319 0.365933
v -0.697037 2.640879 0.465745
v -0.817142 2.455059 0.549004
v -0.890615 2.256155 0.612200
v -0.918685 2.056357 0.659931
v -0.967749 1.871564 0.653220
v -0.976687 1.603892 0.636165
v -0.910722 1.348865 0.608525
v -0.814031 1.146203 0.549027
v -0.634775 0.960104 0.446940
v -0.531912 0.830121 0.366516
v -0.377234 0.707243 0.252059
v -0.192312 0.639778 0.128499
v -0.213686 2.965342 0.088511
v -0.419159 2.897877 0.173621
v -0.608525 2.788319 0.252059
v -0.774506 2.640879 0.320811
v -0.910722 2.461223 0.377233
v -1.011940 2.256255 0.419159
v -1.071960 2.035213 0.445644
v -1.095148 1.802659 0.453743
v -1.074270 1.571268 0.444977
v -1.011940 1.348865 0.419159
v -0.910722 1.143897 0.377233
v -0.755950 0.971887 0.325350
v -0.608288 0.816899 0.252117
v -0.419159 0.707243 0.173621
v -0.213686 0.639778 0.088511
v -0.226847 2.965342 0.045123
v -0.444977 2.897877 0.088511
v -0.646007 2.788319 0.128499
v -0.822211 2.640879 0.163548
v -0.966817 2.461223 0.192312
v -1.074270 2.256255 0.213686
v -1.140439 2.033852 0.226847
v -1.162781 1.802560 0.231291
v -1.140439 1.571268 0.226847
v -1.074270 1.348865 0.213686
v -0.966817 1.143897 0.192312
v -0.822211 0.964241 0.163548
v -0.646007 0.816801 0.128499
v -0.444977 0.707243 0.088511
v -0.226847 0.639778 0.045123
v -0.231292 2.965342 -0.000000
v -0.453695 2.897877 -0.000000
v -0.658663 2.788319 -0.000000
v -0.838319 2.640879 -0.000000
v -0.985759 2.461223 -0.000000
v -1.095316 2.256255 -0.000000
v -1.162782 2.033852 -0.000000
v -1.185561 1.802560 -0.000001
v -1.162782 1.571268 -0.000000
v -1.095316 1.348865 -0.000000
v -0.985759 1.143897 -0.000000
v -0.838319 0.964241 -0.000000
v -0.658663 0.816801 -0.000000
v -0.453695 0.707243 -0.000000
v -0.231292 0.639778 -0.000000
v -0.226847 2.965342 -0.045123
v -0.444977 2.897877 -0.088512
v -0.646007 2.788319 -0.128499
v -0.822211 2.640879 -0.163548
v -0.966817 2.461223 -0.192312
v -1.074270 2.256255 -0.213686
v -1.140439 2.033852 -0.226848
v -1.162781 1.802560 -0.231292
v -1.140439 1.571268 -0.226848
v -1.074270 1.348865 -0.213686
v -0.966817 1.143897 -0.192312
v -0.822211 0.964241 -0.163548
v -0.646007 0.816801 -0.128499
v -0.444977 0.707243 -0.088512
v -0.226848 0.639763 -0.045124
v -0.213685 2.965342 -0.088511
v -0.419159 2.897877 -0.173622
v -0.608525 2.788319 -0.252059
v -0.774506 2.640879 -0.320811
v -0.910722 2.461223 -0.377234
v -1.011940 2.256255 -0.419159
v -1.074270 2.033852 -0.444978
v -1.095315 1.802560 -0.453695
v -1.074270 1.571268 -0.444978
v -1.011940 1.348865 -0.419159
v -0.910722 1.143897 -0.377234
v -0.774506 0.964241 -0.320811
v -0.608525 0.816801 -0.252059
v -0.419159 0.707243 -0.173622
v -0.213751 0.638630 -0.088607
v -0.192312 2.965342 -0.128499
v -0.377233 2.897877 -0.252059
v -0.547658 2.788319 -0.365933
v -0.697037 2.640879 -0.465745
v -0.819628 2.461223 -0.547658
v -0.910722 2.256255 -0.608525
v -0.966817 2.033852 -0.646007
v -0.985758 1.802560 -0.658663
v -0.966817 1.571268 -0.646007
v -0.910722 1.348865 -0.608525
v -0.819628 1.143897 -0.547658
v -0.697037 0.964241 -0.465745
v -0.547658 0.816801 -0.365933
v -0.377104 0.706630 -0.251760
v -0.192301 0.635003 -0.128294
v -0.163548 2.965342 -0.163548
v -0.320811 2.897877 -0.320811
v -0.465745 2.788319 -0.465745
v -0.592781 2.640879 -0.592781
v -0.697036 2.461223 -0.697037
v -0.774506 2.256255 -0.774506
v -0.822210 2.033852 -0.822211
v -0.838318 1.802560 -0.838319
v -0.822210 1.571268 -0.822211
v -0.774506 1.348865 -0.774506
v -0.697036 1.143897 -0.697037
v -0.592781 0.964241 -0.592781
v -0.463863 0.813471 -0.463433
v -0.314367 0.690424 -0.313184
v -0.162634 0.627227 -0.161126
v -0.128499 2.965342 -0.192312
v -0.252059 2.897877 -0.377234
v -0.365933 2.788319 -0.547658
v -0.465745 2.640879 -0.697037
v -0.547658 2.461223 -0.819628
v -0.608525 2.256255 -0.910722
v -0.646007 2.033852 -0.966818
v -0.658662 1.802560 -0.985758
v -0.646007 1.571268 -0.966818
v -0.608525 1.348865 -0.910722
v -0.547658 1.143897 -0.819628
v -0.464423 0.961186 -0.694616
v -0.344294 0.779067 -0.526795
v -0.231113 0.655472 -0.354471
v -0.125450 0.615874 -0.186162
v -0.088511 2.965342 -0.213685
v -0.173621 2.897877 -0.419159
v -0.252059 2.788319 -0.608525
v -0.320811 2.640879 -0.774506
v -0.377233 2.461223 -0.910722
v -0.419159 2.256255 -1.011940
v -0.444977 2.033852 -1.074270
v -0.453694 1.802560 -1.095316
v -0.444977 1.571268 -1.074270
v -0.419159 1.348865 -1.011940
v -0.377219 1.143859 -0.910690
v -0.301314 0.930873 -0.752764
v -0.193061 0.713259 -0.556356
v -0.126875 0.608777 -0.376758
v -0.080860 0.602844 -0.203083
v -0.045123 2.965342 -0.226847
v -0.088511 2.897877 -0.444977
v -0.128498 2.788319 -0.646006
v -0.163548 2.640879 -0.822211
v -0.192312 2.461223 -0.966817
v -0.213686 2.256255 -1.074270
v -0.226847 2.033852 -1.140439
v -0.231291 1.802560 -1.162781
v -0.226847 1.571268 -1.140439
v -0.213686 1.348865 -1.074270
v -0.189707 1.136920 -0.960983
v -0.102343 0.872668 -0.769722
v 0.001190 0.635730 -0.553437
v -0.005818 0.563708 -0.384541
v -0.029529 0.590855 -0.212073
v 0.000000 2.965342 -0.231291
v 0.000000 2.897877 -0.453695
v 0.000000 2.640879 -0.838319
v 0.000000 2.256255 -1.095316
v 0.000000 1.348865 -1.095316
v 0.000000 0.830393 -0.760213
v 0.000000 0.603575 -0.550924
v 0.000000 0.549534 -0.386007
v 0.000000 0.584420 -0.214182
v -0.455134 2.417525 0.613945
v -0.455134 2.325953 0.522372
v -0.455134 2.206308 0.472813
v -0.455134 2.141556 0.466436
v -0.455134 2.076804 0.472813
v -0.455134 1.957159 0.522372
v -0.442501 2.467084 0.734834
v -0.430354 2.448197 0.673767
v -0.419160 2.417525 0.617488
v -0.409347 2.376249 0.568158
v -0.401295 2.325953 0.527675
v -0.395311 2.268571 0.497593
v -0.391626 2.206308 0.479068
v -0.390382 2.141556 0.472813
v -0.391626 2.076804 0.479068
v -0.395311 2.014541 0.497593
v -0.401295 1.957159 0.527675
v -0.409347 1.906863 0.568158
v -0.419160 1.865587 0.617488
v -0.430354 1.834915 0.673767
v -0.442501 1.816028 0.734834
v -0.430354 2.467084 0.738519
v -0.406527 2.448197 0.680995
v -0.384568 2.417525 0.627981
v -0.365321 2.376249 0.581514
v -0.349525 2.325953 0.543379
v -0.337787 2.268571 0.515042
v -0.330559 2.206308 0.497593
v -0.328119 2.141556 0.491701
v -0.330559 2.076804 0.497593
v -0.337787 2.014541 0.515042
v -0.349525 1.957159 0.543379
v -0.365321 1.906863 0.581514
v -0.384568 1.865587 0.627981
v -0.406527 1.834915 0.680995
v -0.430354 1.816028 0.738519
v -0.419160 2.467084 0.744503
v -0.384568 2.448197 0.692733
v -0.352688 2.417525 0.645021
v -0.324745 2.376249 0.603202
v -0.301813 2.325953 0.568881
v -0.284773 2.268571 0.543379
v -0.274280 2.206308 0.527675
v -0.270737 2.141556 0.522372
v -0.274280 2.076804 0.527675
v -0.284773 2.014541 0.543379
v -0.301813 1.957159 0.568881
v -0.324745 1.906863 0.603202
v -0.352688 1.865587 0.645021
v -0.384568 1.834915 0.692733
v -0.419160 1.816028 0.744503
v -0.409347 2.467084 0.752555
v -0.365321 2.448197 0.708529
v -0.324745 2.417525 0.667953
v -0.289181 2.376249 0.632389
v -0.259994 2.325953 0.603202
v -0.238306 2.268571 0.581514
v -0.224951 2.206308 0.568158
v -0.220441 2.141556 0.563649
v -0.224951 2.076804 0.568158
v -0.238306 2.014541 0.581514
v -0.259994 1.957159 0.603202
v -0.289181 1.906863 0.632389
v -0.324745 1.865587 0.667953
v -0.365321 1.834915 0.708529
v -0.409347 1.816028 0.752555
v -0.401295 2.467084 0.762367
v -0.349525 2.448197 0.727776
v -0.301813 2.417525 0.695896
v -0.259994 2.376249 0.667953
v -0.225674 2.325953 0.645021
v -0.200171 2.268571 0.627981
v -0.184467 2.206308 0.617488
v -0.179164 2.141556 0.613945
v -0.184467 2.076804 0.617488
v -0.200171 2.014541 0.627981
v -0.225674 1.957159 0.645021
v -0.259994 1.906863 0.667953
v -0.301813 1.865587 0.695896
v -0.349525 1.834915 0.727776
v -0.401295 1.816028 0.762367
v -0.455134 2.473462 0.798342
v -0.395311 2.467084 0.773562
v -0.337787 2.448197 0.749735
v -0.284773 2.417525 0.727776
v -0.238306 2.376249 0.708529
v -0.200171 2.325953 0.692733
v -0.171835 2.268571 0.680995
v -0.154385 2.206308 0.673767
v -0.148493 2.141556 0.671327
v -0.154385 2.076804 0.673767
v -0.171835 2.014541 0.680995
v -0.200171 1.957159 0.692733
v -0.238306 1.906863 0.708529
v -0.284773 1.865587 0.727776
v -0.337787 1.834915 0.749735
v -0.395311 1.816028 0.773562
v -0.391626 2.467084 0.785709
v -0.330560 2.448197 0.773562
v -0.274280 2.417525 0.762367
v -0.224951 2.376249 0.752555
v -0.184467 2.325953 0.744503
v -0.154385 2.268571 0.738519
v -0.135861 2.206308 0.734834
v -0.129606 2.141556 0.733590
v -0.135861 2.076804 0.734834
v -0.154385 2.014541 0.738519
v -0.184467 1.957159 0.744503
v -0.224951 1.906863 0.752555
v -0.274280 1.865587 0.762367
v -0.330560 1.834915 0.773562
v -0.391626 1.816028 0.785709
v -0.390382 2.467084 0.798342
v -0.328119 2.448197 0.798342
v -0.270737 2.417525 0.798342
v -0.220441 2.376249 0.798342
v -0.179164 2.325953 0.798342
v -0.148493 2.268571 0.798342
v -0.129606 2.206308 0.798342
v -0.123228 2.141556 0.798342
v -0.129606 2.076804 0.798342
v -0.148493 2.014541 0.798342
v -0.179164 1.957159 0.798342
v -0.220441 1.906863 0.798342
v -0.270737 1.865587 0.798342
v -0.328119 1.834915 0.798342
v -0.390382 1.816028 0.798342
v -0.391626 2.467084 0.810974
v -0.330560 2.448197 0.823121
v -0.274280 2.417525 0.834316
v -0.224951 2.376249 0.844128
v -0.184467 2.325953 0.852180
v -0.154385 2.268571 0.858164
v -0.135861 2.206308 0.861849
v -0.129606 2.141556 0.863093
v -0.135861 2.076804 0.861849
v -0.154385 2.014541 0.858164
v -0.184467 1.957159 0.852180
v -0.224951 1.906863 0.844128
v -0.274280 1.865587 0.834316
v -0.330560 1.834915 0.823121
v -0.391626 1.816028 0.810974
v -0.395311 2.467084 0.823121
v -0.337787 2.448197 0.846948
v -0.284773 2.417525 0.868907
v -0.238306 2.376249 0.888155
v -0.200171 2.325953 0.903950
v -0.171835 2.268571 0.915688
v -0.154385 2.206308 0.922916
v -0.148493 2.141556 0.925356
v -0.154385 2.076804 0.922916
v -0.171835 2.014541 0.915688
v -0.200171 1.957159 0.903950
v -0.238306 1.906863 0.888155
v -0.284773 1.865587 0.868907
v -0.337787 1.834915 0.846948
v -0.395311 1.816028 0.823121
v -0.401295 2.467084 0.834316
v -0.349525 2.448197 0.868907
v -0.301813 2.417525 0.900787
v -0.259994 2.376249 0.928730
v -0.225674 2.325953 0.951662
v -0.200171 2.268571 0.968702
v -0.184467 2.206308 0.979195
v -0.179164 2.141556 0.982738
v -0.184467 2.076804 0.979195
v -0.200171 2.014541 0.968702
v -0.225674 1.957159 0.951662
v -0.259994 1.906863 0.928730
v -0.301813 1.865587 0.900787
v -0.349525 1.834915 0.868907
v -0.401295 1.816028 0.834316
v -0.409347 2.467084 0.844128
v -0.365321 2.448197 0.888155
v -0.324746 2.417525 0.928730
v -0.289181 2.376249 0.964294
v -0.259994 2.325953 0.993481
v -0.238306 2.268571 1.015169
v -0.224951 2.206308 1.028525
v -0.220441 2.141556 1.033034
v -0.224951 2.076804 1.028525
v -0.238306 2.014541 1.015169
v -0.259994 1.957159 0.993481
v -0.289181 1.906863 0.964294
v -0.324746 1.865587 0.928730
v -0.365321 1.834915 0.888155
v -0.409347 1.816028 0.844128
v -0.419160 2.467084 0.852180
v -0.384568 2.448197 0.903950
v -0.352688 2.417525 0.951662
v -0.324745 2.376249 0.993481
v -0.301813 2.325953 1.027802
v -0.284773 2.268571 1.053304
v -0.274280 2.206308 1.069008
v -0.270737 2.141556 1.074311
v -0.274280 2.076804 1.069008
v -0.284773 2.014541 1.053304
v -0.301813 1.957159 1.027802
v -0.324745 1.906863 0.993481
v -0.352688 1.865587 0.951662
v -0.384568 1.834915 0.903950
v -0.419160 1.816028 0.852180
v -0.430354 2.467084 0.858164
v -0.406527 2.448197 0.915688
v -0.384568 2.417525 0.968702
v -0.365321 2.376249 1.015169
v -0.349525 2.325953 1.053304
v -0.337787 2.268571 1.081640
v -0.330560 2.206308 1.099090
v -0.328119 2.141556 1.104982
v -0.330560 2.076804 1.099090
v -0.337787 2.014541 1.081640
v -0.349525 1.957159 1.053304
v -0.365321 1.906863 1.015169
v -0.384568 1.865587 0.968702
v -0.406527 1.834915 0.915688
v -0.430354 1.816028 0.858164
v -0.442501 2.467084 0.861849
v -0.430354 2.448197 0.922916
v -0.419160 2.417525 0.979195
v -0.409347 2.376249 1.028525
v -0.401295 2.325953 1.069008
v -0.395311 2.268571 1.099090
v -0.391626 2.206308 1.117615
v -0.390382 2.141556 1.123869
v -0.391626 2.076804 1.117615
v -0.395311 2.014541 1.099090
v -0.401295 1.957159 1.069008
v -0.409347 1.906863 1.028525
v -0.419160 1.865587 0.979195
v -0.430354 1.834915 0.922916
v -0.442501 1.816028 0.861849
v -0.455134 2.467084 0.863093
v -0.455134 2.448197 0.925356
v -0.455134 2.417525 0.982738
v -0.455134 2.376249 1.033034
v -0.455134 2.325953 1.074311
v -0.455134 2.268571 1.104982
v -0.455134 2.206308 1.123869
v -0.455134 2.141556 1.130247
v -0.455134 2.076804 1.123869
v -0.455134 2.014541 1.104982
v -0.455134 1.957159 1.074311
v -0.455134 1.906863 1.033034
v -0.455134 1.865587 0.982738
v -0.455134 1.834915 0.925356
v -0.455134 1.816028 0.863093
v -0.467766 2.467084 0.861849
v -0.479913 2.448197 0.922916
v -0.491108 2.417525 0.979195
v -0.500920 2.376249 1.028525
v -0.508973 2.325953 1.069008
v -0.514956 2.268571 1.099090
v -0.518641 2.206308 1.117615
v -0.519885 2.141556 1.123869
v -0.518641 2.076804 1.117615
v -0.514956 2.014541 1.099090
v -0.508973 1.957159 1.069008
v -0.500920 1.906863 1.028525
v -0.491108 1.865587 0.979195
v -0.479913 1.834915 0.922916
v -0.467766 1.816028 0.861849
v -0.479913 2.467084 0.858164
v -0.503740 2.448197 0.915688
v -0.525699 2.417525 0.968702
v -0.544947 2.376249 1.015169
v -0.560743 2.325953 1.053304
v -0.572480 2.268571 1.081640
v -0.579708 2.206308 1.099090
v -0.582148 2.141556 1.104982
v -0.579708 2.076804 1.099090
v -0.572480 2.014541 1.081640
v -0.560743 1.957159 1.053304
v -0.544947 1.906863 1.015169
v -0.525699 1.865587 0.968702
v -0.503740 1.834915 0.915688
v -0.479913 1.816028 0.858164
v -0.491108 2.467084 0.852180
v -0.525699 2.448197 0.903950
v -0.557579 2.417525 0.951662
v -0.585522 2.376249 0.993481
v -0.608454 2.325953 1.027802
v -0.625494 2.268571 1.053304
v -0.635987 2.206308 1.069008
v -0.639531 2.141556 1.074311
v -0.635987 2.076804 1.069008
v -0.625494 2.014541 1.053304
v -0.608454 1.957159 1.027802
v -0.585522 1.906863 0.993481
v -0.557579 1.865587 0.951662
v -0.525699 1.834915 0.903950
v -0.491108 1.816028 0.852180
v -0.500920 2.467084 0.844128
v -0.544947 2.448197 0.888154
v -0.585522 2.417525 0.928730
v -0.621086 2.376249 0.964294
v -0.650273 2.325953 0.993481
v -0.671961 2.268571 1.015169
v -0.685317 2.206308 1.028525
v -0.689826 2.141556 1.033034
v -0.685317 2.076804 1.028525
v -0.671961 2.014541 1.015169
v -0.650273 1.957159 0.993481
v -0.621086 1.906863 0.964294
v -0.585522 1.865587 0.928730
v -0.544947 1.834915 0.888154
v -0.500920 1.816028 0.844128
v -0.455134 1.809650 0.798342
v -0.508973 2.467084 0.834316
v -0.560743 2.448197 0.868907
v -0.608454 2.417525 0.900787
v -0.650273 2.376249 0.928730
v -0.684594 2.325953 0.951662
v -0.710096 2.268571 0.968702
v -0.725800 2.206308 0.979195
v -0.731103 2.141556 0.982738
v -0.725800 2.076804 0.979195
v -0.710096 2.014541 0.968702
v -0.684594 1.957159 0.951662
v -0.650273 1.906863 0.928730
v -0.608454 1.865587 0.900787
v -0.560743 1.834915 0.868907
v -0.508973 1.816028 0.834316
v -0.514956 2.467084 0.823121
v -0.572480 2.448197 0.846948
v -0.625494 2.417525 0.868907
v -0.671961 2.376249 0.888155
v -0.710096 2.325953 0.903950
v -0.738433 2.268571 0.915688
v -0.755882 2.206308 0.922916
v -0.761774 2.141556 0.925356
v -0.755882 2.076804 0.922916
v -0.738433 2.014541 0.915688
v -0.710096 1.957159 0.903950
v -0.671961 1.906863 0.888155
v -0.625494 1.865587 0.868907
v -0.572480 1.834915 0.846948
v -0.514956 1.816028 0.823121
v -0.518641 2.467084 0.810974
v -0.579708 2.448197 0.823121
v -0.635987 2.417525 0.834315
v -0.685317 2.376249 0.844128
v -0.725800 2.325953 0.852180
v -0.755882 2.268571 0.858164
v -0.774407 2.206308 0.861849
v -0.780661 2.141556 0.863093
v -0.774407 2.076804 0.861849
v -0.755882 2.014541 0.858164
v -0.725800 1.957159 0.852180
v -0.685317 1.906863 0.844128
v -0.635987 1.865587 0.834315
v -0.579708 1.834915 0.823121
v -0.518641 1.816028 0.810974
v -0.519885 2.467084 0.798342
v -0.582148 2.448197 0.798342
v -0.639530 2.417525 0.798341
v -0.689826 2.376249 0.798342
v -0.731103 2.325953 0.798341
v -0.761774 2.268571 0.798342
v -0.780662 2.206308 0.798341
v -0.787039 2.141556 0.798341
v -0.780662 2.076804 0.798341
v -0.761774 2.014541 0.798342
v -0.731103 1.957159 0.798341
v -0.689826 1.906863 0.798342
v -0.639530 1.865587 0.798341
v -0.582148 1.834915 0.798342
v -0.519885 1.816028 0.798342
v -0.518641 2.467084 0.785709
v -0.579708 2.448197 0.773562
v -0.635987 2.417525 0.762367
v -0.685317 2.376249 0.752555
v -0.725800 2.325953 0.744503
v -0.755882 2.268571 0.738519
v -0.774407 2.206308 0.734834
v -0.780661 2.141556 0.733590
v -0.774407 2.076804 0.734834
v -0.755882 2.014541 0.738519
v -0.725800 1.957159 0.744503
v -0.685317 1.906863 0.752555
v -0.635987 1.865587 0.762367
v -0.579708 1.834915 0.773562
v -0.518641 1.816028 0.785709
v -0.514956 2.467084 0.773562
v -0.572480 2.448197 0.749735
v -0.625494 2.417525 0.727776
v -0.671961 2.376249 0.708529
v -0.710096 2.325953 0.692733
v -0.738433 2.268571 0.680995
v -0.755882 2.206308 0.673767
v -0.761774 2.141556 0.671327
v -0.755882 2.076804 0.673767
v -0.738433 2.014541 0.680995
v -0.710096 1.957159 0.692733
v -0.671961 1.906863 0.708529
v -0.625494 1.865587 0.727776
v -0.572480 1.834915 0.749735
v -0.514956 1.816028 0.773562
v -0.508973 2.467084 0.762367
v -0.560743 2.448197 0.727776
v -0.608454 2.417525 0.695896
v -0.650273 2.376249 0.667953
v -0.684594 2.325953 0.645021
v -0.710096 2.268571 0.627981
v -0.725800 2.206308 0.617488
v -0.731103 2.141556 0.613945
v -0.725800 2.076804 0.617488
v -0.710096 2.014541 0.627981
v -0.684594 1.957159 0.645021
v -0.650273 1.906863 0.667953
v -0.608454 1.865587 0.695896
v -0.560743 1.834915 0.727776
v -0.508973 1.816028 0.762367
v -0.500920 2.467084 0.752555
v -0.544947 2.448197 0.708529
v -0.585522 2.417525 0.667953
v -0.621086 2.376249 0.632389
v -0.650273 2.325953 0.603202
v -0.671961 2.268571 0.581514
v -0.685317 2.206308 0.568159
v -0.689826 2.141556 0.563649
v -0.685317 2.076804 0.568159
v -0.671961 2.014541 0.581514
v -0.650273 1.957159 0.603202
v -0.621086 1.906863 0.632389
v -0.585522 1.865587 0.667953
v -0.544947 1.834915 0.708529
v -0.500920 1.816028 0.752555
v -0.491108 2.467084 0.744503
v -0.525699 2.448197 0.692733
v -0.557579 2.417525 0.645021
v -0.585522 2.376249 0.603202
v -0.608454 2.325953 0.568882
v -0.625494 2.268571 0.543379
v -0.635987 2.206308 0.527675
v -0.639530 2.141556 0.522372
v -0.635987 2.076804 0.527675
v -0.625494 2.014541 0.543379
v -0.608454 1.957159 0.568882
v -0.585522 1.906863 0.603202
v -0.557579 1.865587 0.645021
v -0.525699 1.834915 0.692733
v -0.491108 1.816028 0.744503
v -0.479913 2.467084 0.738519
v -0.503740 2.448197 0.680995
v -0.525699 2.417525 0.627981
v -0.544947 2.376249 0.581514
v -0.560742 2.325953 0.543379
v -0.572480 2.268571 0.515043
v -0.579708 2.206308 0.497593
v -0.582148 2.141556 0.491701
v -0.579708 2.076804 0.497593
v -0.572480 2.014541 0.515043
v -0.560742 1.957159 0.543379
v -0.544947 1.906863 0.581514
v -0.525699 1.865587 0.627981
v -0.503740 1.834915 0.680995
v -0.479913 1.816028 0.738519
v -0.467766 2.467084 0.734834
v -0.479913 2.448197 0.673767
v -0.491108 2.417525 0.617488
v -0.500920 2.376249 0.568158
v -0.508973 2.325953 0.527675
v -0.514956 2.268571 0.497593
v -0.518641 2.206308 0.479069
v -0.519885 2.141556 0.472814
v -0.518641 2.076804 0.479069
v -0.514956 2.014541 0.497593
v -0.508973 1.957159 0.527675
v -0.500920 1.906863 0.568158
v -0.491108 1.865587 0.617488
v -0.479913 1.834915 0.673767
v -0.467766 1.816028 0.734834
v -0.455134 2.467084 0.733590
v -0.455134 2.448197 0.671327
v -0.455134 2.376249 0.563649
v -0.455134 2.268571 0.491701
v -0.455134 2.014541 0.491701
v -0.455134 1.906863 0.563649
v -0.455134 1.865587 0.613945
v -0.455134 1.834915 0.671327
v -0.455134 1.816028 0.733590
v 0.519990 1.132828 0.114699
v 0.535559 1.088025 0.311494
v 0.439894 1.036060 0.503933
v 0.359924 0.943860 0.667317
v 0.305367 0.791569 0.768717
v 0.285529 0.623153 0.821680
v 0.275436 0.429547 0.856005
v 0.255812 0.199818 0.889776
v 0.228464 -0.046162 0.910719
v 0.198989 -0.296420 0.889689
v 0.186264 -0.531164 0.819869
v 0.211216 -0.732516 0.714129
v 0.205188 -0.865924 0.568725
v 0.168841 -0.997984 0.372784
v 0.119150 -1.077019 0.137009
v 0.586713 1.129723 0.103258
v 0.693256 1.072859 0.289113
v 0.658648 1.005746 0.471602
v 0.581334 0.921050 0.630265
v 0.522515 0.770178 0.725255
v 0.491687 0.598129 0.771409
v 0.465070 0.404659 0.794234
v 0.433950 0.186150 0.816751
v 0.403959 -0.051187 0.838172
v 0.377491 -0.301321 0.831795
v 0.374021 -0.574085 0.781478
v 0.387955 -0.835896 0.686198
v 0.324772 -1.024163 0.538560
v 0.242208 -1.158752 0.344091
v 0.159124 -1.143359 0.117698
v 0.645583 1.124345 0.085402
v 0.870057 1.049100 0.255437
v 0.914047 0.943894 0.423469
v 0.833711 0.845010 0.565095
v 0.713347 0.726718 0.655095
v 0.635917 0.577142 0.695977
v 0.583718 0.399060 0.705032
v 0.553179 0.193554 0.716593
v 0.545376 -0.058146 0.739929
v 0.550008 -0.361525 0.758851
v 0.564031 -0.706807 0.723173
v 0.528666 -1.026009 0.628743
v 0.429084 -1.272052 0.482392
v 0.312738 -1.351315 0.297347
v 0.195721 -1.209984 0.088990
v 0.701176 1.117329 0.061960
v 1.022702 0.992419 0.214317
v 1.087410 0.816167 0.367321
v 1.015119 0.675184 0.490765
v 0.863605 0.600042 0.559663
v 0.707968 0.525339 0.574633
v 0.620450 0.390176 0.568208
v 0.610809 0.175331 0.585176
v 0.659375 -0.103721 0.624595
v 0.728135 -0.487858 0.670328
v 0.747355 -0.921289 0.634425
v 0.662711 -1.280615 0.537404
v 0.563421 -1.521000 0.400447
v 0.396119 -1.515589 0.232984
v 0.229196 -1.265143 0.051521
v 0.750154 1.109460 0.033711
v 1.132815 0.918646 0.166680
v 1.208912 0.618966 0.303971
v 1.407192 -0.122164 0.308086
v 1.220324 -0.177058 0.354257
v 1.010459 -0.109524 0.436191
v 0.641942 0.304862 0.414628
v 0.626377 0.122367 0.452252
v 0.772021 -0.188784 0.503538
v 0.886688 -0.635162 0.550506
v 0.882585 -1.125614 0.502242
v 0.827314 -1.494464 0.413785
v 0.720285 -1.678627 0.293506
v 0.483021 -1.610529 0.152153
v 0.258480 -1.299531 0.006342
v 0.784910 1.102712 0.001616
v 1.195825 0.853197 0.110980
v 1.340759 0.326550 0.168944
v 1.699133 -0.980898 0.182266
v 1.651134 -1.065877 0.171089
v 1.453635 -1.062071 0.206004
v 0.701912 0.128873 0.292613
v 0.649303 0.059187 0.308629
v 0.871274 -0.269504 0.357856
v 1.000574 -0.756958 0.384725
v 0.998618 -1.261949 0.333193
v 0.959541 -1.592889 0.259216
v 0.816873 -1.727295 0.163836
v 0.539983 -1.628289 0.056519
v 0.281265 -1.308818 -0.045066
v 0.801412 1.099339 -0.033165
v 1.220329 0.819195 0.044558
v 1.400399 0.187788 0.006827
v 1.686613 -0.863082 -0.103583
v 1.584858 -1.087415 -0.062020
v 1.338478 -1.040951 -0.104615
v 0.689523 0.037905 0.219393
v 0.691574 0.013529 0.150215
v 0.938744 -0.317981 0.180305
v 1.073571 -0.808297 0.179258
v 1.061646 -1.281249 0.132115
v 0.995517 -1.569650 0.078546
v 0.826169 -1.673780 0.014826
v 0.556934 -1.576213 -0.050921
v 0.295287 -1.293887 -0.100783
v 0.798375 1.100493 -0.069306
v 1.213735 0.836748 -0.043011
v 1.350151 0.247410 -0.078064
v 1.502052 -0.450658 -0.189655
v 1.370959 -0.748318 -0.212099
v 1.041310 -0.245597 -0.146348
v 0.685829 0.076167 -0.007631
v 0.748663 -0.011019 -0.023843
v 0.972761 -0.329644 -0.014423
v 1.083299 -0.762097 -0.043168
v 1.048607 -1.174388 -0.092035
v 0.949458 -1.428546 -0.122521
v 0.779946 -1.529305 -0.149167
v 0.545071 -1.468182 -0.166003
v 0.299192 -1.259705 -0.158483
v 0.777262 1.105728 -0.105196
v 1.174379 0.901853 -0.143085
v 1.277179 0.474046 -0.259166
v 1.299341 0.078631 -0.324998
v 1.145093 -0.039664 -0.344790
v 0.897345 0.003166 -0.177735
v 0.690112 0.197918 -0.198884
v 0.780939 -0.001670 -0.201521
v 0.977310 -0.320234 -0.216993
v 1.051490 -0.662804 -0.265874
v 0.985611 -0.993571 -0.326955
v 0.861974 -1.202331 -0.328253
v 0.723252 -1.321825 -0.308349
v 0.521367 -1.329511 -0.274074
v 0.292477 -1.213547 -0.215509
v 0.739457 1.113124 -0.139306
v 1.092576 0.992327 -0.232731
v 1.199476 0.791804 -0.374166
v 1.159458 0.487551 -0.432270
v 1.004009 0.384636 -0.445146
v 0.827048 0.428192 -0.397318
v 0.697935 0.281361 -0.373350
v 0.778203 0.038867 -0.387871
v 0.924189 -0.271461 -0.431302
v 0.982304 -0.555195 -0.500785
v 0.919493 -0.835006 -0.538989
v 0.785739 -1.045875 -0.502429
v 0.659405 -1.165278 -0.424975
v 0.491406 -1.204004 -0.350748
v 0.275481 -1.163259 -0.267438
v 0.688543 1.120230 -0.170603
v 0.963162 1.062696 -0.292745
v 1.043384 0.999435 -0.429427
v 1.006620 0.892690 -0.527185
v 0.872217 0.691611 -0.529770
v 0.725365 0.488717 -0.520537
v 0.690942 0.323629 -0.540606
v 0.742277 0.088296 -0.569115
v 0.816563 -0.180514 -0.635646
v 0.864664 -0.434184 -0.712891
v 0.859750 -0.716599 -0.710651
v 0.708304 -0.978837 -0.624853
v 0.597560 -1.094827 -0.524612
v 0.439146 -1.120646 -0.425118
v 0.249550 -1.115709 -0.312214
v 0.632680 1.125216 -0.197794
v 0.804335 1.092468 -0.332464
v 0.771119 1.062880 -0.484634
v 0.670672 0.948273 -0.609270
v 0.688131 0.703419 -0.615649
v 0.652709 0.478309 -0.626455
v 0.656831 0.312095 -0.660748
v 0.672477 0.144674 -0.719532
v 0.691080 -0.069331 -0.816957
v 0.741961 -0.353552 -0.906087
v 0.783405 -0.627025 -0.872146
v 0.639653 -0.941300 -0.718934
v 0.531083 -1.063012 -0.594130
v 0.388590 -1.078278 -0.480914
v 0.214457 -1.073195 -0.350188
v 0.575210 1.127822 -0.219694
v 0.621406 1.108847 -0.364411
v 0.518662 1.079818 -0.521933
v 0.455036 0.967083 -0.656849
v 0.531252 0.707995 -0.686085
v 0.562243 0.451391 -0.698719
v 0.562118 0.302650 -0.765031
v 0.543376 0.183784 -0.855754
v 0.542821 0.006023 -0.965472
v 0.616703 -0.311153 -1.042533
v 0.624374 -0.547550 -1.010507
v 0.554595 -0.871784 -0.814220
v 0.457263 -1.013120 -0.638175
v 0.333156 -1.053906 -0.511986
v 0.175365 -1.040115 -0.376389
v 0.507592 1.129057 -0.236144
v 0.465858 1.121045 -0.391508
v 0.347446 1.086531 -0.547094
v 0.281282 0.992133 -0.679595
v 0.335597 0.756506 -0.729529
v 0.397990 0.460989 -0.780569
v 0.387127 0.316421 -0.875069
v 0.356031 0.201971 -0.974536
v 0.350432 0.027653 -1.062349
v 0.398343 -0.243765 -1.109766
v 0.438661 -0.484567 -1.086043
v 0.452623 -0.810190 -0.884901
v 0.366700 -0.957785 -0.659402
v 0.264335 -1.034618 -0.525273
v 0.132413 -1.013822 -0.390134
v 0.427452 1.130619 -0.247184
v 0.308525 1.127404 -0.410243
v 0.169055 1.086825 -0.567977
v 0.087968 0.993701 -0.703978
v 0.128348 0.787466 -0.787238
v 0.184477 0.514320 -0.849771
v 0.188214 0.328749 -0.947421
v 0.176208 0.151676 -1.027615
v 0.168394 -0.053465 -1.086772
v 0.173955 -0.224514 -1.114279
v 0.205406 -0.411551 -1.083539
v 0.267689 -0.704273 -0.939434
v 0.246895 -0.883177 -0.693510
v 0.180555 -0.994063 -0.537162
v 0.084769 -0.992284 -0.392989
v 0.265792 0.316169 0.872947
v 0.448566 0.296358 0.805562
v 0.564743 0.299392 0.710900
v 0.603105 0.291409 0.579260
v 0.612997 0.230222 0.434693
v 0.643136 0.142407 0.337773
v 0.648737 0.072103 0.190543
v 0.682604 0.066035 -0.016316
v 0.701404 0.117546 -0.200661
v 0.711127 0.175226 -0.381675
v 0.699841 0.219258 -0.555415
v 0.662872 0.229958 -0.687057
v 0.553671 0.243925 -0.808056
v 0.369938 0.262963 -0.924432
v 0.181738 0.246038 -0.987541
v 0.279970 0.533729 0.838289
v 0.478340 0.507067 0.782481
v 0.607127 0.491599 0.700419
v 0.660453 0.464030 0.567969
v 0.755798 0.201816 0.437001
v 0.938584 -0.286991 0.148239
v 0.861451 -0.254571 0.113139
v 0.861385 -0.156811 -0.048350
v 0.776359 0.132729 -0.203052
v 0.748303 0.366400 -0.385209
v 0.698679 0.408816 -0.529436
v 0.648257 0.394607 -0.641331
v 0.560864 0.374359 -0.726187
v 0.396601 0.383307 -0.821054
v 0.187405 0.426397 -0.893131
v 1.284898 0.477525 0.249528
v 1.166710 0.886711 0.139277
v 0.938759 -1.192656 0.419006
v 0.943364 -0.695420 0.468974
v 1.639305 -0.703220 0.202960
v 0.892389 -1.542903 0.337715
v 1.477957 -0.682935 0.275304
v 0.767821 -1.702579 0.229689
v 1.251424 -0.616812 0.309429
v 0.511055 -1.619270 0.105087
v 0.684973 0.200711 0.381361
v 0.269693 -1.304102 -0.018958
v 0.633214 0.093350 0.381712
v 0.767401 1.106251 0.017916
v 0.819745 -0.228109 0.431936
v 0.628350 0.188025 0.383696
v 0.952955 -0.231025 0.341982
v 0.441739 -1.565429 0.190551
v 0.645769 -1.603749 0.344307
v 0.632306 0.355987 0.485003
v 0.791449 0.309380 0.482048
v 0.244569 -1.283195 0.027804
v 0.617013 0.154515 0.515499
v 0.727115 1.113424 0.047131
v 0.717310 -0.146601 0.561138
v 1.084092 0.955709 0.189321
v 0.811624 -0.565529 0.607508
v 1.158721 0.715611 0.334232
v 0.822707 -1.033066 0.565012
v 1.185964 0.357367 0.375143
v 0.749122 -1.392878 0.472508
v 1.029218 0.343602 0.409602
v 0.608986 0.267964 0.501729
v 0.713464 0.338118 0.479311
v 0.404463 0.994787 0.586498
v 0.624060 0.967696 0.551783
v 0.878112 0.893806 0.495040
v 1.055912 0.743260 0.429695
v 1.288958 0.202168 0.307566
v 1.522668 -0.241790 0.150856
v 1.508062 -0.313965 -0.043479
v 1.436911 -0.079687 -0.157202
v 1.293354 0.257977 -0.292266
v 1.189958 0.638190 -0.403439
v 1.029456 0.944841 -0.478777
v 0.710479 1.010221 -0.550134
v 0.479551 1.031101 -0.592274
v 0.311374 1.041155 -0.614779
v 0.125679 1.039958 -0.636656
v 1.487089 -0.115604 0.172543
v 1.183258 0.537106 0.355054
v 0.045123 2.965342 0.226847
v 0.088512 2.897877 0.444977
v 0.128499 2.788319 0.646007
v 0.160878 2.634260 0.823657
v 0.277802 2.402879 0.974599
v 0.188798 2.200146 1.076993
v 0.209077 1.997247 1.139910
v 0.304540 1.927568 1.174625
v 0.219079 1.574829 1.142859
v 0.213686 1.348865 1.074270
v 0.187712 1.157202 0.965352
v 0.153658 0.968462 0.819060
v 0.123720 0.830621 0.644484
v 0.088512 0.707243 0.444977
v 0.045123 0.639778 0.226847
v 0.088511 2.965342 0.213686
v 0.173622 2.897877 0.419159
v 0.252059 2.788319 0.608525
v 0.314883 2.626184 0.777716
v 0.315406 2.455940 0.888413
v 0.276089 2.217479 0.761139
v 0.330240 1.968712 0.875799
v 0.409015 1.866941 1.051652
v 0.423003 1.582256 1.080514
v 0.418822 1.349841 1.011833
v 0.366784 1.174118 0.907393
v 0.303094 0.968538 0.768052
v 0.243633 0.841172 0.605840
v 0.173620 0.707249 0.419159
v 0.088511 0.639778 0.213686
v 0.128499 2.965342 0.192312
v 0.252059 2.897877 0.377234
v 0.365934 2.788319 0.547658
v 0.460035 2.626723 0.700129
v 0.492321 2.497012 0.745269
v 0.619064 2.258930 0.559942
v 0.632489 2.012549 0.645351
v 0.684154 1.892428 0.858930
v 0.676357 1.622594 0.944562
v 0.609556 1.352819 0.909552
v 0.537923 1.172052 0.816526
v 0.458885 0.974181 0.668662
v 0.349555 0.860395 0.538492
v 0.252059 0.707244 0.377234
v 0.128499 0.639778 0.192312
v 0.163548 2.965342 0.163548
v 0.320811 2.897877 0.320811
v 0.465745 2.788319 0.465745
v 0.590517 2.635265 0.594007
v 0.678971 2.443710 0.675055
v 0.762341 2.261494 0.647709
v 0.797647 2.053292 0.724731
v 0.770822 1.928684 0.810709
v 0.847225 1.680770 0.792388
v 0.777683 1.357179 0.771735
v 0.692715 1.154314 0.696095
v 0.563206 0.974036 0.557147
v 0.442260 0.863032 0.455615
v 0.320811 0.707243 0.320811
v 0.163548 0.639778 0.163548
v 0.192312 2.965342 0.128499
v 0.377234 2.897877 0.252059
v 0.547658 2.788319 0.365933
v 0.697037 2.640879 0.465745
v 0.817142 2.455059 0.549004
v 0.890615 2.256155 0.612200
v 0.918685 2.056357 0.659931
v 0.967749 1.871564 0.653220
v 0.976687 1.603892 0.636165
v 0.910722 1.348865 0.608525
v 0.814031 1.146203 0.549027
v 0.634775 0.960104 0.446940
v 0.531912 0.830121 0.366516
v 0.377234 0.707243 0.252059
v 0.192312 0.639778 0.128499
v 0.213686 2.965342 0.088511
v 0.419159 2.897877 0.173621
v 0.608525 2.788319 0.252059
v 0.774506 2.640879 0.320811
v 0.910722 2.461223 0.377233
v 1.011940 2.256255 0.419159
v 1.071960 2.035213 0.445644
v 1.095148 1.802659 0.453743
v 1.074270 1.571268 0.444977
v 1.011940 1.348865 0.419159
v 0.910722 1.143897 0.377233
v 0.755950 0.971887 0.325350
v 0.608288 0.816899 0.252117
v 0.419159 0.707243 0.173621
v 0.213686 0.639778 0.088511
v 0.226847 2.965342 0.045123
v 0.444977 2.897877 0.088511
v 0.646007 2.788319 0.128499
v 0.822211 2.640879 0.163548
v 0.966817 2.461223 0.192312
v 1.074270 2.256255 0.213686
v 1.140439 2.033852 0.226847
v 1.162781 1.802560 0.231291
v 1.140439 1.571268 0.226847
v 1.074270 1.348865 0.213686
v 0.966817 1.143897 0.192312
v 0.822211 0.964241 0.163548
v 0.646007 0.816801 0.128499
v 0.444977 0.707243 0.088511
v 0.226847 0.639778 0.045123
v 0.231292 2.965342 -0.000000
v 0.453695 2.897877 -0.000000
v 0.658663 2.788319 -0.000000
v 0.838319 2.640879 -0.000000
v 0.985759 2.461223 -0.000000
v 1.095316 2.256255 -0.000000
v 1.162782 2.033852 -0.000000
v 1.185561 1.802560 -0.000001
v 1.162782 1.571268 -0.000000
v 1.095316 1.348865 -0.000000
v 0.985759 1.143897 -0.000000
v 0.838319 0.964241 -0.000000
v 0.658663 0.816801 -0.000000
v 0.453695 0.707243 -0.000000
v 0.231292 0.639778 -0.000000
v 0.226847 2.965342 -0.045123
v 0.444977 2.897877 -0.088512
v 0.646007 2.788319 -0.128499
v 0.822211 2.640879 -0.163548
v 0.966817 2.461223 -0.192312
v 1.074270 2.256255 -0.213686
v 1.140439 2.033852 -0.226848
v 1.162781 1.802560 -0.231292
v 1.140439 1.571268 -0.226848
v 1.074270 1.348865 -0.213686
v 0.966817 1.143897 -0.192312
v 0.822211 0.964241 -0.163548
v 0.646007 0.816801 -0.128499
v 0.444977 0.707243 -0.088512
v 0.226848 0.639763 -0.045124
v 0.213685 2.965342 -0.088511
v 0.419159 2.897877 -0.173622
v 0.608525 2.788319 -0.252059
v 0.774506 2.640879 -0.320811
v 0.910722 2.461223 -0.377234
v 1.011940 2.256255 -0.419159
v 1.074270 2.033852 -0.444978
v 1.095315 1.802560 -0.453695
v 1.074270 1.571268 -0.444978
v 1.011940 1.348865 -0.419159
v 0.910722 1.143897 -0.377234
v 0.774506 0.964241 -0.320811
v 0.608525 0.816801 -0.252059
v 0.419159 0.707243 -0.173622
v 0.213751 0.638630 -0.088607
v 0.192312 2.965342 -0.128499
v 0.377233 2.897877 -0.252059
v 0.547658 2.788319 -0.365933
v 0.697037 2.640879 -0.465745
v 0.819628 2.461223 -0.547658
v 0.910722 2.256255 -0.608525
v 0.966817 2.033852 -0.646007
v 0.985758 1.802560 -0.658663
v 0.966817 1.571268 -0.646007
v 0.910722 1.348865 -0.608525
v 0.819628 1.143897 -0.547658
v 0.697037 0.964241 -0.465745
v 0.547658 0.816801 -0.365933
v 0.377104 0.706630 -0.251760
v 0.192301 0.635003 -0.128294
v 0.163548 2.965342 -0.163548
v 0.320811 2.897877 -0.320811
v 0.465745 2.788319 -0.465745
v 0.592781 2.640879 -0.592781
v 0.697036 2.461223 -0.697037
v 0.774506 2.256255 -0.774506
v 0.822210 2.033852 -0.822211
v 0.838318 1.802560 -0.838319
v 0.822210 1.571268 -0.822211
v 0.774506 1.348865 -0.774506
v 0.697036 1.143897 -0.697037
v 0.592781 0.964241 -0.592781
v 0.463863 0.813471 -0.463433
v 0.314367 0.690424 -0.313184
v 0.162634 0.627227 -0.161126
v 0.128499 2.965342 -0.192312
v 0.252059 2.897877 -0.377234
v 0.365933 2.788319 -0.547658
v 0.465745 2.640879 -0.697037
v 0.547658 2.461223 -0.819628
v 0.608525 2.256255 -0.910722
v 0.646007 2.033852 -0.966818
v 0.658662 1.802560 -0.985758
v 0.646007 1.571268 -0.966818
v 0.608525 1.348865 -0.910722
v 0.547658 1.143897 -0.819628
v 0.464423 0.961186 -0.694616
v 0.344294 0.779067 -0.526795
v 0.231113 0.655472 -0.354471
v 0.125450 0.615874 -0.186162
v 0.088511 2.965342 -0.213685
v 0.173621 2.897877 -0.419159
v 0.252059 2.788319 -0.608525
v 0.320811 2.640879 -0.774506
v 0.377233 2.461223 -0.910722
v 0.419159 2.256255 -1.011940
v 0.444977 2.033852 -1.074270
v 0.453694 1.802560 -1.095316
v 0.444977 1.571268 -1.074270
v 0.419159 1.348865 -1.011940
v 0.377219 1.143859 -0.910690
v 0.301314 0.930873 -0.752764
v 0.193061 0.713259 -0.556356
v 0.126875 0.608777 -0.376758
v 0.080860 0.602844 -0.203083
v 0.045123 2.965342 -0.226847
v 0.088511 2.897877 -0.444977
v 0.128498 2.788319 -0.646006
v 0.163548 2.640879 -0.822211
v 0.192312 2.461223 -0.966817
v 0.213686 2.256255 -1.074270
v 0.226847 2.033852 -1.140439
v 0.231291 1.802560 -1.162781
v 0.226847 1.571268 -1.140439
v 0.213686 1.348865 -1.074270
v 0.189707 1.136920 -0.960983
v 0.102343 0.872668 -0.769722
v -0.001190 0.635730 -0.553437
v 0.005818 0.563708 -0.384541
v 0.029529 0.590855 -0.212073
v 0.455134 2.417525 0.613945
v 0.455134 2.325953 0.522372
v 0.455134 2.206308 0.472813
v 0.455134 2.141556 0.466436
v 0.455134 2.076804 0.472813
v 0.455134 1.957159 0.522372
v 0.442501 2.467084 0.734834
v 0.430354 2.448197 0.673767
v 0.419160 2.417525 0.617488
v 0.409347 2.376249 0.568158
v 0.401295 2.325953 0.527675
v 0.395311 2.268571 0.497593
v 0.391626 2.206308 0.479068
v 0.390382 2.141556 0.472813
v 0.391626 2.076804 0.479068
v 0.395311 2.014541 0.497593
v 0.401295 1.957159 0.527675
v 0.409347 1.906863 0.568158
v 0.419160 1.865587 0.617488
v 0.430354 1.834915 0.673767
v 0.442501 1.816028 0.734834
v 0.430354 2.467084 0.738519
v 0.406527 2.448197 0.680995
v 0.384568 2.417525 0.627981
v 0.365321 2.376249 0.581514
v 0.349525 2.325953 0.543379
v 0.337787 2.268571 0.515042
v 0.330559 2.206308 0.497593
v 0.328119 2.141556 0.491701
v 0.330559 2.076804 0.497593
v 0.337787 2.014541 0.515042
v 0.349525 1.957159 0.543379
v 0.365321 1.906863 0.581514
v 0.384568 1.865587 0.627981
v 0.406527 1.834915 0.680995
v 0.430354 1.816028 0.738519
v 0.419160 2.467084 0.744503
v 0.384568 2.448197 0.692733
v 0.352688 2.417525 0.645021
v 0.324745 2.376249 0.603202
v 0.301813 2.325953 0.568881
v 0.284773 2.268571 0.543379
v 0.274280 2.206308 0.527675
v 0.270737 2.141556 0.522372
v 0.274280 2.076804 0.527675
v 0.284773 2.014541 0.543379
v 0.301813 1.957159 0.568881
v 0.324745 1.906863 0.603202
v 0.352688 1.865587 0.645021
v 0.384568 1.834915 0.692733
v 0.419160 1.816028 0.744503
v 0.409347 2.467084 0.752555
v 0.365321 2.448197 0.708529
v 0.324745 2.417525 0.667953
v 0.289181 2.376249 0.632389
v 0.259994 2.325953 0.603202
v 0.238306 2.268571 0.581514
v 0.224951 2.206308 0.568158
v 0.220441 2.141556 0.563649
v 0.224951 2.076804 0.568158
v 0.238306 2.014541 0.581514
v 0.259994 1.957159 0.603202
v 0.289181 1.906863 0.632389
v 0.324745 1.865587 0.667953
v 0.365321 1.834915 0.708529
v 0.409347 1.816028 0.752555
v 0.401295 2.467084 0.762367
v 0.349525 2.448197 0.727776
v 0.301813 2.417525 0.695896
v 0.259994 2.376249 0.667953
v 0.225674 2.325953 0.645021
v 0.200171 2.268571 0.627981
v 0.184467 2.206308 0.617488
v 0.179164 2.141556 0.613945
v 0.184467 2.076804 0.617488
v 0.200171 2.014541 0.627981
v 0.225674 1.957159 0.645021
v 0.259994 1.906863 0.667953
v 0.301813 1.865587 0.695896
v 0.349525 1.834915 0.727776
v 0.401295 1.816028 0.762367
v 0.455134 2.473462 0.798342
v 0.395311 2.467084 0.773562
v 0.337787 2.448197 0.749735
v 0.284773 2.417525 0.727776
v 0.238306 2.376249 0.708529
v 0.200171 2.325953 0.692733
v 0.171835 2.268571 0.680995
v 0.154385 2.206308 0.673767
v 0.148493 2.141556 0.671327
v 0.154385 2.076804 0.673767
v 0.171835 2.014541 0.680995
v 0.200171 1.957159 0.692733
v 0.238306 1.906863 0.708529
v 0.284773 1.865587 0.727776
v 0.337787 1.834915 0.749735
v 0.395311 1.816028 0.773562
v 0.391626 2.467084 0.785709
v 0.330560 2.448197 0.773562
v 0.274280 2.417525 0.762367
v 0.224951 2.376249 0.752555
v 0.184467 2.325953 0.744503
v 0.154385 2.268571 0.738519
v 0.135861 2.206308 0.734834
v 0.129606 2.141556 0.733590
v 0.135861 2.076804 0.734834
v 0.154385 2.014541 0.738519
v 0.184467 1.957159 0.744503
v 0.224951 1.906863 0.752555
v 0.274280 1.865587 0.762367
v 0.330560 1.834915 0.773562
v 0.391626 1.816028 0.785709
v 0.390382 2.467084 0.798342
v 0.328119 2.448197 0.798342
v 0.270737 2.417525 0.798342
v 0.220441 2.376249 0.798342
v 0.179164 2.325953 0.798342
v 0.148493 2.268571 0.798342
v 0.129606 2.206308 0.798342
v 0.123228 2.141556 0.798342
v 0.129606 2.076804 0.798342
v 0.148493 2.014541 0.798342
v 0.179164 1.957159 0.798342
v 0.220441 1.906863 0.798342
v 0.270737 1.865587 0.798342
v 0.328119 1.834915 0.798342
v 0.390382 1.816028 0.798342
v 0.391626 2.467084 0.810974
v 0.330560 2.448197 0.823121
v 0.274280 2.417525 0.834316
v 0.224951 2.376249 0.844128
v 0.184467 2.325953 0.852180
v 0.154385 2.268571 0.858164
v 0.135861 2.206308 0.861849
v 0.129606 2.141556 0.863093
v 0.135861 2.076804 0.861849
v 0.154385 2.014541 0.858164
v 0.184467 1.957159 0.852180
v 0.224951 1.906863 0.844128
v 0.274280 1.865587 0.834316
v 0.330560 1.834915 0.823121
v 0.391626 1.816028 0.810974
v 0.395311 2.467084 0.823121
v 0.337787 2.448197 0.846948
v 0.284773 2.417525 0.868907
v 0.238306 2.376249 0.888155
v 0.200171 2.325953 0.903950
v 0.171835 2.268571 0.915688
v 0.154385 2.206308 0.922916
v 0.148493 2.141556 0.925356
v 0.154385 2.076804 0.922916
v 0.171835 2.014541 0.915688
v 0.200171 1.957159 0.903950
v 0.238306 1.906863 0.888155
v 0.284773 1.865587 0.868907
v 0.337787 1.834915 0.846948
v 0.395311 1.816028 0.823121
v 0.401295 2.467084 0.834316
v 0.349525 2.448197 0.868907
v 0.301813 2.417525 0.900787
v 0.259994 2.376249 0.928730
v 0.225674 2.325953 0.951662
v 0.200171 2.268571 0.968702
v 0.184467 2.206308 0.979195
v 0.179164 2.141556 0.982738
v 0.184467 2.076804 0.979195
v 0.200171 2.014541 0.968702
v 0.225674 1.957159 0.951662
v 0.259994 1.906863 0.928730
v 0.301813 1.865587 0.900787
v 0.349525 1.834915 0.868907
v 0.401295 1.816028 0.834316
v 0.409347 2.467084 0.844128
v 0.365321 2.448197 0.888155
v 0.324746 2.417525 0.928730
v 0.289181 2.376249 0.964294
v 0.259994 2.325953 0.993481
v 0.238306 2.268571 1.015169
v 0.224951 2.206308 1.028525
v 0.220441 2.141556 1.033034
v 0.224951 2.076804 1.028525
v 0.238306 2.014541 1.015169
v 0.259994 1.957159 0.993481
v 0.289181 1.906863 0.964294
v 0.324746 1.865587 0.928730
v 0.365321 1.834915 0.888155
v 0.409347 1.816028 0.844128
v 0.419160 2.467084 0.852180
v 0.384568 2.448197 0.903950
v 0.352688 2.417525 0.951662
v 0.324745 2.376249 0.993481
v 0.301813 2.325953 1.027802
v 0.284773 2.268571 1.053304
v 0.274280 2.206308 1.069008
v 0.270737 2.141556 1.074311
v 0.274280 2.076804 1.069008
v 0.284773 2.014541 1.053304
v 0.301813 1.957159 1.027802
v 0.324745 1.906863 0.993481
v 0.352688 1.865587 0.951662
v 0.384568 1.834915 0.903950
v 0.419160 1.816028 0.852180
v 0.430354 2.467084 0.858164
v 0.406527 2.448197 0.915688
v 0.384568 2.417525 0.968702
v 0.365321 2.376249 1.015169
v 0.349525 2.325953 1.053304
v 0.337787 2.268571 1.081640
v 0.330560 2.206308 1.099090
v 0.328119 2.141556 1.104982
v 0.330560 2.076804 1.099090
v 0.337787 2.014541 1.081640
v 0.349525 1.957159 1.053304
v 0.365321 1.906863 1.015169
v 0.384568 1.865587 0.968702
v 0.406527 1.834915 0.915688
v 0.430354 1.816028 0.858164
v 0.442501 2.467084 0.861849
v 0.430354 2.448197 0.922916
v 0.419160 2.417525 0.979195
v 0.409347 2.376249 1.028525
v 0.401295 2.325953 1.069008
v 0.395311 2.268571 1.099090
v 0.391626 2.206308 1.117615
v 0.390382 2.141556 1.123869
v 0.391626 2.076804 1.117615
v 0.395311 2.014541 1.099090
v 0.401295 1.957159 1.069008
v 0.409347 1.906863 1.028525
v 0.419160 1.865587 0.979195
v 0.430354 1.834915 0.922916
v 0.442501 1.816028 0.861849
v 0.455134 2.467084 0.863093
v 0.455134 2.448197 0.925356
v 0.455134 2.417525 0.982738
v 0.455134 2.376249 1.033034
v 0.455134 2.325953 1.074311
v 0.455134 2.268571 1.104982
v 0.455134 2.206308 1.123869
v 0.455134 2.141556 1.130247
v 0.455134 2.076804 1.123869
v 0.455134 2.014541 1.104982
v 0.455134 1.957159 1.074311
v 0.455134 1.906863 1.033034
v 0.455134 1.865587 0.982738
v 0.455134 1.834915 0.925356
v 0.455134 1.816028 0.863093
v 0.467766 2.467084 0.861849
v 0.479913 2.448197 0.922916
v 0.491108 2.417525 0.979195
v 0.500920 2.376249 1.028525
v 0.508973 2.325953 1.069008
v 0.514956 2.268571 1.099090
v 0.518641 2.206308 1.117615
v 0.519885 2.141556 1.123869
v 0.518641 2.076804 1.117615
v 0.514956 2.014541 1.099090
v 0.508973 1.957159 1.069008
v 0.500920 1.906863 1.028525
v 0.491108 1.865587 0.979195
v 0.479913 1.834915 0.922916
v 0.467766 1.816028 0.861849
v 0.479913 2.467084 0.858164
v 0.503740 2.448197 0.915688
v 0.525699 2.417525 0.968702
v 0.544947 2.376249 1.015169
v 0.560743 2.325953 1.053304
v 0.572480 2.268571 1.081640
v 0.579708 2.206308 1.099090
v 0.582148 2.141556 1.104982
v 0.579708 2.076804 1.099090
v 0.572480 2.014541 1.081640
v 0.560743 1.957159 1.053304
v 0.544947 1.906863 1.015169
v 0.525699 1.865587 0.968702
v 0.503740 1.834915 0.915688
v 0.479913 1.816028 0.858164
v 0.491108 2.467084 0.852180
v 0.525699 2.448197 0.903950
v 0.557579 2.417525 0.951662
v 0.585522 2.376249 0.993481
v 0.608454 2.325953 1.027802
v 0.625494 2.268571 1.053304
v 0.635987 2.206308 1.069008
v 0.639531 2.141556 1.074311
v 0.635987 2.076804 1.069008
v 0.625494 2.014541 1.053304
v 0.608454 1.957159 1.027802
v 0.585522 1.906863 0.993481
v 0.557579 1.865587 0.951662
v 0.525699 1.834915 0.903950
v 0.491108 1.816028 0.852180
v 0.500920 2.467084 0.844128
v 0.544947 2.448197 0.888154
v 0.585522 2.417525 0.928730
v 0.621086 2.376249 0.964294
v 0.650273 2.325953 0.993481
v 0.671961 2.268571 1.015169
v 0.685317 2.206308 1.028525
v 0.689826 2.141556 1.033034
v 0.685317 2.076804 1.028525
v 0.671961 2.014541 1.015169
v 0.650273 1.957159 0.993481
v 0.621086 1.906863 0.964294
v 0.585522 1.865587 0.928730
v 0.544947 1.834915 0.888154
v 0.500920 1.816028 0.844128
v 0.455134 1.809650 0.798342
v 0.508973 2.467084 0.834316
v 0.560743 2.448197 0.868907
v 0.608454 2.417525 0.900787
v 0.650273 2.376249 0.928730
v 0.684594 2.325953 0.951662
v 0.710096 2.268571 0.968702
v 0.725800 2.206308 0.979195
v 0.731103 2.141556 0.982738
v 0.725800 2.076804 0.979195
v 0.710096 2.014541 0.968702
v 0.684594 1.957159 0.951662
v 0.650273 1.906863 0.928730
v 0.608454 1.865587 0.900787
v 0.560743 1.834915 0.868907
v 0.508973 1.816028 0.834316
v 0.514956 2.467084 0.823121
v 0.572480 2.448197 0.846948
v 0.625494 2.417525 0.868907
v 0.671961 2.376249 0.888155
v 0.710096 2.325953 0.903950
v 0.738433 2.268571 0.915688
v 0.755882 2.206308 0.922916
v 0.761774 2.141556 0.925356
v 0.755882 2.076804 0.922916
v 0.738433 2.014541 0.915688
v 0.710096 1.957159 0.903950
v 0.671961 1.906863 0.888155
v 0.625494 1.865587 0.868907
v 0.572480 1.834915 0.846948
v 0.514956 1.816028 0.823121
v 0.518641 2.467084 0.810974
v 0.579708 2.448197 0.823121
v 0.635987 2.417525 0.834315
v 0.685317 2.376249 0.844128
v 0.725800 2.325953 0.852180
v 0.755882 2.268571 0.858164
v 0.774407 2.206308 0.861849
v 0.780661 2.141556 0.863093
v 0.774407 2.076804 0.861849
v 0.755882 2.014541 0.858164
v 0.725800 1.957159 0.852180
v 0.685317 1.906863 0.844128
v 0.635987 1.865587 0.834315
v 0.579708 1.834915 0.823121
v 0.518641 1.816028 0.810974
v 0.519885 2.467084 0.798342
v 0.582148 2.448197 0.798342
v 0.639530 2.417525 0.798341
v 0.689826 2.376249 0.798342
v 0.731103 2.325953 0.798341
v 0.761774 2.268571 0.798342
v 0.780662 2.206308 0.798341
v 0.787039 2.141556 0.798341
v 0.780662 2.076804 0.798341
v 0.761774 2.014541 0.798342
v 0.731103 1.957159 0.798341
v 0.689826 1.906863 0.798342
v 0.639530 1.865587 0.798341
v 0.582148 1.834915 0.798342
v 0.519885 1.816028 0.798342
v 0.518641 2.467084 0.785709
v 0.579708 2.448197 0.773562
v 0.635987 2.417525 0.762367
v 0.685317 2.376249 0.752555
v 0.725800 2.325953 0.744503
v 0.755882 2.268571 0.738519
v 0.774407 2.206308 0.734834
v 0.780661 2.141556 0.733590
v 0.774407 2.076804 0.734834
v 0.755882 2.014541 0.738519
v 0.725800 1.957159 0.744503
v 0.685317 1.906863 0.752555
v 0.635987 1.865587 0.762367
v 0.579708 1.834915 0.773562
v 0.518641 1.816028 0.785709
v 0.514956 2.467084 0.773562
v 0.572480 2.448197 0.749735
v 0.625494 2.417525 0.727776
v 0.671961 2.376249 0.708529
v 0.710096 2.325953 0.692733
v 0.738433 2.268571 0.680995
v 0.755882 2.206308 0.673767
v 0.761774 2.141556 0.671327
v 0.755882 2.076804 0.673767
v 0.738433 2.014541 0.680995
v 0.710096 1.957159 0.692733
v 0.671961 1.906863 0.708529
v 0.625494 1.865587 0.727776
v 0.572480 1.834915 0.749735
v 0.514956 1.816028 0.773562
v 0.508973 2.467084 0.762367
v 0.560743 2.448197 0.727776
v 0.608454 2.417525 0.695896
v 0.650273 2.376249 0.667953
v 0.684594 2.325953 0.645021
v 0.710096 2.268571 0.627981
v 0.725800 2.206308 0.617488
v 0.731103 2.141556 0.613945
v 0.725800 2.076804 0.617488
v 0.710096 2.014541 0.627981
v 0.684594 1.957159 0.645021
v 0.650273 1.906863 0.667953
v 0.608454 1.865587 0.695896
v 0.560743 1.834915 0.727776
v 0.508973 1.816028 0.762367
v 0.500920 2.467084 0.752555
v 0.544947 2.448197 0.708529
v 0.585522 2.417525 0.667953
v 0.621086 2.376249 0.632389
v 0.650273 2.325953 0.603202
v 0.671961 2.268571 0.581514
v 0.685317 2.206308 0.568159
v 0.689826 2.141556 0.563649
v 0.685317 2.076804 0.568159
v 0.671961 2.014541 0.581514
v 0.650273 1.957159 0.603202
v 0.621086 1.906863 0.632389
v 0.585522 1.865587 0.667953
v 0.544947 1.834915 0.708529
v 0.500920 1.816028 0.752555
v 0.491108 2.467084 0.744503
v 0.525699 2.448197 0.692733
v 0.557579 2.417525 0.645021
v 0.585522 2.376249 0.603202
v 0.608454 2.325953 0.568882
v 0.625494 2.268571 0.543379
v 0.635987 2.206308 0.527675
v 0.639530 2.141556 0.522372
v 0.635987 2.076804 0.527675
v 0.625494 2.014541 0.543379
v 0.608454 1.957159 0.568882
v 0.585522 1.906863 0.603202
v 0.557579 1.865587 0.645021
v 0.525699 1.834915 0.692733
v 0.491108 1.816028 0.744503
v 0.479913 2.467084 0.738519
v 0.503740 2.448197 0.680995
v 0.525699 2.417525 0.627981
v 0.544947 2.376249 0.581514
v 0.560742 2.325953 0.543379
v 0.572480 2.268571 0.515043
v 0.579708 2.206308 0.497593
v 0.582148 2.141556 0.491701
v 0.579708 2.076804 0.497593
v 0.572480 2.014541 0.515043
v 0.560742 1.957159 0.543379
v 0.544947 1.906863 0.581514
v 0.525699 1.865587 0.627981
v 0.503740 1.834915 0.680995
v 0.479913 1.816028 0.738519
v 0.467766 2.467084 0.734834
v 0.479913 2.448197 0.673767
v 0.491108 2.417525 0.617488
v 0.500920 2.376249 0.568158
v 0.508973 2.325953 0.527675
v 0.514956 2.268571 0.497593
v 0.518641 2.206308 0.479069
v 0.519885 2.141556 0.472814
v 0.518641 2.076804 0.479069
v 0.514956 2.014541 0.497593
v 0.508973 1.957159 0.527675
v 0.500920 1.906863 0.568158
v 0.491108 1.865587 0.617488
v 0.479913 1.834915 0.673767
v 0.467766 1.816028 0.734834
v 0.455134 2.467084 0.733590
v 0.455134 2.448197 0.671327
v 0.455134 2.376249 0.563649
v 0.455134 2.268571 0.491701
v 0.455134 2.014541 0.491701
v 0.455134 1.906863 0.563649
v 0.455134 1.865587 0.613945
v 0.455134 1.834915 0.671327
v 0.455134 1.816028 0.733590
vn 0.0017 0.9144 -0.4048
vn 0.0001 0.3503 -0.9366
vn 0.0010 0.2331 -0.9725
vn 0.0028 0.2191 -0.9757
vn 0.0021 0.1229 -0.9924
vn -0.0000 -0.4462 -0.8950
vn 0.0031 0.9978 0.0656
vn 0.0030 0.9955 0.0944
vn 0.0025 0.9801 0.1986
vn 0.0020 0.9284 0.3716
vn 0.0009 0.7262 0.6875
vn 0.0003 0.4450 0.8955
vn -0.0001 0.2585 0.9660
vn -0.0002 0.1714 0.9852
vn -0.0001 0.1089 0.9941
vn 0.0002 -0.0175 0.9998
vn 0.0006 -0.2028 0.9792
vn 0.0008 -0.4211 0.9070
vn 0.0005 -0.6441 0.7650
vn -0.0000 -0.7943 0.6075
vn -0.0000 -0.8675 0.4975
vn -0.0000 -0.9647 0.2635
vn -0.0133 0.9998 0.0141
vn -0.0664 0.9653 0.2524
vn -0.0795 0.9136 0.3988
vn -0.0989 0.6952 0.7120
vn -0.1308 0.4104 0.9025
vn -0.1670 0.2233 0.9603
vn -0.2248 0.1343 0.9651
vn -0.2689 0.0834 0.9595
vn -0.2564 -0.0249 0.9662
vn -0.1963 -0.1846 0.9630
vn -0.0848 -0.3663 0.9266
vn 0.1205 -0.5685 0.8138
vn 0.3712 -0.6735 0.6392
vn 0.5691 -0.6727 0.4729
vn 0.6629 -0.6940 0.2809
vn -0.0733 0.9973 0.0103
vn -0.1733 0.9358 0.3071
vn -0.2303 0.8508 0.4724
vn -0.2720 0.6005 0.7520
vn -0.2992 0.3065 0.9036
vn -0.3522 0.1102 0.9294
vn -0.4595 0.0307 0.8876
vn -0.4995 0.0335 0.8656
vn -0.4508 -0.0050 0.8926
vn -0.3382 -0.1090 0.9348
vn -0.1493 -0.2611 0.9537
vn 0.1550 -0.4327 0.8881
vn 0.5237 -0.4810 0.7032
vn 0.7752 -0.4555 0.4377
vn 0.8188 -0.5020 0.2786
vn -0.1149 0.9930 -0.0262
vn -0.3244 0.9043 0.2776
vn -0.4468 0.7018 0.5549
vn -0.4594 0.3961 0.7950
vn -0.4447 0.0855 0.8916
vn -0.5560 -0.1454 0.8183
vn -0.7880 -0.1394 0.5997
vn -0.7713 0.0345 0.6355
vn -0.6483 0.0739 0.7578
vn -0.4566 -0.0028 0.8897
vn -0.2181 -0.1907 0.9571
vn 0.1112 -0.3652 0.9243
vn 0.4739 -0.4555 0.7536
vn 0.7723 -0.4977 0.3948
vn 0.8232 -0.5256 0.2148
vn -0.1809 0.9791 -0.0929
vn -0.5127 0.8299 0.2202
vn -0.6598 0.4960 0.5644
vn -0.5540 0.0946 0.8271
vn -0.4183 -0.1704 0.8922
vn -0.4637 -0.3733 0.8035
vn -0.8171 -0.3671 0.4444
vn -0.9390 0.1178 0.3230
vn -0.7971 0.2019 0.5691
vn -0.5971 0.0726 0.7989
vn -0.3796 -0.1779 0.9079
vn -0.0530 -0.3915 0.9187
vn 0.3152 -0.6147 0.7230
vn 0.7095 -0.6516 0.2684
vn 0.7940 -0.6042 0.0669
vn -0.0000 -0.9820 -0.1889
vn -0.2546 0.9555 -0.1490
vn -0.7015 0.6932 0.1655
vn -0.8198 0.2988 0.4886
vn -0.5944 0.1454 0.7910
vn -0.2674 -0.0274 0.9632
vn 0.0655 -0.2101 0.9755
vn -0.2819 -0.5277 0.8013
vn -0.9484 0.2718 0.1636
vn -0.8527 0.3585 0.3800
vn -0.7683 0.0889 0.6339
vn -0.6118 -0.1877 0.7684
vn -0.3643 -0.4604 0.8095
vn 0.0716 -0.8429 0.5332
vn 0.5855 -0.8079 0.0669
vn 0.7311 -0.6695 -0.1314
vn -0.3056 0.9442 -0.1231
vn -0.8099 0.5823 0.0699
vn -0.9403 0.2867 0.1835
vn -0.8731 -0.1365 0.4681
vn -0.5492 -0.7048 0.4490
vn 0.2626 -0.7243 0.6376
vn 0.4807 -0.7156 0.5068
vn -0.9035 0.4063 0.1364
vn -0.8734 0.4035 0.2727
vn -0.8917 0.0764 0.4462
vn -0.8480 -0.1662 0.5033
vn -0.7155 -0.5656 0.4102
vn -0.1913 -0.9791 0.0696
vn 0.4551 -0.8550 -0.2487
vn 0.6614 -0.6876 -0.2996
vn -0.3219 0.9467 -0.0097
vn -0.8422 0.5392 -0.0027
vn -0.9588 0.2839 -0.0021
vn -0.8158 -0.0372 -0.5771
vn -0.3170 -0.8021 -0.5062
vn 0.5841 -0.7088 -0.3956
vn 0.5439 -0.7408 0.3942
vn -0.8375 0.5337 0.1174
vn -0.8948 0.4123 0.1712
vn -0.9814 0.0698 0.1790
vn -0.9845 -0.1646 0.0607
vn -0.8328 -0.5219 -0.1844
vn -0.2479 -0.8497 -0.4654
vn 0.3827 -0.7683 -0.5130
vn 0.6020 -0.6746 -0.4272
vn -0.2915 0.9477 0.1300
vn -0.8222 0.5682 -0.0342
vn -0.9413 0.2677 -0.2055
vn -0.6785 0.0967 -0.7282
vn 0.0491 -0.2413 -0.9692
vn 0.6400 -0.3958 -0.6586
vn 0.3877 -0.8648 -0.3191
vn -0.8136 0.5622 0.1480
vn -0.9115 0.4011 0.0910
vn -0.9961 0.0647 -0.0594
vn -0.9319 -0.2006 -0.3022
vn -0.6961 -0.4431 -0.5649
vn -0.1755 -0.6670 -0.7241
vn 0.3398 -0.6764 -0.6534
vn 0.5543 -0.6541 -0.5147
vn -0.2411 0.9460 0.2169
vn -0.7829 0.6186 0.0663
vn -0.9390 0.2118 -0.2709
vn -0.5795 0.0195 -0.8147
vn 0.1589 -0.2895 -0.9439
vn 0.4744 -0.4579 -0.7518
vn -0.6822 -0.5516 -0.4800
vn -0.8458 0.5231 0.1050
vn -0.9301 0.3666 -0.0250
vn -0.9799 0.0490 -0.1933
vn -0.8473 -0.2810 -0.4508
vn -0.5369 -0.4860 -0.6896
vn -0.1133 -0.5943 -0.7962
vn 0.3055 -0.6226 -0.7204
vn 0.5153 -0.6444 -0.5650
vn -0.1809 0.9627 0.2010
vn -0.6458 0.7618 0.0517
vn -0.8438 0.3472 -0.4092
vn -0.5116 -0.0339 -0.8585
vn 0.0220 -0.3107 -0.9503
vn -0.0653 -0.5138 -0.8554
vn -0.8803 -0.3220 -0.3484
vn -0.8969 0.4413 -0.0286
vn -0.9199 0.3443 -0.1878
vn -0.9414 0.0701 -0.3300
vn -0.7932 -0.3347 -0.5088
vn -0.4636 -0.6038 -0.6484
vn -0.0625 -0.6900 -0.7211
vn 0.2760 -0.6842 -0.6751
vn 0.4787 -0.6899 -0.5430
vn -0.1060 0.9886 0.1066
vn -0.3745 0.9251 -0.0622
vn -0.5446 0.6791 -0.4921
vn -0.4207 0.1982 -0.8853
vn -0.2891 -0.1901 -0.9383
vn -0.5702 -0.3389 -0.7484
vn -0.9673 0.0124 -0.2534
vn -0.9097 0.3483 -0.2261
vn -0.8863 0.3209 -0.3339
vn -0.8902 0.1386 -0.4339
vn -0.7595 -0.3094 -0.5723
vn -0.4231 -0.6685 -0.6116
vn -0.0751 -0.8209 -0.5661
vn 0.2494 -0.8235 -0.5096
vn 0.4437 -0.7682 -0.4615
vn -0.0565 0.9977 0.0387
vn -0.1687 0.9729 -0.1581
vn -0.2119 0.8361 -0.5060
vn -0.2772 0.3462 -0.8963
vn -0.4290 -0.0398 -0.9024
vn -0.6633 -0.0274 -0.7478
vn -0.8332 0.2215 -0.5066
vn -0.8201 0.3232 -0.4721
vn -0.8006 0.3225 -0.5049
vn -0.7879 0.1394 -0.5998
vn -0.6714 -0.2808 -0.6858
vn -0.2984 -0.6818 -0.6679
vn 0.0062 -0.8484 -0.5293
vn 0.2553 -0.8706 -0.4205
vn 0.4144 -0.8311 -0.3708
vn -0.0350 0.9993 0.0141
vn -0.0908 0.9814 -0.1694
vn -0.1228 0.8761 -0.4663
vn -0.2241 0.4349 -0.8721
vn -0.3489 0.1352 -0.9273
vn -0.5009 0.1915 -0.8441
vn -0.5994 0.3897 -0.6991
vn -0.6132 0.4069 -0.6771
vn -0.5842 0.3481 -0.7332
vn -0.5472 0.1192 -0.8285
vn -0.4241 -0.3011 -0.8541
vn -0.1278 -0.6652 -0.7357
vn 0.1474 -0.7985 -0.5836
vn 0.2798 -0.8588 -0.4292
vn 0.3879 -0.8765 -0.2853
vn -0.0213 0.9995 0.0227
vn -0.0633 0.9834 -0.1702
vn -0.0808 0.8903 -0.4481
vn -0.1665 0.5513 -0.8175
vn -0.2733 0.2382 -0.9319
vn -0.3840 0.3043 -0.8717
vn -0.4161 0.4908 -0.7655
vn -0.3164 0.4505 -0.8348
vn -0.2455 0.3242 -0.9136
vn -0.1944 0.0713 -0.9783
vn -0.1074 -0.3053 -0.9462
vn 0.0556 -0.6538 -0.7546
vn 0.2366 -0.7614 -0.6035
vn 0.3081 -0.8506 -0.4261
vn 0.3890 -0.8852 -0.2550
vn 0.0005 0.9990 0.0444
vn 0.0051 0.9884 -0.1520
vn 0.0135 0.9101 -0.4142
vn -0.0446 0.6428 -0.7647
vn -0.2138 0.3221 -0.9223
vn -0.2887 0.3338 -0.8973
vn -0.1367 0.3844 -0.9130
vn 0.1974 0.3155 -0.9282
vn 0.2988 0.1873 -0.9357
vn 0.3412 -0.0270 -0.9396
vn 0.3337 -0.3008 -0.8934
vn 0.2995 -0.5817 -0.7563
vn 0.3027 -0.7221 -0.6220
vn 0.3077 -0.8328 -0.4601
vn 0.2889 -0.9369 -0.1970
vn 0.0029 0.9995 0.0317
vn 0.0026 0.9920 -0.1259
vn 0.0004 0.6121 -0.7908
vn -0.0001 0.3407 -0.9402
vn 0.0002 -0.1362 -0.9907
vn -0.0000 -0.6345 -0.7729
vn -0.0000 -0.7336 -0.6796
vn -0.0000 -0.9289 -0.3704
vn -0.0000 -0.9842 -0.1770
vn 0.0018 0.1955 -0.9807
vn -0.0002 0.1533 0.9882
vn -0.2498 0.1162 0.9613
vn -0.4926 0.0279 0.8698
vn -0.8124 -0.0511 0.5809
vn -0.9685 -0.0758 0.2374
vn -0.9129 -0.1010 0.3956
vn -0.7428 -0.3617 0.5633
vn -0.7362 -0.6039 0.3055
vn -0.9823 0.1534 0.1078
vn -0.9498 0.2934 0.1085
vn -0.9590 0.2809 0.0373
vn -0.9569 0.2351 -0.1708
vn -0.8368 0.2816 -0.4696
vn -0.6158 0.4061 -0.6753
vn -0.3801 0.4898 -0.7847
vn 0.0387 0.3525 -0.9350
vn -0.0002 0.1927 0.9813
vn -0.1966 0.1547 0.9682
vn -0.4092 0.0410 0.9115
vn -0.7031 -0.2038 0.6812
vn -0.5387 -0.4751 0.6957
vn 0.4141 -0.3917 0.8216
vn 0.7278 -0.5554 0.4023
vn 0.7981 -0.5920 0.1122
vn 0.7129 -0.4926 -0.4992
vn 0.3546 -0.6145 -0.7047
vn -0.4708 -0.5570 -0.6842
vn -0.8694 -0.1991 -0.4523
vn -0.7889 0.1337 -0.5998
vn -0.5633 0.3364 -0.7547
vn -0.4217 0.4435 -0.7908
vn -0.2554 0.4067 -0.8771
vn 0.0004 0.3405 -0.9402
vn -0.9245 0.3056 0.2280
vn -0.7455 0.6579 0.1069
vn -0.7360 -0.1655 0.6564
vn -0.8395 0.0920 0.5355
vn -0.8205 0.1474 0.5523
vn -0.5294 -0.4888 0.6934
vn -0.2402 -0.0903 0.9665
vn -0.0017 -0.9232 0.3842
vn 0.3119 -0.3894 0.8667
vn 0.5440 -0.8317 -0.1115
vn 0.1929 -0.5678 0.8003
vn 0.6898 -0.6913 -0.2151
vn -0.9338 0.2965 0.2005
vn -0.2599 0.9525 -0.1587
vn -0.8663 0.3960 0.3045
vn -0.7963 -0.2205 0.5633
vn 0.6439 -0.5083 0.5719
vn 0.6623 -0.7287 0.1741
vn 0.2473 -0.6895 0.6808
vn -0.6026 -0.5183 0.6068
vn -0.0524 -0.2674 0.9622
vn 0.7589 -0.6507 -0.0240
vn -0.9647 0.2010 0.1701
vn -0.2169 0.9653 -0.1456
vn -0.8405 0.3013 0.4503
vn -0.6305 0.7568 0.1727
vn -0.6897 0.0936 0.7180
vn -0.7538 0.3574 0.5514
vn -0.4805 -0.1896 0.8563
vn -0.5349 0.0700 0.8420
vn -0.1915 -0.4144 0.8897
vn -0.3191 -0.1090 0.9414
vn -0.9836 -0.0824 0.1605
vn 0.1019 -0.5144 0.8515
vn 0.0015 0.8753 0.4835
vn -0.0875 0.8497 0.5199
vn -0.2609 0.7704 0.5817
vn -0.4678 0.5726 0.6733
vn -0.6402 0.2984 0.7079
vn -0.8481 0.2534 0.4653
vn -0.9615 0.2734 0.0271
vn -0.9494 0.2933 -0.1125
vn -0.9029 0.2428 -0.3548
vn -0.8723 0.1667 -0.4597
vn -0.7749 0.1271 -0.6191
vn -0.4850 0.3924 -0.7815
vn -0.2232 0.6403 -0.7350
vn -0.1600 0.7118 -0.6840
vn -0.1073 0.7691 -0.6301
vn 0.0111 0.8159 -0.5781
vn 0.0009 0.8332 -0.5530
vn -0.8982 0.2821 0.3372
vn -0.7179 0.1721 0.6746
vn -0.0000 0.8286 -0.5598
vn -0.0000 0.5528 -0.8333
vn -0.0000 0.1939 -0.9810
vn -0.0000 -0.0000 -1.0000
vn -0.0000 -0.1939 -0.9810
vn -0.0000 -0.5411 -0.8410
vn -0.0000 1.0000 -0.0000
vn -0.0000 0.9796 0.2010
vn -0.0000 0.9217 0.3879
vn -0.0000 0.8262 0.5633
vn -0.0000 0.6894 0.7244
vn -0.0000 0.5284 0.8490
vn -0.0000 0.3737 0.9275
vn -0.0000 0.3396 0.9406
vn -0.0000 0.1569 0.9876
vn -0.0000 -0.1881 0.9821
vn -0.0000 -0.3894 0.9211
vn -0.0000 -0.5638 0.8259
vn -0.0000 -0.7072 0.7070
vn -0.0000 -0.8255 0.5643
vn -0.0000 -0.9160 0.4012
vn -0.0000 -0.9784 0.2066
vn -0.0392 0.9796 0.1971
vn -0.0757 0.9217 0.3804
vn -0.1204 0.8225 0.5559
vn -0.1874 0.6795 0.7093
vn -0.6704 0.2087 0.7121
vn -0.5831 0.2830 0.7615
vn -0.4481 0.5006 0.7407
vn -0.4649 0.3922 0.7937
vn -0.2236 -0.1826 0.9574
vn -0.1939 -0.3976 0.8968
vn -0.1938 -0.5636 0.8029
vn -0.1801 -0.7051 0.6859
vn -0.1576 -0.8191 0.5515
vn -0.1080 -0.9095 0.4015
vn -0.0403 -0.9784 0.2026
vn -0.0769 0.9796 0.1857
vn -0.1484 0.9217 0.3584
vn -0.2259 0.8167 0.5310
vn -0.3513 0.6296 0.6929
vn -0.6476 0.1712 0.7425
vn -0.7716 0.0051 0.6361
vn -0.6021 0.6355 0.4832
vn -0.5451 0.4876 0.6819
vn -0.4504 -0.1107 0.8859
vn -0.3682 -0.4012 0.8388
vn -0.3382 -0.5750 0.7450
vn -0.3198 -0.7129 0.6241
vn -0.2907 -0.8130 0.5045
vn -0.2065 -0.8964 0.3921
vn -0.0791 -0.9784 0.1909
vn -0.1116 0.9796 0.1671
vn -0.2155 0.9217 0.3225
vn -0.3155 0.8165 0.4835
vn -0.4247 0.6061 0.6725
vn -0.4899 0.0876 0.8674
vn -0.0765 -0.0730 0.9944
vn -0.0061 0.5949 0.8038
vn -0.3304 0.5559 0.7628
vn -0.5704 -0.0319 0.8208
vn -0.5204 -0.3835 0.7630
vn -0.4467 -0.5900 0.6726
vn -0.4142 -0.7376 0.5332
vn -0.3909 -0.8009 0.4536
vn -0.2917 -0.8801 0.3746
vn -0.1148 -0.9784 0.1718
vn -0.1421 0.9796 0.1421
vn -0.2743 0.9217 0.2743
vn -0.3949 0.8221 0.4101
vn -0.4940 0.6455 0.5825
vn -0.3455 0.1241 0.9302
vn -0.0809 0.1513 0.9852
vn -0.0982 0.4291 0.8979
vn -0.3164 0.4445 0.8380
vn -0.6765 -0.0213 0.7361
vn -0.6520 -0.3598 0.6674
vn -0.5484 -0.6065 0.5756
vn -0.4522 -0.7515 0.4803
vn -0.4003 -0.7872 0.4692
vn -0.3087 -0.8800 0.3610
vn -0.1461 -0.9784 0.1461
vn -0.0000 -0.9971 0.0765
vn -0.1671 0.9796 0.1117
vn -0.3225 0.9217 0.2155
vn -0.4645 0.8273 0.3159
vn -0.5848 0.6882 0.4294
vn -0.6496 0.4920 0.5797
vn -0.6326 0.3418 0.6950
vn -0.6541 0.2551 0.7121
vn -0.7669 0.1038 0.6333
vn -0.7993 -0.1340 0.5858
vn -0.7588 -0.3701 0.5360
vn -0.6422 -0.6065 0.4688
vn -0.5051 -0.7318 0.4575
vn -0.4313 -0.7849 0.4448
vn -0.3203 -0.9014 0.2912
vn -0.1718 -0.9784 0.1148
vn -0.1857 0.9796 0.0769
vn -0.3584 0.9217 0.1484
vn -0.5172 0.8286 0.2142
vn -0.6563 0.7022 0.2760
vn -0.7674 0.5473 0.3340
vn -0.8451 0.3689 0.3870
vn -0.8880 0.1986 0.4147
vn -0.9122 0.0172 0.4093
vn -0.9030 -0.1843 0.3882
vn -0.8521 -0.3804 0.3594
vn -0.7374 -0.5832 0.3406
vn -0.6126 -0.7119 0.3433
vn -0.5143 -0.8067 0.2912
vn -0.3568 -0.9182 0.1720
vn -0.1909 -0.9784 0.0791
vn -0.1971 0.9796 0.0392
vn -0.3804 0.9217 0.0757
vn -0.5490 0.8286 0.1092
vn -0.6965 0.7041 0.1385
vn -0.8173 0.5528 0.1626
vn -0.9071 0.3798 0.1814
vn -0.9618 0.1939 0.1933
vn -0.9806 0.0010 0.1962
vn -0.9622 -0.1938 0.1915
vn -0.9070 -0.3805 0.1804
vn -0.8100 -0.5605 0.1722
vn -0.6897 -0.7055 0.1630
vn -0.5523 -0.8241 0.1257
vn -0.3805 -0.9217 0.0759
vn -0.2027 -0.9784 0.0403
vn -0.2010 0.9796 -0.0000
vn -0.3879 0.9217 -0.0000
vn -0.5598 0.8286 -0.0000
vn -0.7101 0.7041 -0.0000
vn -0.8333 0.5528 -0.0000
vn -0.9248 0.3805 -0.0000
vn -0.9810 0.1939 -0.0000
vn -1.0000 -0.0000 -0.0000
vn -0.9810 -0.1939 -0.0000
vn -0.9248 -0.3805 -0.0000
vn -0.8333 -0.5528 -0.0000
vn -0.7101 -0.7041 -0.0000
vn -0.5598 -0.8286 -0.0000
vn -0.3879 -0.9217 -0.0000
vn -0.2067 -0.9784 0.0001
vn -0.1971 0.9796 -0.0392
vn -0.3804 0.9217 -0.0757
vn -0.5490 0.8286 -0.1092
vn -0.6965 0.7041 -0.1385
vn -0.8173 0.5528 -0.1626
vn -0.9070 0.3805 -0.1804
vn -0.9622 0.1939 -0.1914
vn -0.9808 -0.0000 -0.1951
vn -0.9622 -0.1939 -0.1914
vn -0.9070 -0.3805 -0.1804
vn -0.8173 -0.5528 -0.1626
vn -0.6965 -0.7041 -0.1385
vn -0.5490 -0.8286 -0.1092
vn -0.3815 -0.9214 -0.0739
vn -0.2051 -0.9782 -0.0325
vn -0.1857 0.9796 -0.0769
vn -0.3584 0.9217 -0.1484
vn -0.5172 0.8286 -0.2142
vn -0.6561 0.7041 -0.2718
vn -0.7699 0.5528 -0.3189
vn -0.8544 0.3805 -0.3539
vn -0.9063 0.1939 -0.3754
vn -0.9239 -0.0000 -0.3827
vn -0.9063 -0.1939 -0.3754
vn -0.8544 -0.3805 -0.3539
vn -0.7699 -0.5528 -0.3189
vn -0.6561 -0.7041 -0.2718
vn -0.5175 -0.8285 -0.2139
vn -0.3653 -0.9201 -0.1415
vn -0.2061 -0.9773 -0.0483
vn -0.1671 0.9796 -0.1117
vn -0.3225 0.9217 -0.2155
vn -0.4654 0.8286 -0.3110
vn -0.5905 0.7041 -0.3945
vn -0.6929 0.5528 -0.4630
vn -0.7689 0.3805 -0.5138
vn -0.8157 0.1939 -0.5450
vn -0.8315 -0.0000 -0.5556
vn -0.8157 -0.1939 -0.5450
vn -0.7689 -0.3805 -0.5138
vn -0.6929 -0.5528 -0.4630
vn -0.5910 -0.7038 -0.3942
vn -0.4771 -0.8246 -0.3039
vn -0.3648 -0.9133 -0.1811
vn -0.2294 -0.9730 -0.0261
vn -0.1421 0.9796 -0.1421
vn -0.2743 0.9217 -0.2743
vn -0.3958 0.8286 -0.3958
vn -0.5021 0.7041 -0.5021
vn -0.5893 0.5528 -0.5893
vn -0.6539 0.3805 -0.6539
vn -0.6937 0.1939 -0.6937
vn -0.7071 -0.0000 -0.7071
vn -0.6937 -0.1939 -0.6937
vn -0.6539 -0.3805 -0.6539
vn -0.5891 -0.5528 -0.5893
vn -0.5104 -0.6997 -0.5000
vn -0.4484 -0.8105 -0.3769
vn -0.3911 -0.9029 -0.1785
vn -0.2713 -0.9621 0.0290
vn -0.1117 0.9796 -0.1671
vn -0.2155 0.9217 -0.3225
vn -0.3110 0.8286 -0.4654
vn -0.3945 0.7041 -0.5905
vn -0.4630 0.5528 -0.6929
vn -0.5138 0.3805 -0.7689
vn -0.5450 0.1939 -0.8157
vn -0.5556 -0.0000 -0.8315
vn -0.5450 -0.1939 -0.8157
vn -0.5138 -0.3805 -0.7689
vn -0.4624 -0.5533 -0.6929
vn -0.4201 -0.6880 -0.5918
vn -0.4224 -0.7959 -0.4337
vn -0.4090 -0.8976 -0.1643
vn -0.2965 -0.9523 0.0728
vn -0.0769 0.9796 -0.1857
vn -0.1484 0.9217 -0.3584
vn -0.2142 0.8286 -0.5172
vn -0.2718 0.7041 -0.6561
vn -0.3189 0.5528 -0.7699
vn -0.3539 0.3805 -0.8544
vn -0.3754 0.1939 -0.9063
vn -0.3827 -0.0000 -0.9239
vn -0.3754 -0.1939 -0.9063
vn -0.3525 -0.3817 -0.8544
vn -0.3200 -0.5512 -0.7706
vn -0.3128 -0.6769 -0.6663
vn -0.3565 -0.7921 -0.4954
vn -0.3669 -0.9160 -0.1620
vn -0.2797 -0.9552 0.0965
vn -0.0392 0.9796 -0.1971
vn -0.0757 0.9217 -0.3804
vn -0.1092 0.8286 -0.5490
vn -0.1385 0.7041 -0.6965
vn -0.1626 0.5528 -0.8173
vn -0.1804 0.3805 -0.9070
vn -0.1914 0.1939 -0.9622
vn -0.1951 -0.0000 -0.9808
vn -0.1914 -0.1939 -0.9622
vn -0.1797 -0.3830 -0.9061
vn -0.1769 -0.5439 -0.8203
vn -0.2350 -0.6545 -0.7186
vn -0.5201 -0.6885 -0.5055
vn -0.6414 -0.7647 -0.0621
vn -0.2975 -0.9477 0.1155
vn -0.0000 0.9796 -0.2010
vn -0.0000 0.9217 -0.3879
vn -0.0000 0.7041 -0.7101
vn -0.0000 0.3805 -0.9248
vn -0.0000 -0.3835 -0.9236
vn -0.0000 -0.6793 -0.7339
vn -0.0000 -0.7698 -0.6383
vn -0.0000 -0.9982 0.0608
vn -0.0000 -0.9904 0.1385
vn -0.0000 -0.5528 -0.8333
vn 0.0392 0.9796 -0.1971
vn 0.0757 0.9217 -0.3804
vn 0.1092 0.8286 -0.5490
vn 0.1385 0.7041 -0.6965
vn 0.1626 0.5528 -0.8173
vn 0.1804 0.3805 -0.9070
vn 0.1914 0.1939 -0.9622
vn 0.1951 -0.0000 -0.9808
vn 0.1914 -0.1939 -0.9622
vn 0.1804 -0.3805 -0.9070
vn 0.1626 -0.5528 -0.8173
vn 0.1385 -0.7041 -0.6965
vn 0.1092 -0.8286 -0.5490
vn 0.0757 -0.9217 -0.3804
vn 0.0392 -0.9796 -0.1971
vn 0.0769 0.9796 -0.1857
vn 0.1484 0.9217 -0.3584
vn 0.2142 0.8286 -0.5172
vn 0.2718 0.7041 -0.6561
vn 0.3189 0.5528 -0.7699
vn 0.3539 0.3805 -0.8544
vn 0.3754 0.1939 -0.9063
vn 0.3827 -0.0000 -0.9239
vn 0.3754 -0.1939 -0.9063
vn 0.3539 -0.3805 -0.8544
vn 0.3189 -0.5528 -0.7699
vn 0.2718 -0.7041 -0.6561
vn 0.2142 -0.8286 -0.5172
vn 0.1484 -0.9217 -0.3584
vn 0.0769 -0.9796 -0.1857
vn 0.1117 0.9796 -0.1671
vn 0.2155 0.9217 -0.3225
vn 0.3110 0.8286 -0.4654
vn 0.3945 0.7041 -0.5905
vn 0.4630 0.5528 -0.6929
vn 0.5138 0.3805 -0.7689
vn 0.5450 0.1939 -0.8157
vn 0.5556 -0.0000 -0.8315
vn 0.5450 -0.1939 -0.8157
vn 0.5138 -0.3805 -0.7689
vn 0.4630 -0.5528 -0.6929
vn 0.3945 -0.7041 -0.5905
vn 0.3110 -0.8286 -0.4654
vn 0.2155 -0.9217 -0.3225
vn 0.1117 -0.9796 -0.1671
vn 0.1421 0.9796 -0.1421
vn 0.2743 0.9217 -0.2743
vn 0.3958 0.8286 -0.3958
vn 0.5021 0.7041 -0.5021
vn 0.5893 0.5528 -0.5893
vn 0.6539 0.3805 -0.6539
vn 0.6937 0.1939 -0.6937
vn 0.7071 -0.0000 -0.7071
vn 0.6937 -0.1939 -0.6937
vn 0.6539 -0.3805 -0.6539
vn 0.5893 -0.5528 -0.5893
vn 0.5021 -0.7041 -0.5021
vn 0.3958 -0.8286 -0.3958
vn 0.2743 -0.9217 -0.2743
vn 0.1421 -0.9796 -0.1421
vn 0.1671 0.9796 -0.1117
vn 0.3225 0.9217 -0.2155
vn 0.4654 0.8286 -0.3110
vn 0.5905 0.7041 -0.3945
vn 0.6929 0.5528 -0.4630
vn 0.7689 0.3805 -0.5138
vn 0.8157 0.1939 -0.5450
vn 0.8315 -0.0000 -0.5556
vn 0.8157 -0.1939 -0.5450
vn 0.7689 -0.3805 -0.5138
vn 0.6929 -0.5528 -0.4630
vn 0.5905 -0.7041 -0.3945
vn 0.4654 -0.8286 -0.3110
vn 0.3225 -0.9217 -0.2155
vn 0.1671 -0.9796 -0.1117
vn 0.1857 0.9796 -0.0769
vn 0.3584 0.9217 -0.1484
vn 0.5172 0.8286 -0.2142
vn 0.6561 0.7041 -0.2718
vn 0.7699 0.5528 -0.3189
vn 0.8544 0.3805 -0.3539
vn 0.9063 0.1939 -0.3754
vn 0.9239 -0.0000 -0.3827
vn 0.9063 -0.1939 -0.3754
vn 0.8544 -0.3805 -0.3539
vn 0.7699 -0.5528 -0.3189
vn 0.6561 -0.7041 -0.2718
vn 0.5172 -0.8286 -0.2142
vn 0.3584 -0.9217 -0.1484
vn 0.1857 -0.9796 -0.0769
vn 0.1971 0.9796 -0.0392
vn 0.3804 0.9217 -0.0757
vn 0.5490 0.8286 -0.1092
vn 0.6965 0.7041 -0.1385
vn 0.8173 0.5528 -0.1626
vn 0.9070 0.3805 -0.1804
vn 0.9622 0.1939 -0.1914
vn 0.9808 -0.0000 -0.1951
vn 0.9622 -0.1939 -0.1914
vn 0.9070 -0.3805 -0.1804
vn 0.8173 -0.5528 -0.1626
vn 0.6965 -0.7041 -0.1385
vn 0.5490 -0.8286 -0.1092
vn 0.3804 -0.9217 -0.0757
vn 0.1971 -0.9796 -0.0392
vn 0.2010 0.9796 -0.0000
vn 0.3879 0.9217 -0.0000
vn 0.5598 0.8286 -0.0000
vn 0.7101 0.7041 -0.0000
vn 0.8333 0.5528 -0.0000
vn 0.9248 0.3805 -0.0000
vn 0.9810 0.1939 -0.0000
vn 1.0000 -0.0000 -0.0000
vn 0.9810 -0.1939 -0.0000
vn 0.9248 -0.3805 -0.0000
vn 0.8333 -0.5528 -0.0000
vn 0.7101 -0.7041 -0.0000
vn 0.5598 -0.8286 -0.0000
vn 0.3879 -0.9217 -0.0000
vn 0.2010 -0.9796 -0.0000
vn 0.1971 0.9796 0.0392
vn 0.3804 0.9217 0.0757
vn 0.5490 0.8286 0.1092
vn 0.6965 0.7041 0.1385
vn 0.8173 0.5528 0.1626
vn 0.9070 0.3805 0.1804
vn 0.9622 0.1939 0.1914
vn 0.9808 -0.0000 0.1951
vn 0.9622 -0.1939 0.1914
vn 0.9070 -0.3805 0.1804
vn 0.8173 -0.5528 0.1626
vn 0.6965 -0.7041 0.1385
vn 0.5490 -0.8286 0.1092
vn 0.3804 -0.9217 0.0757
vn 0.1971 -0.9796 0.0392
vn 0.1857 0.9796 0.0769
vn 0.3584 0.9217 0.1484
vn 0.5172 0.8286 0.2142
vn 0.6561 0.7041 0.2718
vn 0.7699 0.5528 0.3189
vn 0.8544 0.3805 0.3539
vn 0.9063 0.1939 0.3754
vn 0.9239 -0.0000 0.3827
vn 0.9063 -0.1939 0.3754
vn 0.8544 -0.3805 0.3539
vn 0.7699 -0.5528 0.3189
vn 0.6561 -0.7041 0.2718
vn 0.5172 -0.8286 0.2142
vn 0.3584 -0.9217 0.1484
vn 0.1857 -0.9796 0.0769
vn 0.1671 0.9796 0.1117
vn 0.3225 0.9217 0.2155
vn 0.4654 0.8286 0.3110
vn 0.5905 0.7041 0.3945
vn 0.6929 0.5528 0.4630
vn 0.7689 0.3805 0.5138
vn 0.8157 0.1939 0.5450
vn 0.8315 -0.0000 0.5556
vn 0.8157 -0.1939 0.5450
vn 0.7689 -0.3805 0.5138
vn 0.6929 -0.5528 0.4630
vn 0.5905 -0.7041 0.3945
vn 0.4654 -0.8286 0.3110
vn 0.3225 -0.9217 0.2155
vn 0.1671 -0.9796 0.1117
vn 0.1421 0.9796 0.1421
vn 0.2743 0.9217 0.2743
vn 0.3958 0.8286 0.3958
vn 0.5021 0.7041 0.5021
vn 0.5893 0.5528 0.5893
vn 0.6539 0.3805 0.6539
vn 0.6937 0.1939 0.6937
vn 0.7071 -0.0000 0.7071
vn 0.6937 -0.1939 0.6937
vn 0.6539 -0.3805 0.6539
vn 0.5893 -0.5528 0.5893
vn 0.5021 -0.7041 0.5021
vn 0.3958 -0.8286 0.3958
vn 0.2743 -0.9217 0.2743
vn 0.1421 -0.9796 0.1421
vn 0.1117 0.9796 0.1671
vn 0.2155 0.9217 0.3225
vn 0.3110 0.8286 0.4654
vn 0.3945 0.7041 0.5905
vn 0.4630 0.5528 0.6929
vn 0.5138 0.3805 0.7689
vn 0.5450 0.1939 0.8157
vn 0.5556 -0.0000 0.8315
vn 0.5450 -0.1939 0.8157
vn 0.5138 -0.3805 0.7689
vn 0.4630 -0.5528 0.6929
vn 0.3945 -0.7041 0.5905
vn 0.3110 -0.8286 0.4654
vn 0.2155 -0.9217 0.3225
vn 0.1116 -0.9796 0.1671
vn 0.0769 0.9796 0.1857
vn 0.1484 0.9217 0.3584
vn 0.2142 0.8286 0.5172
vn 0.2718 0.7041 0.6561
vn 0.3189 0.5528 0.7699
vn 0.3539 0.3805 0.8544
vn 0.3754 0.1939 0.9063
vn 0.3827 -0.0000 0.9239
vn 0.3754 -0.1939 0.9063
vn 0.3539 -0.3805 0.8544
vn 0.3189 -0.5528 0.7699
vn 0.2718 -0.7041 0.6561
vn 0.2142 -0.8286 0.5172
vn 0.1484 -0.9217 0.3584
vn 0.0769 -0.9796 0.1857
vn 0.0392 0.9796 0.1971
vn 0.0757 0.9217 0.3804
vn 0.1092 0.8286 0.5490
vn 0.1385 0.7041 0.6965
vn 0.1626 0.5528 0.8173
vn 0.1804 0.3805 0.9070
vn 0.1914 0.1939 0.9622
vn 0.1951 -0.0000 0.9808
vn 0.1914 -0.1939 0.9622
vn 0.1804 -0.3805 0.9070
vn 0.1626 -0.5528 0.8173
vn 0.1385 -0.7041 0.6965
vn 0.1092 -0.8286 0.5490
vn 0.0757 -0.9217 0.3804
vn 0.0392 -0.9796 0.1971
vn -0.0000 0.8286 0.5598
vn -0.0000 0.7041 0.7101
vn -0.0000 0.5528 0.8333
vn -0.0000 0.3805 0.9248
vn -0.0000 0.1939 0.9810
vn -0.0000 -0.0000 1.0000
vn -0.0000 -0.1939 0.9810
vn -0.0000 -0.3805 0.9248
vn -0.0000 -0.5528 0.8333
vn -0.0000 -0.7041 0.7101
vn -0.0000 -0.8286 0.5598
vn -0.0000 -0.9217 0.3879
vn -0.0000 -0.9796 0.2010
vn -0.1092 0.8286 0.5490
vn -0.1385 0.7041 0.6965
vn -0.1626 0.5528 0.8173
vn -0.1804 0.3805 0.9070
vn -0.1914 0.1939 0.9622
vn -0.1951 -0.0000 0.9808
vn -0.1914 -0.1939 0.9622
vn -0.1804 -0.3805 0.9070
vn -0.1626 -0.5528 0.8173
vn -0.1385 -0.7041 0.6965
vn -0.1092 -0.8286 0.5490
vn -0.0757 -0.9217 0.3804
vn -0.0392 -0.9796 0.1971
vn -0.2142 0.8286 0.5172
vn -0.2718 0.7041 0.6561
vn -0.3189 0.5528 0.7699
vn -0.3539 0.3805 0.8544
vn -0.3754 0.1939 0.9063
vn -0.3827 -0.0000 0.9239
vn -0.3754 -0.1939 0.9063
vn -0.3539 -0.3805 0.8544
vn -0.3189 -0.5528 0.7699
vn -0.2718 -0.7041 0.6561
vn -0.2142 -0.8286 0.5172
vn -0.1484 -0.9217 0.3584
vn -0.0769 -0.9796 0.1857
vn -0.1117 0.9796 0.1671
vn -0.3110 0.8286 0.4654
vn -0.3945 0.7041 0.5905
vn -0.4630 0.5528 0.6929
vn -0.5138 0.3805 0.7689
vn -0.5450 0.1939 0.8157
vn -0.5556 -0.0000 0.8315
vn -0.5450 -0.1939 0.8157
vn -0.5138 -0.3805 0.7689
vn -0.4630 -0.5528 0.6929
vn -0.3945 -0.7041 0.5905
vn -0.3110 -0.8286 0.4654
vn -0.2155 -0.9217 0.3225
vn -0.1116 -0.9796 0.1671
vn -0.3958 0.8286 0.3958
vn -0.5021 0.7041 0.5021
vn -0.5893 0.5528 0.5893
vn -0.6539 0.3805 0.6539
vn -0.6937 0.1939 0.6937
vn -0.7071 -0.0000 0.7071
vn -0.6937 -0.1939 0.6937
vn -0.6539 -0.3805 0.6539
vn -0.5893 -0.5528 0.5893
vn -0.5021 -0.7041 0.5021
vn -0.3958 -0.8286 0.3958
vn -0.2743 -0.9217 0.2743
vn -0.1421 -0.9796 0.1421
vn -0.0000 -1.0000 -0.0000
vn -0.4654 0.8286 0.3110
vn -0.5905 0.7041 0.3945
vn -0.6929 0.5528 0.4630
vn -0.7689 0.3805 0.5138
vn -0.8157 0.1939 0.5450
vn -0.8315 -0.0000 0.5556
vn -0.8157 -0.1939 0.5450
vn -0.7689 -0.3805 0.5138
vn -0.6929 -0.5528 0.4630
vn -0.5905 -0.7041 0.3945
vn -0.4654 -0.8286 0.3110
vn -0.3225 -0.9217 0.2155
vn -0.1671 -0.9796 0.1117
vn -0.6561 0.7041 0.2718
vn -0.7699 0.5528 0.3189
vn -0.8544 0.3805 0.3539
vn -0.9063 0.1939 0.3754
vn -0.9239 -0.0000 0.3827
vn -0.9063 -0.1939 0.3754
vn -0.8544 -0.3805 0.3539
vn -0.7699 -0.5528 0.3189
vn -0.6561 -0.7041 0.2718
vn -0.5172 -0.8286 0.2142
vn -0.3584 -0.9217 0.1484
vn -0.1857 -0.9796 0.0769
vn -0.9070 0.3805 0.1804
vn -0.9622 0.1939 0.1914
vn -0.9808 -0.0000 0.1951
vn -0.9622 -0.1939 0.1914
vn -0.8173 -0.5528 0.1626
vn -0.6965 -0.7041 0.1385
vn -0.5490 -0.8286 0.1092
vn -0.3804 -0.9217 0.0757
vn -0.1971 -0.9796 0.0392
vn -0.2010 -0.9796 -0.0000
vn -0.3804 -0.9217 -0.0757
vn -0.1971 -0.9796 -0.0392
vn -0.5172 -0.8286 -0.2142
vn -0.3584 -0.9217 -0.1484
vn -0.1857 -0.9796 -0.0769
vn -0.5905 -0.7041 -0.3945
vn -0.4654 -0.8286 -0.3110
vn -0.3225 -0.9217 -0.2155
vn -0.1671 -0.9796 -0.1117
vn -0.5893 -0.5528 -0.5893
vn -0.5021 -0.7041 -0.5021
vn -0.3958 -0.8286 -0.3958
vn -0.2743 -0.9217 -0.2743
vn -0.1421 -0.9796 -0.1421
vn -0.4630 -0.5528 -0.6929
vn -0.3945 -0.7041 -0.5905
vn -0.3110 -0.8286 -0.4654
vn -0.2155 -0.9217 -0.3225
vn -0.1117 -0.9796 -0.1671
vn -0.3539 -0.3805 -0.8544
vn -0.3189 -0.5528 -0.7699
vn -0.2718 -0.7041 -0.6561
vn -0.2142 -0.8286 -0.5172
vn -0.1484 -0.9217 -0.3584
vn -0.0769 -0.9796 -0.1857
vn -0.1804 -0.3805 -0.9070
vn -0.1626 -0.5528 -0.8173
vn -0.1385 -0.7041 -0.6965
vn -0.1092 -0.8286 -0.5490
vn -0.0757 -0.9217 -0.3804
vn -0.0392 -0.9796 -0.1971
vn -0.0000 -0.3805 -0.9248
vn -0.0000 -0.7041 -0.7101
vn -0.0000 -0.8286 -0.5598
vn -0.0000 -0.9217 -0.3879
vn -0.0000 -0.9796 -0.2010
vn 0.0200 0.9997 0.0116
vn 0.0726 0.9652 0.2512
vn 0.0844 0.9141 0.3965
vn 0.1015 0.6960 0.7108
vn 0.1317 0.4107 0.9022
vn 0.1674 0.2230 0.9603
vn 0.2253 0.1334 0.9651
vn 0.2696 0.0825 0.9594
vn 0.2573 -0.0255 0.9660
vn 0.1976 -0.1847 0.9627
vn 0.0864 -0.3653 0.9269
vn -0.1196 -0.5676 0.8146
vn -0.3712 -0.6735 0.6392
vn -0.5691 -0.6727 0.4729
vn -0.6629 -0.6940 0.2809
vn 0.0811 0.9967 0.0071
vn 0.1815 0.9350 0.3047
vn 0.2375 0.8507 0.4689
vn 0.2765 0.6004 0.7504
vn 0.3019 0.3054 0.9031
vn 0.3549 0.1077 0.9287
vn 0.4630 0.0282 0.8859
vn 0.5019 0.0322 0.8643
vn 0.4526 -0.0057 0.8917
vn 0.3397 -0.1091 0.9342
vn 0.1510 -0.2601 0.9537
vn -0.1537 -0.4317 0.8888
vn -0.5237 -0.4810 0.7032
vn -0.7752 -0.4555 0.4377
vn -0.8188 -0.5020 0.2786
vn 0.1236 0.9919 -0.0300
vn 0.3353 0.9013 0.2744
vn 0.4573 0.6970 0.5523
vn 0.4659 0.3910 0.7937
vn 0.4477 0.0800 0.8906
vn 0.5590 -0.1530 0.8149
vn 0.7942 -0.1442 0.5903
vn 0.7758 0.0338 0.6301
vn 0.6515 0.0735 0.7551
vn 0.4589 -0.0028 0.8885
vn 0.2203 -0.1897 0.9568
vn -0.1097 -0.3644 0.9248
vn -0.4739 -0.4555 0.7536
vn -0.7723 -0.4977 0.3948
vn -0.8232 -0.5256 0.2148
vn 0.1904 0.9769 -0.0976
vn 0.5254 0.8229 0.2166
vn 0.6703 0.4839 0.5626
vn 0.5571 0.0824 0.8263
vn 0.4168 -0.1799 0.8910
vn 0.4623 -0.3832 0.7997
vn 0.8203 -0.3742 0.4325
vn 0.9424 0.1193 0.3124
vn 0.8007 0.2019 0.5640
vn 0.5992 0.0728 0.7973
vn 0.3791 -0.1763 0.9084
vn 0.0522 -0.3904 0.9191
vn -0.3152 -0.6147 0.7230
vn -0.7095 -0.6516 0.2684
vn -0.7940 -0.6042 0.0669
vn 0.2645 0.9520 -0.1538
vn 0.7140 0.6809 0.1628
vn 0.8146 0.2753 0.5105
vn 0.5978 0.1306 0.7910
vn 0.2668 -0.0340 0.9632
vn -0.0716 -0.2084 0.9754
vn 0.2823 -0.5287 0.8005
vn 0.9519 0.2731 0.1390
vn 0.8596 0.3589 0.3637
vn 0.7740 0.0923 0.6264
vn 0.6144 -0.1850 0.7670
vn 0.3643 -0.4604 0.8095
vn -0.0716 -0.8429 0.5332
vn -0.5855 -0.8079 0.0669
vn -0.7311 -0.6695 -0.1314
vn 0.3158 0.9403 -0.1265
vn 0.8212 0.5666 0.0685
vn 0.9192 0.2508 0.3035
vn 0.8694 -0.1581 0.4681
vn 0.5316 -0.7182 0.4490
vn -0.2804 -0.7175 0.6376
vn -0.4989 -0.7027 0.5074
vn 0.9059 0.4122 0.0971
vn 0.8764 0.4102 0.2521
vn 0.8976 0.0847 0.4326
vn 0.8523 -0.1600 0.4979
vn 0.7155 -0.5656 0.4102
vn 0.1913 -0.9791 0.0696
vn -0.4551 -0.8550 -0.2487
vn -0.6614 -0.6876 -0.2996
vn 0.3325 0.9430 -0.0106
vn 0.8528 0.5222 -0.0031
vn 0.9598 0.2625 -0.0992
vn 0.8146 -0.0574 -0.5771
vn 0.2971 -0.8097 -0.5062
vn -0.6015 -0.6941 -0.3956
vn -0.5713 -0.7193 0.3953
vn 0.8205 0.5595 0.1172
vn 0.8936 0.4149 0.1713
vn 0.9805 0.0826 0.1782
vn 0.9859 -0.1564 0.0601
vn 0.8328 -0.5219 -0.1844
vn 0.2479 -0.8497 -0.4654
vn -0.3827 -0.7683 -0.5130
vn -0.6020 -0.6746 -0.4272
vn 0.3018 0.9443 0.1314
vn 0.8330 0.5523 -0.0336
vn 0.9475 0.2448 -0.2056
vn 0.6807 0.0799 -0.7282
vn -0.0550 -0.2400 -0.9692
vn -0.6497 -0.3798 -0.6586
vn -0.4771 -0.8320 -0.2830
vn 0.8039 0.5752 0.1513
vn 0.9103 0.4034 0.0931
vn 0.9959 0.0754 -0.0509
vn 0.9358 -0.1917 -0.2960
vn 0.6961 -0.4431 -0.5649
vn 0.1755 -0.6670 -0.7241
vn -0.3398 -0.6764 -0.6534
vn -0.5543 -0.6541 -0.5147
vn 0.2508 0.9428 0.2195
vn 0.7941 0.6041 0.0676
vn 0.9438 0.1899 -0.2706
vn 0.5800 0.0052 -0.8146
vn -0.1667 -0.2854 -0.9438
vn -0.4873 -0.4456 -0.7509
vn 0.6891 -0.5419 -0.4811
vn 0.8441 0.5253 0.1073
vn 0.9287 0.3699 -0.0263
vn 0.9782 0.0596 -0.1991
vn 0.8493 -0.2643 -0.4569
vn 0.5379 -0.4812 -0.6922
vn 0.1133 -0.5943 -0.7962
vn -0.3055 -0.6226 -0.7204
vn -0.5153 -0.6444 -0.5650
vn 0.1904 0.9602 0.2043
vn 0.6582 0.7509 0.0537
vn 0.8514 0.3297 -0.4079
vn 0.5113 -0.0461 -0.8581
vn -0.0330 -0.3108 -0.9499
vn 0.0547 -0.5181 -0.8535
vn 0.8746 -0.3410 -0.3446
vn 0.8985 0.4384 -0.0236
vn 0.9194 0.3455 -0.1878
vn 0.9374 0.0722 -0.3407
vn 0.7949 -0.3131 -0.5197
vn 0.4744 -0.5878 -0.6553
vn 0.0625 -0.6900 -0.7211
vn -0.2760 -0.6842 -0.6751
vn -0.4787 -0.6899 -0.5430
vn 0.1155 0.9872 0.1099
vn 0.3871 0.9201 -0.0604
vn 0.5560 0.6710 -0.4906
vn 0.4260 0.1930 -0.8839
vn 0.2884 -0.1945 -0.9376
vn 0.5670 -0.3533 -0.7441
vn 0.9715 -0.0101 -0.2370
vn 0.9153 0.3405 -0.2151
vn 0.8893 0.3149 -0.3316
vn 0.8922 0.1408 -0.4292
vn 0.7770 -0.2931 -0.5571
vn 0.4474 -0.6565 -0.6073
vn 0.0751 -0.8209 -0.5661
vn -0.2494 -0.8235 -0.5096
vn -0.4437 -0.7682 -0.4615
vn 0.0650 0.9970 0.0411
vn 0.1796 0.9711 -0.1569
vn 0.2212 0.8353 -0.5033
vn 0.2820 0.3486 -0.8938
vn 0.4295 -0.0439 -0.9020
vn 0.6696 -0.0363 -0.7419
vn 0.8443 0.2091 -0.4933
vn 0.8286 0.3155 -0.4625
vn 0.8099 0.3132 -0.4960
vn 0.8000 0.1539 -0.5799
vn 0.6951 -0.2663 -0.6678
vn 0.3174 -0.6811 -0.6599
vn -0.0062 -0.8484 -0.5293
vn -0.2553 -0.8706 -0.4205
vn -0.4144 -0.8311 -0.3708
vn 0.0425 0.9990 0.0156
vn 0.0991 0.9806 -0.1690
vn 0.1300 0.8778 -0.4611
vn 0.2250 0.4377 -0.8705
vn 0.3495 0.1320 -0.9276
vn 0.5016 0.1859 -0.8449
vn 0.6027 0.3861 -0.6983
vn 0.6145 0.4048 -0.6772
vn 0.5877 0.3457 -0.7315
vn 0.5576 0.1178 -0.8217
vn 0.4385 -0.2918 -0.8501
vn 0.1278 -0.6652 -0.7357
vn -0.1474 -0.7985 -0.5836
vn -0.2798 -0.8588 -0.4292
vn -0.3879 -0.8765 -0.2853
vn 0.0280 0.9994 0.0227
vn 0.0703 0.9831 -0.1692
vn 0.0854 0.8928 -0.4423
vn 0.1668 0.5507 -0.8179
vn 0.2727 0.2370 -0.9324
vn 0.3836 0.3011 -0.8730
vn 0.4131 0.4890 -0.7683
vn 0.3114 0.4480 -0.8380
vn 0.2423 0.3218 -0.9153
vn 0.1932 0.0719 -0.9785
vn 0.1074 -0.3053 -0.9462
vn -0.0556 -0.6538 -0.7546
vn -0.2366 -0.7614 -0.6035
vn -0.3081 -0.8506 -0.4261
vn -0.3890 -0.8852 -0.2550
vn 0.0061 0.9990 0.0453
vn 0.0003 0.9886 -0.1505
vn -0.0102 0.9114 -0.4114
vn 0.0456 0.6424 -0.7650
vn 0.2138 0.3213 -0.9225
vn 0.2882 0.3315 -0.8984
vn 0.1351 0.3821 -0.9142
vn -0.1975 0.3128 -0.9291
vn -0.2985 0.1867 -0.9360
vn -0.3414 -0.0256 -0.9396
vn -0.3337 -0.3008 -0.8934
vn -0.2995 -0.5817 -0.7563
vn -0.3027 -0.7221 -0.6220
vn -0.3077 -0.8328 -0.4601
vn -0.2889 -0.9369 -0.1970
vn 0.2504 0.1153 0.9612
vn 0.4957 0.0259 0.8681
vn 0.8181 -0.0532 0.5726
vn 0.9722 -0.0755 0.2215
vn 0.9210 -0.0986 0.3770
vn 0.7396 -0.3986 0.5424
vn 0.7382 -0.5909 0.3254
vn 0.9448 0.2892 0.1539
vn 0.9352 0.3251 0.1403
vn 0.9601 0.2757 0.0480
vn 0.9623 0.2234 -0.1549
vn 0.8462 0.2724 -0.4580
vn 0.6184 0.4032 -0.6745
vn 0.3759 0.4883 -0.7876
vn -0.0404 0.3507 -0.9356
vn 0.1970 0.1539 0.9682
vn 0.4126 0.0382 0.9101
vn 0.7084 -0.2114 0.6734
vn 0.5377 -0.4840 0.6903
vn -0.4308 -0.3815 0.8178
vn -0.7436 -0.5349 0.4012
vn -0.8136 -0.5695 0.1173
vn -0.7257 -0.4787 -0.4942
vn -0.3689 -0.6000 -0.7099
vn 0.4532 -0.5744 -0.6817
vn 0.8703 -0.2252 -0.4380
vn 0.7996 0.1206 -0.5883
vn 0.5659 0.3319 -0.7547
vn 0.4205 0.4406 -0.7931
vn 0.2546 0.4040 -0.8786
vn 0.8786 0.2630 0.3986
vn 0.7578 0.6441 0.1044
vn 0.7396 -0.1618 0.6533
vn 0.8477 0.0985 0.5212
vn 0.8239 0.1270 0.5522
vn 0.5294 -0.4888 0.6934
vn 0.2379 -0.0962 0.9665
vn 0.0017 -0.9232 0.3842
vn -0.3216 -0.3815 0.8667
vn -0.5440 -0.8317 -0.1115
vn -0.2069 -0.5637 0.7997
vn -0.6898 -0.6913 -0.2151
vn 0.9476 0.2781 0.1575
vn 0.2697 0.9490 -0.1632
vn 0.8761 0.3998 0.2695
vn 0.8069 -0.2380 0.5406
vn -0.6601 -0.4897 0.5697
vn -0.6623 -0.7287 0.1741
vn -0.2473 -0.6895 0.6808
vn 0.6055 -0.5230 0.5999
vn 0.0461 -0.2687 0.9621
vn -0.7589 -0.6507 -0.0240
vn 0.9658 0.2047 0.1591
vn 0.2265 0.9623 -0.1508
vn 0.8430 0.3014 0.4455
vn 0.6434 0.7466 0.1693
vn 0.6912 0.0947 0.7165
vn 0.7621 0.3411 0.5503
vn 0.4813 -0.1869 0.8564
vn 0.5365 0.0568 0.8420
vn 0.1911 -0.4141 0.8899
vn 0.3172 -0.1167 0.9412
vn 0.9866 -0.0781 0.1433
vn -0.1155 -0.5127 0.8508
vn 0.0916 0.8506 0.5178
vn 0.2671 0.7707 0.5785
vn 0.4768 0.5676 0.6712
vn 0.6475 0.2849 0.7068
vn 0.7764 0.2059 0.5956
vn 0.9661 0.2522 -0.0553
vn 0.9500 0.2696 -0.1575
vn 0.9086 0.2204 -0.3548
vn 0.8762 0.1455 -0.4595
vn 0.7787 0.1095 -0.6178
vn 0.4930 0.3864 -0.7795
vn 0.2307 0.6446 -0.7289
vn 0.1645 0.7169 -0.6775
vn 0.1091 0.7715 -0.6268
vn -0.0093 0.8163 -0.5776
vn 0.9341 0.2700 0.2337
vn 0.7223 0.1548 0.6740
vn 0.1204 0.8225 0.5559
vn 0.1874 0.6795 0.7093
vn 0.6704 0.2087 0.7121
vn 0.5831 0.2830 0.7615
vn 0.4481 0.5006 0.7407
vn 0.4649 0.3922 0.7937
vn 0.2236 -0.1826 0.9574
vn 0.1939 -0.3976 0.8968
vn 0.1938 -0.5636 0.8029
vn 0.1801 -0.7051 0.6859
vn 0.1576 -0.8191 0.5515
vn 0.1080 -0.9095 0.4015
vn 0.0403 -0.9784 0.2026
vn 0.2259 0.8167 0.5310
vn 0.3513 0.6296 0.6929
vn 0.6476 0.1712 0.7425
vn 0.7716 0.0051 0.6361
vn 0.6021 0.6355 0.4832
vn 0.5451 0.4876 0.6819
vn 0.4504 -0.1107 0.8859
vn 0.3682 -0.4012 0.8388
vn 0.3382 -0.5750 0.7450
vn 0.3198 -0.7129 0.6241
vn 0.2907 -0.8130 0.5045
vn 0.2065 -0.8964 0.3921
vn 0.0791 -0.9784 0.1909
vn 0.1116 0.9796 0.1671
vn 0.3155 0.8165 0.4835
vn 0.4247 0.6061 0.6725
vn 0.4899 0.0876 0.8674
vn 0.0765 -0.0730 0.9944
vn 0.0061 0.5949 0.8038
vn 0.3304 0.5559 0.7628
vn 0.5704 -0.0319 0.8208
vn 0.5204 -0.3835 0.7630
vn 0.4467 -0.5900 0.6726
vn 0.4142 -0.7376 0.5332
vn 0.3909 -0.8009 0.4536
vn 0.2917 -0.8801 0.3746
vn 0.1148 -0.9784 0.1718
vn 0.3949 0.8221 0.4101
vn 0.4940 0.6455 0.5825
vn 0.3455 0.1241 0.9302
vn 0.0809 0.1513 0.9852
vn 0.0982 0.4291 0.8979
vn 0.3164 0.4445 0.8380
vn 0.6765 -0.0213 0.7361
vn 0.6520 -0.3598 0.6674
vn 0.5484 -0.6065 0.5756
vn 0.4522 -0.7515 0.4803
vn 0.4003 -0.7872 0.4692
vn 0.3087 -0.8800 0.3610
vn 0.1461 -0.9784 0.1461
vn 0.4645 0.8273 0.3159
vn 0.5848 0.6882 0.4294
vn 0.6496 0.4920 0.5797
vn 0.6326 0.3418 0.6950
vn 0.6541 0.2551 0.7121
vn 0.7669 0.1038 0.6333
vn 0.7993 -0.1340 0.5858
vn 0.7588 -0.3701 0.5360
vn 0.6422 -0.6065 0.4688
vn 0.5051 -0.7318 0.4575
vn 0.4313 -0.7849 0.4448
vn 0.3203 -0.9014 0.2912
vn 0.1718 -0.9784 0.1148
vn 0.6563 0.7022 0.2760
vn 0.7674 0.5473 0.3340
vn 0.8451 0.3689 0.3870
vn 0.8880 0.1986 0.4147
vn 0.9122 0.0172 0.4093
vn 0.9030 -0.1843 0.3882
vn 0.8521 -0.3804 0.3594
vn 0.7374 -0.5832 0.3406
vn 0.6126 -0.7119 0.3433
vn 0.5143 -0.8067 0.2912
vn 0.3568 -0.9182 0.1720
vn 0.1909 -0.9784 0.0791
vn 0.9071 0.3798 0.1814
vn 0.9618 0.1939 0.1933
vn 0.9806 0.0010 0.1962
vn 0.9622 -0.1938 0.1915
vn 0.8100 -0.5605 0.1722
vn 0.6897 -0.7055 0.1630
vn 0.5523 -0.8241 0.1257
vn 0.3805 -0.9217 0.0759
vn 0.2027 -0.9784 0.0403
vn 0.2067 -0.9784 0.0001
vn 0.3815 -0.9214 -0.0739
vn 0.2051 -0.9782 -0.0325
vn 0.5175 -0.8285 -0.2139
vn 0.3653 -0.9201 -0.1415
vn 0.2061 -0.9773 -0.0483
vn 0.5910 -0.7038 -0.3942
vn 0.4771 -0.8246 -0.3039
vn 0.3648 -0.9133 -0.1811
vn 0.2294 -0.9730 -0.0261
vn 0.5891 -0.5528 -0.5893
vn 0.5104 -0.6997 -0.5000
vn 0.4484 -0.8105 -0.3769
vn 0.3911 -0.9029 -0.1785
vn 0.2713 -0.9621 0.0290
vn 0.4624 -0.5533 -0.6929
vn 0.4201 -0.6880 -0.5918
vn 0.4224 -0.7959 -0.4337
vn 0.4090 -0.8976 -0.1643
vn 0.2965 -0.9523 0.0728
vn 0.3525 -0.3817 -0.8544
vn 0.3200 -0.5512 -0.7706
vn 0.3128 -0.6769 -0.6663
vn 0.3565 -0.7921 -0.4954
vn 0.3669 -0.9160 -0.1620
vn 0.2797 -0.9552 0.0965
vn 0.1797 -0.3830 -0.9061
vn 0.1769 -0.5439 -0.8203
vn 0.2350 -0.6545 -0.7186
vn 0.5201 -0.6885 -0.5055
vn 0.6414 -0.7647 -0.0621
vn 0.2975 -0.9477 0.1155
vn 0.1116 -0.9796 -0.1671
vt 0.250000 0.687500
vt 0.250000 0.750000
vt 0.218750 0.750000
vt 0.218750 0.687500
vt 0.250000 0.187500
vt 0.250000 0.250000
vt 0.218750 0.250000
vt 0.218750 0.187500
vt 0.250000 0.625000
vt 0.218750 0.625000
vt 0.250000 0.125000
vt 0.218750 0.125000
vt 0.250000 0.594847
vt 0.218750 0.594847
vt 0.250000 0.062500
vt 0.218750 0.062500
vt 0.250000 0.531250
vt 0.250000 0.562500
vt 0.218750 0.562500
vt 0.218750 0.531250
vt 0.250000 0.937500
vt 0.234375 1.000000
vt 0.218750 0.937500
vt 0.234375 0.000000
vt 0.250000 0.437500
vt 0.250000 0.500000
vt 0.218750 0.500000
vt 0.218750 0.437500
vt 0.250000 0.875000
vt 0.218750 0.875000
vt 0.250000 0.375000
vt 0.218750 0.375000
vt 0.250000 0.812500
vt 0.218750 0.812500
vt 0.250000 0.312500
vt 0.218750 0.312500
vt 0.250000 0.780939
vt 0.218750 0.780939
vt 0.187500 0.500000
vt 0.187500 0.437500
vt 0.187500 0.937500
vt 0.187500 0.875000
vt 0.187500 0.375000
vt 0.187500 0.812500
vt 0.187500 0.312500
vt 0.187500 0.780939
vt 0.187500 0.250000
vt 0.187500 0.750000
vt 0.187500 0.687500
vt 0.187500 0.187500
vt 0.187500 0.625000
vt 0.187500 0.125000
vt 0.187500 0.594847
vt 0.187500 0.062500
vt 0.187500 0.562500
vt 0.187500 0.531250
vt 0.203125 1.000000
vt 0.203125 0.000000
vt 0.156250 0.250000
vt 0.156250 0.187500
vt 0.156250 0.687500
vt 0.156250 0.625000
vt 0.156250 0.125000
vt 0.156250 0.594847
vt 0.156250 0.062500
vt 0.156250 0.562500
vt 0.156250 0.531250
vt 0.171875 1.000000
vt 0.156250 0.937500
vt 0.171875 0.000000
vt 0.156250 0.500000
vt 0.156250 0.437500
vt 0.156250 0.875000
vt 0.156250 0.375000
vt 0.156250 0.812500
vt 0.156250 0.312500
vt 0.156250 0.780939
vt 0.156250 0.750000
vt 0.125000 0.437500
vt 0.125000 0.375000
vt 0.125000 0.875000
vt 0.125000 0.812500
vt 0.125000 0.312500
vt 0.125000 0.780939
vt 0.125000 0.250000
vt 0.125000 0.750000
vt 0.125000 0.687500
vt 0.125000 0.187500
vt 0.125000 0.625000
vt 0.125000 0.125000
vt 0.125000 0.594847
vt 0.125000 0.062500
vt 0.125000 0.562500
vt 0.125000 0.531250
vt 0.140625 1.000000
vt 0.125000 0.937500
vt 0.140625 0.000000
vt 0.125000 0.500000
vt 0.108595 0.125000
vt 0.108595 0.187500
vt 0.093750 0.187500
vt 0.093750 0.125000
vt 0.108595 0.594847
vt 0.108595 0.625000
vt 0.093750 0.625000
vt 0.093750 0.594847
vt 0.108595 0.062500
vt 0.093750 0.062500
vt 0.108595 0.531250
vt 0.108595 0.562500
vt 0.093750 0.562500
vt 0.093750 0.531250
vt 0.109375 1.000000
vt 0.093750 0.937500
vt 0.108595 0.937500
vt 0.109375 0.000000
vt 0.108595 0.437500
vt 0.108595 0.500000
vt 0.093750 0.500000
vt 0.093750 0.437500
vt 0.108595 0.875000
vt 0.093750 0.875000
vt 0.108595 0.375000
vt 0.093750 0.375000
vt 0.108595 0.812500
vt 0.093750 0.812500
vt 0.108595 0.312500
vt 0.093750 0.312500
vt 0.108595 0.780938
vt 0.093750 0.780939
vt 0.108595 0.250000
vt 0.093750 0.250000
vt 0.108595 0.687500
vt 0.108595 0.750000
vt 0.093750 0.750000
vt 0.093750 0.687500
vt 0.078370 0.812500
vt 0.078370 0.875000
vt 0.062500 0.875000
vt 0.062500 0.812500
vt 0.078370 0.312500
vt 0.078370 0.375000
vt 0.062500 0.375000
vt 0.062500 0.312500
vt 0.078370 0.250000
vt 0.062500 0.250000
vt 0.078370 0.687500
vt 0.078370 0.750000
vt 0.062500 0.750000
vt 0.062500 0.687500
vt 0.078370 0.187500
vt 0.062500 0.187500
vt 0.078370 0.625000
vt 0.062500 0.625000
vt 0.078370 0.125000
vt 0.062500 0.125000
vt 0.078370 0.594847
vt 0.062500 0.594847
vt 0.078370 0.062500
vt 0.062500 0.062500
vt 0.078370 0.531250
vt 0.078370 0.562500
vt 0.062500 0.562500
vt 0.062500 0.531250
vt 0.078125 1.000000
vt 0.062500 0.937500
vt 0.078366 0.937499
vt 0.078125 0.000000
vt 0.078370 0.437500
vt 0.078370 0.500000
vt 0.062500 0.500000
vt 0.062500 0.437500
vt 0.031250 0.625000
vt 0.031250 0.594847
vt 0.031250 0.125000
vt 0.031250 0.062500
vt 0.031250 0.562500
vt 0.031250 0.531250
vt 0.046875 1.000000
vt 0.031250 0.937500
vt 0.046875 0.000000
vt 0.031250 0.500000
vt 0.031250 0.437500
vt 0.031250 0.875000
vt 0.031250 0.375000
vt 0.031250 0.812500
vt 0.031250 0.312500
vt 0.031250 0.250000
vt 0.031250 0.750000
vt 0.031250 0.687500
vt 0.031250 0.187500
vt 0.000000 0.375000
vt 0.000000 0.312500
vt 0.031250 0.780939
vt 0.000000 0.812500
vt 0.000000 0.780939
vt 0.000000 0.250000
vt 0.000000 0.750000
vt 0.000000 0.687500
vt 0.000000 0.187500
vt 0.000000 0.625000
vt 0.000000 0.125000
vt 0.000000 0.594847
vt 0.000000 0.062500
vt 0.000000 0.562500
vt 0.000000 0.531250
vt 0.015625 1.000000
vt 0.000000 0.937500
vt 0.015625 0.000000
vt 0.000000 0.500000
vt 0.000000 0.437500
vt 0.000000 0.875000
vt 1.000000 0.062500
vt 1.000000 0.125000
vt 0.968750 0.125000
vt 0.968750 0.062500
vt 1.000000 0.531250
vt 1.000000 0.562500
vt 0.968750 0.562500
vt 0.968750 0.531250
vt 1.000000 0.937500
vt 0.984375 1.000000
vt 0.968750 0.937500
vt 0.984375 0.000000
vt 1.000000 0.437500
vt 1.000000 0.500000
vt 0.968750 0.500000
vt 0.968750 0.437500
vt 1.000000 0.875000
vt 0.968750 0.875000
vt 1.000000 0.375000
vt 0.968750 0.375000
vt 1.000000 0.812500
vt 0.968750 0.812500
vt 1.000000 0.312500
vt 0.968750 0.312500
vt 1.000000 0.780939
vt 0.968750 0.780938
vt 1.000000 0.250000
vt 0.968750 0.250000
vt 1.000000 0.687500
vt 1.000000 0.750000
vt 0.968750 0.750000
vt 0.968750 0.687500
vt 1.000000 0.187500
vt 0.968750 0.187500
vt 1.000000 0.625000
vt 0.968750 0.625000
vt 1.000000 0.594847
vt 0.968750 0.594847
vt 0.937500 0.812500
vt 0.937500 0.780939
vt 0.937500 0.312500
vt 0.937500 0.250000
vt 0.937500 0.750000
vt 0.937500 0.687500
vt 0.937500 0.187500
vt 0.937500 0.625000
vt 0.937500 0.125000
vt 0.937500 0.594847
vt 0.937500 0.062500
vt 0.937500 0.562500
vt 0.937500 0.531250
vt 0.953125 1.000000
vt 0.937500 0.937500
vt 0.953125 0.000000
vt 0.937500 0.500000
vt 0.937500 0.437500
vt 0.937500 0.875000
vt 0.937500 0.375000
vt 0.906250 0.562500
vt 0.906250 0.531250
vt 0.921875 1.000000
vt 0.906250 0.937500
vt 0.921875 0.000000
vt 0.906250 0.062500
vt 0.906250 0.500000
vt 0.906250 0.437500
vt 0.906250 0.875000
vt 0.906250 0.375000
vt 0.906250 0.812500
vt 0.906250 0.312500
vt 0.906250 0.780939
vt 0.906250 0.250000
vt 0.906250 0.750000
vt 0.906250 0.687500
vt 0.906250 0.187500
vt 0.906250 0.625000
vt 0.906250 0.125000
vt 0.906250 0.594847
vt 0.875000 0.312500
vt 0.875000 0.250000
vt 0.875000 0.750000
vt 0.875000 0.687500
vt 0.875000 0.187500
vt 0.875000 0.625000
vt 0.875000 0.125000
vt 0.875000 0.594847
vt 0.875000 0.062500
vt 0.875000 0.562500
vt 0.875000 0.531250
vt 0.890625 1.000000
vt 0.875000 0.937500
vt 0.890625 0.000000
vt 0.875000 0.500000
vt 0.875000 0.437500
vt 0.875000 0.875000
vt 0.875000 0.375000
vt 0.875000 0.812500
vt 0.875000 0.780939
vt 0.859375 0.000000
vt 0.843750 0.062500
vt 0.843750 0.500000
vt 0.843750 0.437500
vt 0.843750 0.937500
vt 0.843750 0.875000
vt 0.843750 0.375000
vt 0.843750 0.812500
vt 0.843750 0.312500
vt 0.843750 0.780939
vt 0.843750 0.250000
vt 0.843750 0.750000
vt 0.843750 0.687500
vt 0.843750 0.187500
vt 0.843750 0.625000
vt 0.843750 0.125000
vt 0.843750 0.594847
vt 0.843750 0.562500
vt 0.843750 0.531250
vt 0.859375 1.000000
vt 0.812500 0.250000
vt 0.812500 0.187500
vt 0.812500 0.687500
vt 0.812500 0.625000
vt 0.812500 0.125000
vt 0.812500 0.594847
vt 0.812500 0.062500
vt 0.812500 0.562500
vt 0.812500 0.531250
vt 0.828125 1.000000
vt 0.812500 0.937500
vt 0.828125 0.000000
vt 0.812500 0.500000
vt 0.812500 0.437500
vt 0.812500 0.875000
vt 0.812500 0.375000
vt 0.812500 0.812500
vt 0.812500 0.312500
vt 0.812500 0.780939
vt 0.812500 0.750000
vt 0.781250 0.937500
vt 0.781250 0.875000
vt 0.781250 0.437500
vt 0.781250 0.375000
vt 0.781250 0.812500
vt 0.781250 0.312500
vt 0.781250 0.780939
vt 0.781250 0.250000
vt 0.781250 0.750000
vt 0.781250 0.687500
vt 0.781250 0.187500
vt 0.781250 0.625000
vt 0.781250 0.125000
vt 0.781250 0.594847
vt 0.781250 0.062500
vt 0.781250 0.562500
vt 0.781250 0.531250
vt 0.796875 1.000000
vt 0.796875 0.000000
vt 0.781250 0.500000
vt 0.750000 0.687500
vt 0.750000 0.625000
vt 0.750000 0.187500
vt 0.750000 0.125000
vt 0.750000 0.594847
vt 0.750000 0.062500
vt 0.750000 0.562500
vt 0.750000 0.531250
vt 0.765625 1.000000
vt 0.750000 0.937500
vt 0.765625 0.000000
vt 0.750000 0.500000
vt 0.750000 0.437500
vt 0.750000 0.875000
vt 0.750000 0.375000
vt 0.750000 0.812500
vt 0.750000 0.312500
vt 0.750000 0.780938
vt 0.750000 0.250000
vt 0.750000 0.750000
vt 0.078370 0.780939
vt 0.062500 0.780939
vt 0.718750 0.812500
vt 0.718750 0.750000
vt 0.718750 0.312500
vt 0.718750 0.250000
vt 0.718750 0.687500
vt 0.718750 0.187500
vt 0.718750 0.625000
vt 0.718750 0.125000
vt 0.718750 0.562500
vt 0.718750 0.062500
vt 0.718750 0.500000
vt 0.734375 1.000000
vt 0.718750 0.937500
vt 0.734375 0.000000
vt 0.718750 0.437500
vt 0.718750 0.875000
vt 0.718750 0.375000
vt 0.687500 0.875000
vt 0.687500 0.812500
vt 0.687500 0.375000
vt 0.687500 0.312500
vt 0.687500 0.750000
vt 0.687500 0.250000
vt 0.687500 0.687500
vt 0.687500 0.187500
vt 0.687500 0.625000
vt 0.687500 0.125000
vt 0.687500 0.562500
vt 0.687500 0.062500
vt 0.687500 0.500000
vt 0.703125 1.000000
vt 0.687500 0.937500
vt 0.703125 0.000000
vt 0.687500 0.437500
vt 0.656250 0.625000
vt 0.656250 0.562500
vt 0.656250 0.125000
vt 0.656250 0.062500
vt 0.656250 0.500000
vt 0.671875 1.000000
vt 0.656250 0.937500
vt 0.671875 0.000000
vt 0.656250 0.437500
vt 0.656250 0.875000
vt 0.656250 0.375000
vt 0.656250 0.812500
vt 0.656250 0.312500
vt 0.656250 0.750000
vt 0.656250 0.250000
vt 0.656250 0.687500
vt 0.656250 0.187500
vt 0.625000 0.375000
vt 0.625000 0.312500
vt 0.625000 0.812500
vt 0.625000 0.750000
vt 0.625000 0.250000
vt 0.625000 0.687500
vt 0.625000 0.187500
vt 0.625000 0.625000
vt 0.625000 0.125000
vt 0.625000 0.562500
vt 0.625000 0.062500
vt 0.625000 0.500000
vt 0.640625 1.000000
vt 0.625000 0.937500
vt 0.640625 0.000000
vt 0.625000 0.437500
vt 0.625000 0.875000
vt 0.593750 0.125000
vt 0.593750 0.062500
vt 0.593750 0.562500
vt 0.593750 0.500000
vt 0.609375 1.000000
vt 0.593750 0.937500
vt 0.609375 0.000000
vt 0.593750 0.437500
vt 0.593750 0.875000
vt 0.593750 0.375000
vt 0.593750 0.812500
vt 0.593750 0.312500
vt 0.593750 0.750000
vt 0.593750 0.250000
vt 0.593750 0.687500
vt 0.593750 0.187500
vt 0.593750 0.625000
vt 0.562500 0.812500
vt 0.562500 0.750000
vt 0.562500 0.312500
vt 0.562500 0.250000
vt 0.562500 0.687500
vt 0.562500 0.187500
vt 0.562500 0.625000
vt 0.562500 0.125000
vt 0.562500 0.562500
vt 0.562500 0.062500
vt 0.562500 0.500000
vt 0.578125 1.000000
vt 0.562500 0.937500
vt 0.578125 0.000000
vt 0.562500 0.437500
vt 0.562500 0.875000
vt 0.562500 0.375000
vt 0.531250 0.562500
vt 0.531250 0.500000
vt 0.546875 1.000000
vt 0.531250 0.937500
vt 0.546875 0.000000
vt 0.531250 0.062500
vt 0.531250 0.437500
vt 0.531250 0.875000
vt 0.531250 0.375000
vt 0.531250 0.812500
vt 0.531250 0.312500
vt 0.531250 0.750000
vt 0.531250 0.250000
vt 0.531250 0.687500
vt 0.531250 0.187500
vt 0.531250 0.625000
vt 0.531250 0.125000
vt 0.500000 0.312500
vt 0.500000 0.250000
vt 0.500000 0.750000
vt 0.500000 0.687500
vt 0.500000 0.187500
vt 0.500000 0.625000
vt 0.500000 0.125000
vt 0.500000 0.562500
vt 0.500000 0.062500
vt 0.500000 0.500000
vt 0.515625 1.000000
vt 0.500000 0.937500
vt 0.515625 0.000000
vt 0.500000 0.437500
vt 0.500000 0.875000
vt 0.500000 0.375000
vt 0.500000 0.812500
vt 0.484375 0.000000
vt 0.468750 0.062500
vt 0.468750 0.500000
vt 0.468750 0.437500
vt 0.468750 0.937500
vt 0.468750 0.875000
vt 0.468750 0.375000
vt 0.468750 0.812500
vt 0.468750 0.312500
vt 0.468750 0.750000
vt 0.468750 0.250000
vt 0.468750 0.687500
vt 0.468750 0.187500
vt 0.468750 0.625000
vt 0.468750 0.125000
vt 0.468750 0.562500
vt 0.484375 1.000000
vt 0.437500 0.250000
vt 0.437500 0.187500
vt 0.437500 0.687500
vt 0.437500 0.625000
vt 0.437500 0.125000
vt 0.437500 0.562500
vt 0.437500 0.062500
vt 0.437500 0.500000
vt 0.453125 1.000000
vt 0.437500 0.937500
vt 0.453125 0.000000
vt 0.437500 0.437500
vt 0.437500 0.875000
vt 0.437500 0.375000
vt 0.437500 0.812500
vt 0.437500 0.312500
vt 0.437500 0.750000
vt 0.406250 0.937500
vt 0.406250 0.875000
vt 0.406250 0.437500
vt 0.406250 0.375000
vt 0.406250 0.812500
vt 0.406250 0.312500
vt 0.406250 0.750000
vt 0.406250 0.250000
vt 0.406250 0.687500
vt 0.406250 0.187500
vt 0.406250 0.625000
vt 0.406250 0.125000
vt 0.406250 0.562500
vt 0.406250 0.062500
vt 0.406250 0.500000
vt 0.421875 1.000000
vt 0.421875 0.000000
vt 0.375000 0.687500
vt 0.375000 0.625000
vt 0.375000 0.187500
vt 0.375000 0.125000
vt 0.375000 0.562500
vt 0.375000 0.062500
vt 0.375000 0.500000
vt 0.390625 1.000000
vt 0.375000 0.937500
vt 0.390625 0.000000
vt 0.375000 0.437500
vt 0.375000 0.875000
vt 0.375000 0.375000
vt 0.375000 0.812500
vt 0.375000 0.312500
vt 0.375000 0.750000
vt 0.375000 0.250000
vt 0.343750 0.437500
vt 0.343750 0.375000
vt 0.343750 0.875000
vt 0.343750 0.812500
vt 0.343750 0.312500
vt 0.343750 0.750000
vt 0.343750 0.250000
vt 0.343750 0.687500
vt 0.343750 0.187500
vt 0.343750 0.625000
vt 0.343750 0.125000
vt 0.343750 0.562500
vt 0.343750 0.062500
vt 0.343750 0.500000
vt 0.359375 1.000000
vt 0.343750 0.937500
vt 0.359375 0.000000
vt 0.312500 0.187500
vt 0.312500 0.125000
vt 0.312500 0.625000
vt 0.312500 0.562500
vt 0.312500 0.062500
vt 0.312500 0.500000
vt 0.328125 1.000000
vt 0.312500 0.937500
vt 0.328125 0.000000
vt 0.312500 0.437500
vt 0.312500 0.875000
vt 0.312500 0.375000
vt 0.312500 0.812500
vt 0.312500 0.312500
vt 0.312500 0.750000
vt 0.312500 0.250000
vt 0.312500 0.687500
vt 0.281250 0.875000
vt 0.281250 0.812500
vt 0.281250 0.375000
vt 0.281250 0.312500
vt 0.281250 0.750000
vt 0.281250 0.250000
vt 0.281250 0.687500
vt 0.281250 0.187500
vt 0.281250 0.625000
vt 0.281250 0.125000
vt 0.281250 0.562500
vt 0.281250 0.062500
vt 0.281250 0.500000
vt 0.296875 1.000000
vt 0.281250 0.937500
vt 0.296875 0.000000
vt 0.281250 0.437500
vt 0.265625 1.000000
vt 0.265625 0.000000
s 1
f 12/1/12 11/2/11 26/3/26 27/4/27
f 20/5/20 19/6/19 34/7/34 35/8/35
f 13/9/13 12/1/12 27/4/27 28/10/28
f 21/11/21 20/5/20 35/8/35 36/12/36
f 275/13/275 13/9/13 28/10/28 276/14/276
f 22/15/22 21/11/21 36/12/36 37/16/37
f 259/17/259 14/18/14 29/19/29 260/20/260
f 8/21/8 7/22/7 23/23/23
f 83/24/83 22/15/22 37/16/37
f 16/25/16 15/26/15 30/27/30 31/28/31
f 9/29/9 8/21/8 23/23/23 24/30/24
f 17/31/17 16/25/16 31/28/31 32/32/32
f 10/33/10 9/29/9 24/30/24 25/34/25
f 18/35/18 17/31/17 32/32/32 33/36/33
f 326/37/326 10/33/10 25/34/25 327/38/327
f 19/6/19 18/35/18 33/36/33 34/7/34
f 31/28/31 30/27/30 45/39/45 46/40/46
f 24/30/24 23/23/23 38/41/38 39/42/39
f 32/32/32 31/28/31 46/40/46 47/43/47
f 25/34/25 24/30/24 39/42/39 40/44/40
f 33/36/33 32/32/32 47/43/47 48/45/48
f 327/38/327 25/34/25 40/44/40 328/46/328
f 34/7/34 33/36/33 48/45/48 49/47/49
f 27/4/27 26/3/26 41/48/41 42/49/42
f 35/8/35 34/7/34 49/47/49 50/50/50
f 28/10/28 27/4/27 42/49/42 43/51/43
f 36/12/36 35/8/35 50/50/50 51/52/51
f 276/14/276 28/10/28 43/51/43 277/53/277
f 37/16/37 36/12/36 51/52/51 52/54/52
f 260/20/260 29/19/29 44/55/44 261/56/261
f 23/23/23 7/57/7 38/41/38
f 83/58/83 37/16/37 52/54/52
f 50/50/50 49/47/49 64/59/64 65/60/65
f 43/51/43 42/49/42 57/61/57 58/62/58
f 51/52/51 50/50/50 65/60/65 66/63/66
f 277/53/277 43/51/43 58/62/58 278/64/278
f 52/54/52 51/52/51 66/63/66 67/65/67
f 261/56/261 44/55/44 59/66/59 262/67/262
f 38/41/38 7/68/7 53/69/53
f 83/70/83 52/54/52 67/65/67
f 46/40/46 45/39/45 60/71/60 61/72/61
f 39/42/39 38/41/38 53/69/53 54/73/54
f 47/43/47 46/40/46 61/72/61 62/74/62
f 40/44/40 39/42/39 54/73/54 55/75/55
f 48/45/48 47/43/47 62/74/62 63/76/63
f 328/46/328 40/44/40 55/75/55 329/77/329
f 49/47/49 48/45/48 63/76/63 64/59/64
f 42/49/42 41/48/41 56/78/56 57/61/57
f 62/74/62 61/72/61 76/79/76 77/80/77
f 55/75/55 54/73/54 69/81/69 70/82/70
f 63/76/63 62/74/62 77/80/77 78/83/78
f 329/77/329 55/75/55 70/82/70 330/84/330
f 64/59/64 63/76/63 78/83/78 79/85/79
f 57/61/57 56/78/56 71/86/71 72/87/72
f 65/60/65 64/59/64 79/85/79 80/88/80
f 58/62/58 57/61/57 72/87/72 73/89/73
f 66/63/66 65/60/65 80/88/80 81/90/81
f 278/64/278 58/62/58 73/89/73 279/91/279
f 67/65/67 66/63/66 81/90/81 82/92/82
f 262/67/262 59/66/59 74/93/74 263/94/263
f 53/69/53 7/95/7 68/96/68
f 83/97/83 67/65/67 82/92/82
f 61/72/61 60/71/60 75/98/75 76/79/76
f 54/73/54 53/69/53 68/96/68 69/81/69
f 309/99/309 310/100/310 96/101/96 97/102/97
f 325/103/325 312/104/312 89/105/89 280/106/280
f 313/107/313 309/99/309 97/102/97 98/108/98
f 324/109/324 311/110/311 90/111/90 264/112/264
f 68/96/68 7/113/7 84/114/84 315/115/315
f 83/116/83 82/92/82 313/107/313 98/108/98
f 316/117/316 314/118/314 91/119/91 92/120/92
f 317/121/317 315/115/315 84/114/84 85/122/85
f 318/123/318 316/117/316 92/120/92 93/124/93
f 319/125/319 317/121/317 85/122/85 86/126/86
f 320/127/320 318/123/318 93/124/93 94/128/94
f 344/129/344 319/125/319 86/126/86 331/130/331
f 322/131/322 320/127/320 94/128/94 95/132/95
f 323/133/323 321/134/321 87/135/87 88/136/88
f 310/100/310 322/131/322 95/132/95 96/101/96
f 312/104/312 323/133/323 88/136/88 89/105/89
f 292/137/292 293/138/293 100/139/100 101/140/101
f 294/141/294 295/142/295 108/143/108 109/144/109
f 297/145/297 294/141/294 109/144/109 110/146/110
f 298/147/298 296/148/296 102/149/102 103/150/103
f 299/151/299 297/145/297 110/146/110 111/152/111
f 300/153/300 298/147/298 103/150/103 104/154/104
f 301/155/301 299/151/299 111/152/111 112/156/112
f 308/157/308 300/153/300 104/154/104 281/158/281
f 303/159/303 301/155/301 112/156/112 113/160/113
f 307/161/307 302/162/302 105/163/105 265/164/265
f 84/114/84 7/165/7 99/166/99 305/167/305
f 83/168/83 98/108/98 303/159/303 113/160/113
f 306/169/306 304/170/304 106/171/106 107/172/107
f 293/138/293 305/167/305 99/166/99 100/139/100
f 295/142/295 306/169/306 107/172/107 108/143/108
f 281/158/281 104/154/104 119/173/119 282/174/282
f 113/160/113 112/156/112 127/175/127 128/176/128
f 265/164/265 105/163/105 120/177/120 266/178/266
f 99/166/99 7/179/7 114/180/114
f 83/181/83 113/160/113 128/176/128
f 107/172/107 106/171/106 121/182/121 122/183/122
f 100/139/100 99/166/99 114/180/114 115/184/115
f 108/143/108 107/172/107 122/183/122 123/185/123
f 101/140/101 100/139/100 115/184/115 116/186/116
f 109/144/109 108/143/108 123/185/123 124/187/124
f 110/146/110 109/144/109 124/187/124 125/188/125
f 103/150/103 102/149/102 117/189/117 118/190/118
f 111/152/111 110/146/110 125/188/125 126/191/126
f 104/154/104 103/150/103 118/190/118 119/173/119
f 112/156/112 111/152/111 126/191/126 127/175/127
f 124/187/124 123/185/123 138/192/138 139/193/139
f 333/194/333 116/186/116 131/195/131 334/196/334
f 125/188/125 124/187/124 139/193/139 140/197/140
f 118/190/118 117/189/117 132/198/132 133/199/133
f 126/191/126 125/188/125 140/197/140 141/200/141
f 119/173/119 118/190/118 133/199/133 134/201/134
f 127/175/127 126/191/126 141/200/141 142/202/142
f 282/174/282 119/173/119 134/201/134 283/203/283
f 128/176/128 127/175/127 142/202/142 143/204/143
f 266/178/266 120/177/120 135/205/135 267/206/267
f 114/180/114 7/207/7 129/208/129
f 83/209/83 128/176/128 143/204/143
f 122/183/122 121/182/121 136/210/136 137/211/137
f 115/184/115 114/180/114 129/208/129 130/212/130
f 123/185/123 122/183/122 137/211/137 138/192/138
f 116/186/116 115/184/115 130/212/130 131/195/131
f 143/213/143 142/214/142 157/215/157 158/216/158
f 267/217/267 135/218/135 150/219/150 268/220/268
f 129/221/129 7/222/7 144/223/144
f 83/224/83 143/213/143 158/216/158
f 137/225/137 136/226/136 151/227/151 152/228/152
f 130/229/130 129/221/129 144/223/144 145/230/145
f 138/231/138 137/225/137 152/228/152 153/232/153
f 131/233/131 130/229/130 145/230/145 146/234/146
f 139/235/139 138/231/138 153/232/153 154/236/154
f 334/237/334 131/233/131 146/234/146 335/238/335
f 140/239/140 139/235/139 154/236/154 155/240/155
f 133/241/133 132/242/132 147/243/147 148/244/148
f 141/245/141 140/239/140 155/240/155 156/246/156
f 134/247/134 133/241/133 148/244/148 149/248/149
f 142/214/142 141/245/141 156/246/156 157/215/157
f 283/249/283 134/247/134 149/248/149 284/250/284
f 335/238/335 146/234/146 161/251/161 336/252/336
f 155/240/155 154/236/154 169/253/169 170/254/170
f 148/244/148 147/243/147 162/255/162 163/256/163
f 156/246/156 155/240/155 170/254/170 171/257/171
f 149/248/149 148/244/148 163/256/163 164/258/164
f 157/215/157 156/246/156 171/257/171 172/259/172
f 284/250/284 149/248/149 164/258/164 285/260/285
f 158/216/158 157/215/157 172/259/172 173/261/173
f 268/220/268 150/219/150 165/262/165 269/263/269
f 144/223/144 7/264/7 159/265/159
f 83/266/83 158/216/158 173/261/173
f 152/228/152 151/227/151 166/267/166 167/268/167
f 145/230/145 144/223/144 159/265/159 160/269/160
f 153/232/153 152/228/152 167/268/167 168/270/168
f 146/234/146 145/230/145 160/269/160 161/251/161
f 154/236/154 153/232/153 168/270/168 169/253/169
f 269/263/269 165/262/165 180/271/180 270/272/270
f 159/265/159 7/273/7 174/274/174
f 83/275/83 173/261/173 188/276/188
f 167/268/167 166/267/166 181/277/181 182/278/182
f 160/269/160 159/265/159 174/274/174 175/279/175
f 168/270/168 167/268/167 182/278/182 183/280/183
f 161/251/161 160/269/160 175/279/175 176/281/176
f 169/253/169 168/270/168 183/280/183 184/282/184
f 336/252/336 161/251/161 176/281/176 337/283/337
f 170/254/170 169/253/169 184/282/184 185/284/185
f 163/256/163 162/255/162 177/285/177 178/286/178
f 171/257/171 170/254/170 185/284/185 186/287/186
f 164/258/164 163/256/163 178/286/178 179/288/179
f 172/259/172 171/257/171 186/287/186 187/289/187
f 285/260/285 164/258/164 179/288/179 286/290/286
f 173/261/173 172/259/172 187/289/187 188/276/188
f 185/284/185 184/282/184 199/291/199 200/292/200
f 178/286/178 177/285/177 192/293/192 193/294/193
f 186/287/186 185/284/185 200/292/200 201/295/201
f 179/288/179 178/286/178 193/294/193 194/296/194
f 187/289/187 186/287/186 201/295/201 202/297/202
f 286/290/286 179/288/179 194/296/194 287/298/287
f 188/276/188 187/289/187 202/297/202 203/299/203
f 270/272/270 180/271/180 195/300/195 271/301/271
f 174/274/174 7/302/7 189/303/189
f 83/304/83 188/276/188 203/299/203
f 182/278/182 181/277/181 196/305/196 197/306/197
f 175/279/175 174/274/174 189/303/189 190/307/190
f 183/280/183 182/278/182 197/306/197 198/308/198
f 176/281/176 175/279/175 190/307/190 191/309/191
f 184/282/184 183/280/183 198/308/198 199/291/199
f 337/283/337 176/281/176 191/309/191 338/310/338
f 83/311/83 203/299/203 218/312/218
f 197/306/197 196/305/196 211/313/211 212/314/212
f 190/307/190 189/303/189 204/315/204 205/316/205
f 198/308/198 197/306/197 212/314/212 213/317/213
f 191/309/191 190/307/190 205/316/205 206/318/206
f 199/291/199 198/308/198 213/317/213 214/319/214
f 338/310/338 191/309/191 206/318/206 339/320/339
f 200/292/200 199/291/199 214/319/214 215/321/215
f 193/294/193 192/293/192 207/322/207 208/323/208
f 201/295/201 200/292/200 215/321/215 216/324/216
f 194/296/194 193/294/193 208/323/208 209/325/209
f 202/297/202 201/295/201 216/324/216 217/326/217
f 287/298/287 194/296/194 209/325/209 288/327/288
f 203/299/203 202/297/202 217/326/217 218/312/218
f 271/301/271 195/300/195 210/328/210 272/329/272
f 189/303/189 7/330/7 204/315/204
f 216/324/216 215/321/215 230/331/230 231/332/231
f 209/325/209 208/323/208 223/333/223 224/334/224
f 217/326/217 216/324/216 231/332/231 232/335/232
f 288/327/288 209/325/209 224/334/224 289/336/289
f 218/312/218 217/326/217 232/335/232 233/337/233
f 272/329/272 210/328/210 225/338/225 273/339/273
f 204/315/204 7/340/7 219/341/219
f 83/342/83 218/312/218 233/337/233
f 212/314/212 211/313/211 226/343/226 227/344/227
f 205/316/205 204/315/204 219/341/219 220/345/220
f 213/317/213 212/314/212 227/344/227 228/346/228
f 206/318/206 205/316/205 220/345/220 221/347/221
f 214/319/214 213/317/213 228/346/228 229/348/229
f 339/320/339 206/318/206 221/347/221 340/349/340
f 215/321/215 214/319/214 229/348/229 230/331/230
f 208/323/208 207/322/207 222/350/222 223/333/223
f 220/345/220 219/341/219 234/351/234 235/352/235
f 228/346/228 227/344/227 242/353/242 243/354/243
f 221/347/221 220/345/220 235/352/235 236/355/236
f 229/348/229 228/346/228 243/354/243 244/356/244
f 340/349/340 221/347/221 236/355/236 341/357/341
f 230/331/230 229/348/229 244/356/244 245/358/245
f 223/333/223 222/350/222 237/359/237 238/360/238
f 231/332/231 230/331/230 245/358/245 246/361/246
f 224/334/224 223/333/223 238/360/238 239/362/239
f 232/335/232 231/332/231 246/361/246 247/363/247
f 289/336/289 224/334/224 239/362/239 290/364/290
f 233/337/233 232/335/232 247/363/247 248/365/248
f 273/339/273 225/338/225 240/366/240 274/367/274
f 219/341/219 7/368/7 234/351/234
f 83/369/83 233/337/233 248/365/248
f 227/344/227 226/343/226 241/370/241 242/353/242
f 239/362/239 238/360/238 2/371/2 252/372/252
f 247/363/247 246/361/246 255/373/255 256/374/256
f 290/364/290 239/362/239 252/372/252 291/375/291
f 248/365/248 247/363/247 256/374/256 257/376/257
f 274/367/274 240/366/240 3/377/3 258/378/258
f 234/351/234 7/379/7 249/380/249
f 83/381/83 248/365/248 257/376/257
f 242/353/242 241/370/241 4/382/4 5/383/5
f 235/352/235 234/351/234 249/380/249 250/384/250
f 243/354/243 242/353/242 5/383/5 253/385/253
f 236/355/236 235/352/235 250/384/250 1/386/1
f 244/356/244 243/354/243 253/385/253 6/387/6
f 341/357/341 236/355/236 1/386/1 342/388/342
f 245/358/245 244/356/244 6/387/6 254/389/254
f 238/360/238 237/359/237 251/390/251 2/371/2
f 246/361/246 245/358/245 254/389/254 255/373/255
f 241/370/241 274/367/274 258/378/258 4/382/4
f 226/343/226 273/339/273 274/367/274 241/370/241
f 211/313/211 272/329/272 273/339/273 226/343/226
f 196/305/196 271/301/271 272/329/272 211/313/211
f 181/277/181 270/272/270 271/301/271 196/305/196
f 166/267/166 269/263/269 270/272/270 181/277/181
f 151/227/151 268/220/268 269/263/269 166/267/166
f 136/226/136 267/217/267 268/220/268 151/227/151
f 121/182/121 266/178/266 267/206/267 136/210/136
f 106/171/106 265/164/265 266/178/266 121/182/121
f 304/170/304 307/161/307 265/164/265 106/171/106
f 314/118/314 324/109/324 264/112/264 91/119/91
f 60/71/60 262/67/262 263/94/263 75/98/75
f 45/39/45 261/56/261 262/67/262 60/71/60
f 30/27/30 260/20/260 261/56/261 45/39/45
f 15/26/15 259/17/259 260/20/260 30/27/30
f 240/366/240 290/364/290 291/375/291 3/377/3
f 225/338/225 289/336/289 290/364/290 240/366/240
f 210/328/210 288/327/288 289/336/289 225/338/225
f 195/300/195 287/298/287 288/327/288 210/328/210
f 180/271/180 286/290/286 287/298/287 195/300/195
f 165/262/165 285/260/285 286/290/286 180/271/180
f 150/219/150 284/250/284 285/260/285 165/262/165
f 135/218/135 283/249/283 284/250/284 150/219/150
f 120/177/120 282/174/282 283/203/283 135/205/135
f 105/163/105 281/158/281 282/174/282 120/177/120
f 302/162/302 308/157/308 281/158/281 105/163/105
f 311/110/311 325/103/325 280/106/280 90/111/90
f 59/66/59 278/64/278 279/91/279 74/93/74
f 44/55/44 277/53/277 278/64/278 59/66/59
f 29/19/29 276/14/276 277/53/277 44/55/44
f 14/18/14 275/13/275 276/14/276 29/19/29
f 90/111/90 280/106/280 308/157/308 302/162/302
f 91/119/91 264/112/264 307/161/307 304/170/304
f 93/124/93 92/120/92 306/169/306 295/142/295
f 85/122/85 84/114/84 305/167/305 293/138/293
f 92/120/92 91/119/91 304/170/304 306/169/306
f 264/112/264 90/111/90 302/162/302 307/161/307
f 98/108/98 97/102/97 301/155/301 303/159/303
f 280/106/280 89/105/89 300/153/300 308/157/308
f 97/102/97 96/101/96 299/151/299 301/155/301
f 89/105/89 88/136/88 298/147/298 300/153/300
f 96/101/96 95/132/95 297/145/297 299/151/299
f 88/136/88 87/135/87 296/148/296 298/147/298
f 95/132/95 94/128/94 294/141/294 297/145/297
f 94/128/94 93/124/93 295/142/295 294/141/294
f 86/126/86 85/122/85 293/138/293 292/137/292
f 74/93/74 279/91/279 325/103/325 311/110/311
f 75/98/75 263/94/263 324/109/324 314/118/314
f 73/89/73 72/87/72 323/133/323 312/104/312
f 80/88/80 79/85/79 322/131/322 310/100/310
f 72/87/72 71/86/71 321/134/321 323/133/323
f 79/85/79 78/83/78 320/127/320 322/131/322
f 330/84/330 70/82/70 319/125/319 344/129/344
f 78/83/78 77/80/77 318/123/318 320/127/320
f 70/82/70 69/81/69 317/121/317 319/125/319
f 77/80/77 76/79/76 316/117/316 318/123/318
f 69/81/69 68/96/68 315/115/315 317/121/317
f 76/79/76 75/98/75 314/118/314 316/117/316
f 263/94/263 74/93/74 311/110/311 324/109/324
f 82/92/82 81/90/81 309/99/309 313/107/313
f 279/91/279 73/89/73 312/104/312 325/103/325
f 81/90/81 80/88/80 310/100/310 309/99/309
f 71/86/71 330/84/330 344/129/344 321/134/321
f 87/135/87 331/130/331 343/391/343 296/148/296
f 237/359/237 341/357/341 342/388/342 251/390/251
f 222/350/222 340/349/340 341/357/341 237/359/237
f 207/322/207 339/320/339 340/349/340 222/350/222
f 192/293/192 338/310/338 339/320/339 207/322/207
f 177/285/177 337/283/337 338/310/338 192/293/192
f 162/255/162 336/252/336 337/283/337 177/285/177
f 147/243/147 335/238/335 336/252/336 162/255/162
f 132/242/132 334/237/334 335/238/335 147/243/147
f 117/189/117 333/194/333 334/196/334 132/198/132
f 102/149/102 332/392/332 333/194/333 117/189/117
f 296/148/296 343/391/343 332/392/332 102/149/102
f 321/134/321 344/129/344 331/130/331 87/135/87
f 56/78/56 329/77/329 330/84/330 71/86/71
f 41/48/41 328/46/328 329/77/329 56/78/56
f 26/3/26 327/38/327 328/46/328 41/48/41
f 11/2/11 326/37/326 327/38/327 26/3/26
f 366/15/366 365/11/365 380/12/380 381/16/381
f 359/26/359 358/18/358 373/19/373 374/27/374
f 352/21/352 351/22/351 367/23/367
f 427/24/427 366/15/366 381/16/381
f 360/25/360 359/26/359 374/27/374 375/28/375
f 353/29/353 352/21/352 367/23/367 368/30/368
f 361/31/361 360/25/360 375/28/375 376/32/376
f 354/33/354 353/29/353 368/30/368 369/34/369
f 362/35/362 361/31/361 376/32/376 377/36/377
f 355/2/355 354/33/354 369/34/369 370/3/370
f 363/6/363 362/35/362 377/36/377 378/7/378
f 356/1/356 355/2/355 370/3/370 371/4/371
f 364/5/364 363/6/363 378/7/378 379/8/379
f 357/9/357 356/1/356 371/4/371 372/10/372
f 365/11/365 364/5/364 379/8/379 380/12/380
f 358/18/358 357/9/357 372/10/372 373/19/373
f 370/3/370 369/34/369 384/44/384 385/48/385
f 378/7/378 377/36/377 392/45/392 393/47/393
f 371/4/371 370/3/370 385/48/385 386/49/386
f 379/8/379 378/7/378 393/47/393 394/50/394
f 372/10/372 371/4/371 386/49/386 387/51/387
f 380/12/380 379/8/379 394/50/394 395/52/395
f 373/19/373 372/10/372 387/51/387 388/55/388
f 381/16/381 380/12/380 395/52/395 396/54/396
f 374/27/374 373/19/373 388/55/388 389/39/389
f 367/23/367 351/57/351 382/41/382
f 427/58/427 381/16/381 396/54/396
f 375/28/375 374/27/374 389/39/389 390/40/390
f 368/30/368 367/23/367 382/41/382 383/42/383
f 376/32/376 375/28/375 390/40/390 391/43/391
f 369/34/369 368/30/368 383/42/383 384/44/384
f 377/36/377 376/32/376 391/43/391 392/45/392
f 389/39/389 388/55/388 403/66/403 404/71/404
f 382/41/382 351/68/351 397/69/397
f 427/70/427 396/54/396 411/65/411
f 390/40/390 389/39/389 404/71/404 405/72/405
f 383/42/383 382/41/382 397/69/397 398/73/398
f 391/43/391 390/40/390 405/72/405 406/74/406
f 384/44/384 383/42/383 398/73/398 399/75/399
f 392/45/392 391/43/391 406/74/406 407/76/407
f 385/48/385 384/44/384 399/75/399 400/78/400
f 393/47/393 392/45/392 407/76/407 408/59/408
f 386/49/386 385/48/385 400/78/400 401/61/401
f 394/50/394 393/47/393 408/59/408 409/60/409
f 387/51/387 386/49/386 401/61/401 402/62/402
f 395/52/395 394/50/394 409/60/409 410/63/410
f 388/55/388 387/51/387 402/62/402 403/66/403
f 396/54/396 395/52/395 410/63/410 411/65/411
f 408/59/408 407/76/407 422/83/422 423/85/423
f 401/61/401 400/78/400 415/86/415 416/87/416
f 409/60/409 408/59/408 423/85/423 424/88/424
f 402/62/402 401/61/401 416/87/416 417/89/417
f 410/63/410 409/60/409 424/88/424 425/90/425
f 403/66/403 402/62/402 417/89/417 418/93/418
f 411/65/411 410/63/410 425/90/425 426/92/426
f 404/71/404 403/66/403 418/93/418 419/98/419
f 397/69/397 351/95/351 412/96/412
f 427/97/427 411/65/411 426/92/426
f 405/72/405 404/71/404 419/98/419 420/79/420
f 398/73/398 397/69/397 412/96/412 413/81/413
f 406/74/406 405/72/405 420/79/420 421/80/421
f 399/75/399 398/73/398 413/81/413 414/82/414
f 407/76/407 406/74/406 421/80/421 422/83/422
f 400/78/400 399/75/399 414/82/414 415/86/415
f 427/116/427 426/92/426 442/108/442
f 420/79/420 419/98/419 435/119/435 436/120/436
f 413/81/413 412/96/412 428/114/428 429/122/429
f 421/80/421 420/79/420 436/120/436 437/124/437
f 414/82/414 413/81/413 429/122/429 430/126/430
f 422/83/422 421/80/421 437/124/437 438/128/438
f 415/86/415 414/82/414 430/126/430 431/135/431
f 423/85/423 422/83/422 438/128/438 439/132/439
f 416/87/416 415/86/415 431/135/431 432/136/432
f 424/88/424 423/85/423 439/132/439 440/101/440
f 417/89/417 416/87/416 432/136/432 433/105/433
f 425/90/425 424/88/424 440/101/440 441/102/441
f 418/93/418 417/89/417 433/105/433 434/111/434
f 426/92/426 425/90/425 441/102/441 442/108/442
f 419/98/419 418/93/418 434/111/434 435/119/435
f 412/96/412 351/113/351 428/114/428
f 440/101/440 439/132/439 454/146/454 455/152/455
f 433/105/433 432/136/432 447/150/447 448/154/448
f 441/102/441 440/101/440 455/152/455 456/156/456
f 434/111/434 433/105/433 448/154/448 449/163/449
f 442/108/442 441/102/441 456/156/456 457/160/457
f 435/119/435 434/111/434 449/163/449 450/171/450
f 428/114/428 351/165/351 443/166/443
f 427/168/427 442/108/442 457/160/457
f 436/120/436 435/119/435 450/171/450 451/172/451
f 429/122/429 428/114/428 443/166/443 444/139/444
f 437/124/437 436/120/436 451/172/451 452/143/452
f 430/126/430 429/122/429 444/139/444 445/140/445
f 438/128/438 437/124/437 452/143/452 453/144/453
f 431/135/431 430/126/430 445/140/445 446/149/446
f 439/132/439 438/128/438 453/144/453 454/146/454
f 432/136/432 431/135/431 446/149/446 447/150/447
f 444/139/444 443/166/443 458/180/458 459/184/459
f 452/143/452 451/172/451 466/183/466 467/185/467
f 445/140/445 444/139/444 459/184/459 460/186/460
f 453/144/453 452/143/452 467/185/467 468/187/468
f 446/149/446 445/140/445 460/186/460 461/189/461
f 454/146/454 453/144/453 468/187/468 469/188/469
f 447/150/447 446/149/446 461/189/461 462/190/462
f 455/152/455 454/146/454 469/188/469 470/191/470
f 448/154/448 447/150/447 462/190/462 463/173/463
f 456/156/456 455/152/455 470/191/470 471/175/471
f 449/163/449 448/154/448 463/173/463 464/177/464
f 457/160/457 456/156/456 471/175/471 472/176/472
f 450/171/450 449/163/449 464/177/464 465/182/465
f 443/166/443 351/179/351 458/180/458
f 427/181/427 457/160/457 472/176/472
f 451/172/451 450/171/450 465/182/465 466/183/466
f 463/173/463 462/190/462 477/199/477 478/201/478
f 471/175/471 470/191/470 485/200/485 486/202/486
f 464/177/464 463/173/463 478/201/478 479/205/479
f 472/176/472 471/175/471 486/202/486 487/204/487
f 465/182/465 464/177/464 479/205/479 480/210/480
f 458/180/458 351/207/351 473/208/473
f 427/209/427 472/176/472 487/204/487
f 466/183/466 465/182/465 480/210/480 481/211/481
f 459/184/459 458/180/458 473/208/473 474/212/474
f 467/185/467 466/183/466 481/211/481 482/192/482
f 460/186/460 459/184/459 474/212/474 475/195/475
f 468/187/468 467/185/467 482/192/482 483/193/483
f 461/189/461 460/186/460 475/195/475 476/198/476
f 469/188/469 468/187/468 483/193/483 484/197/484
f 462/190/462 461/189/461 476/198/476 477/199/477
f 470/191/470 469/188/469 484/197/484 485/200/485
f 482/231/482 481/225/481 496/228/496 497/232/497
f 475/233/475 474/229/474 489/230/489 490/234/490
f 483/235/483 482/231/482 497/232/497 498/236/498
f 476/242/476 475/233/475 490/234/490 491/243/491
f 484/239/484 483/235/483 498/236/498 499/240/499
f 477/241/477 476/242/476 491/243/491 492/244/492
f 485/245/485 484/239/484 499/240/499 500/246/500
f 478/247/478 477/241/477 492/244/492 493/248/493
f 486/214/486 485/245/485 500/246/500 501/215/501
f 479/218/479 478/247/478 493/248/493 494/219/494
f 487/213/487 486/214/486 501/215/501 502/216/502
f 480/226/480 479/218/479 494/219/494 495/227/495
f 473/221/473 351/222/351 488/223/488
f 427/224/427 487/213/487 502/216/502
f 481/225/481 480/226/480 495/227/495 496/228/496
f 474/229/474 473/221/473 488/223/488 489/230/489
f 501/215/501 500/246/500 515/257/515 516/259/516
f 494/219/494 493/248/493 508/258/508 509/262/509
f 502/216/502 501/215/501 516/259/516 517/261/517
f 495/227/495 494/219/494 509/262/509 510/267/510
f 488/223/488 351/264/351 503/265/503
f 427/266/427 502/216/502 517/261/517
f 496/228/496 495/227/495 510/267/510 511/268/511
f 489/230/489 488/223/488 503/265/503 504/269/504
f 497/232/497 496/228/496 511/268/511 512/270/512
f 490/234/490 489/230/489 504/269/504 505/251/505
f 498/236/498 497/232/497 512/270/512 513/253/513
f 491/243/491 490/234/490 505/251/505 506/255/506
f 499/240/499 498/236/498 513/253/513 514/254/514
f 492/244/492 491/243/491 506/255/506 507/256/507
f 500/246/500 499/240/499 514/254/514 515/257/515
f 493/248/493 492/244/492 507/256/507 508/258/508
f 505/251/505 504/269/504 519/279/519 520/281/520
f 513/253/513 512/270/512 527/280/527 528/282/528
f 506/255/506 505/251/505 520/281/520 521/285/521
f 514/254/514 513/253/513 528/282/528 529/284/529
f 507/256/507 506/255/506 521/285/521 522/286/522
f 515/257/515 514/254/514 529/284/529 530/287/530
f 508/258/508 507/256/507 522/286/522 523/288/523
f 516/259/516 515/257/515 530/287/530 531/289/531
f 509/262/509 508/258/508 523/288/523 524/271/524
f 517/261/517 516/259/516 531/289/531 532/276/532
f 510/267/510 509/262/509 524/271/524 525/277/525
f 503/265/503 351/273/351 518/274/518
f 427/275/427 517/261/517 532/276/532
f 511/268/511 510/267/510 525/277/525 526/278/526
f 504/269/504 503/265/503 518/274/518 519/279/519
f 512/270/512 511/268/511 526/278/526 527/280/527
f 524/271/524 523/288/523 538/296/538 539/300/539
f 532/276/532 531/289/531 546/297/546 547/299/547
f 525/277/525 524/271/524 539/300/539 540/305/540
f 518/274/518 351/302/351 533/303/533
f 427/304/427 532/276/532 547/299/547
f 526/278/526 525/277/525 540/305/540 541/306/541
f 519/279/519 518/274/518 533/303/533 534/307/534
f 527/280/527 526/278/526 541/306/541 542/308/542
f 520/281/520 519/279/519 534/307/534 535/309/535
f 528/282/528 527/280/527 542/308/542 543/291/543
f 521/285/521 520/281/520 535/309/535 536/293/536
f 529/284/529 528/282/528 543/291/543 544/292/544
f 522/286/522 521/285/521 536/293/536 537/294/537
f 530/287/530 529/284/529 544/292/544 545/295/545
f 523/288/523 522/286/522 537/294/537 538/296/538
f 531/289/531 530/287/530 545/295/545 546/297/546
f 543/291/543 542/308/542 557/317/557 558/319/558
f 536/293/536 535/309/535 550/318/550 551/322/551
f 544/292/544 543/291/543 558/319/558 559/321/559
f 537/294/537 536/293/536 551/322/551 552/323/552
f 545/295/545 544/292/544 559/321/559 560/324/560
f 538/296/538 537/294/537 552/323/552 553/325/553
f 546/297/546 545/295/545 560/324/560 561/326/561
f 539/300/539 538/296/538 553/325/553 554/328/554
f 547/299/547 546/297/546 561/326/561 562/312/562
f 540/305/540 539/300/539 554/328/554 555/313/555
f 533/303/533 351/330/351 548/315/548
f 427/311/427 547/299/547 562/312/562
f 541/306/541 540/305/540 555/313/555 556/314/556
f 534/307/534 533/303/533 548/315/548 549/316/549
f 542/308/542 541/306/541 556/314/556 557/317/557
f 535/309/535 534/307/534 549/316/549 550/318/550
f 562/312/562 561/326/561 576/335/576 577/337/577
f 555/313/555 554/328/554 569/338/569 570/343/570
f 548/315/548 351/340/351 563/341/563
f 427/342/427 562/312/562 577/337/577
f 556/314/556 555/313/555 570/343/570 571/344/571
f 549/316/549 548/315/548 563/341/563 564/345/564
f 557/317/557 556/314/556 571/344/571 572/346/572
f 550/318/550 549/316/549 564/345/564 565/347/565
f 558/319/558 557/317/557 572/346/572 573/348/573
f 551/322/551 550/318/550 565/347/565 566/350/566
f 559/321/559 558/319/558 573/348/573 574/331/574
f 552/323/552 551/322/551 566/350/566 567/333/567
f 560/324/560 559/321/559 574/331/574 575/332/575
f 553/325/553 552/323/552 567/333/567 568/334/568
f 561/326/561 560/324/560 575/332/575 576/335/576
f 554/328/554 553/325/553 568/334/568 569/338/569
f 574/331/574 573/348/573 588/356/588 589/358/589
f 567/333/567 566/350/566 581/359/581 582/360/582
f 575/332/575 574/331/574 589/358/589 590/361/590
f 568/334/568 567/333/567 582/360/582 583/362/583
f 576/335/576 575/332/575 590/361/590 591/363/591
f 569/338/569 568/334/568 583/362/583 584/366/584
f 577/337/577 576/335/576 591/363/591 592/365/592
f 570/343/570 569/338/569 584/366/584 585/370/585
f 563/341/563 351/368/351 578/351/578
f 427/369/427 577/337/577 592/365/592
f 571/344/571 570/343/570 585/370/585 586/353/586
f 564/345/564 563/341/563 578/351/578 579/352/579
f 572/346/572 571/344/571 586/353/586 587/354/587
f 565/347/565 564/345/564 579/352/579 580/355/580
f 573/348/573 572/346/572 587/354/587 588/356/588
f 566/350/566 565/347/565 580/355/580 581/359/581
f 578/351/578 351/379/351 593/380/593
f 427/381/427 592/365/592 601/376/601
f 586/353/586 585/370/585 348/382/348 349/383/349
f 579/352/579 578/351/578 593/380/593 594/384/594
f 587/354/587 586/353/586 349/383/349 597/385/597
f 580/355/580 579/352/579 594/384/594 345/386/345
f 588/356/588 587/354/587 597/385/597 350/387/350
f 581/359/581 580/355/580 345/386/345 595/390/595
f 589/358/589 588/356/588 350/387/350 598/389/598
f 582/360/582 581/359/581 595/390/595 346/371/346
f 590/361/590 589/358/589 598/389/598 599/373/599
f 583/362/583 582/360/582 346/371/346 596/372/596
f 591/363/591 590/361/590 599/373/599 600/374/600
f 584/366/584 583/362/583 596/372/596 347/377/347
f 592/365/592 591/363/591 600/374/600 601/376/601
f 585/370/585 584/366/584 347/377/347 348/382/348
f 1077/390/595 602/386/345 610/393/605 611/394/606
f 1080/389/962 607/387/602 618/395/613 619/396/614
f 603/371/346 1077/390/595 611/394/606 612/397/607
f 1081/373/963 1080/389/962 619/396/614 620/398/615
f 1078/372/596 603/371/346 612/397/607 613/399/608
f 1082/374/964 1081/373/963 620/398/615 621/400/616
f 604/377/347 1078/372/596 613/399/608 614/401/609
f 1083/376/965 1082/374/964 621/400/616 622/402/617
f 605/382/348 604/377/347 614/401/609 615/403/610
f 1075/380/593 683/404/351 608/405/603
f 909/406/894 1083/376/965 622/402/617
f 606/383/349 605/382/348 615/403/610 616/407/611
f 1076/384/594 1075/380/593 608/405/603 609/408/604
f 1079/385/961 606/383/349 616/407/611 617/409/612
f 602/386/345 1076/384/594 609/408/604 610/393/605
f 607/387/602 1079/385/961 617/409/612 618/395/613
f 610/393/605 609/408/604 624/410/619 625/411/620
f 618/395/613 617/409/612 632/412/627 633/413/628
f 611/394/606 610/393/605 625/411/620 626/414/621
f 619/396/614 618/395/613 633/413/628 634/415/629
f 612/397/607 611/394/606 626/414/621 627/416/622
f 620/398/615 619/396/614 634/415/629 635/417/630
f 613/399/608 612/397/607 627/416/622 628/418/623
f 621/400/616 620/398/615 635/417/630 636/419/631
f 614/401/609 613/399/608 628/418/623 629/420/624
f 622/402/617 621/400/616 636/419/631 637/421/632
f 615/403/610 614/401/609 629/420/624 630/422/625
f 608/405/603 683/423/351 623/424/618
f 909/425/894 622/402/617 637/421/632
f 616/407/611 615/403/610 630/422/625 631/426/626
f 609/408/604 608/405/603 623/424/618 624/410/619
f 617/409/612 616/407/611 631/426/626 632/412/627
f 629/420/624 628/418/623 643/427/638 644/428/639
f 637/421/632 636/419/631 651/429/646 652/430/647
f 630/422/625 629/420/624 644/428/639 645/431/640
f 623/424/618 683/432/351 638/433/633
f 909/434/894 637/421/632 652/430/647
f 631/426/626 630/422/625 645/431/640 646/435/641
f 624/410/619 623/424/618 638/433/633 639/436/634
f 632/412/627 631/426/626 646/435/641 647/437/642
f 625/411/620 624/410/619 639/436/634 640/438/635
f 633/413/628 632/412/627 647/437/642 648/439/643
f 626/414/621 625/411/620 640/438/635 641/440/636
f 634/415/629 633/413/628 648/439/643 649/441/644
f 627/416/622 626/414/621 641/440/636 642/442/637
f 635/417/630 634/415/629 649/441/644 650/443/645
f 628/418/623 627/416/622 642/442/637 643/427/638
f 636/419/631 635/417/630 650/443/645 651/429/646
f 648/439/643 647/437/642 662/444/657 663/445/658
f 641/440/636 640/438/635 655/446/650 656/447/651
f 649/441/644 648/439/643 663/445/658 664/448/659
f 642/442/637 641/440/636 656/447/651 657/449/652
f 650/443/645 649/441/644 664/448/659 665/450/660
f 643/427/638 642/442/637 657/449/652 658/451/653
f 651/429/646 650/443/645 665/450/660 666/452/661
f 644/428/639 643/427/638 658/451/653 659/453/654
f 652/430/647 651/429/646 666/452/661 667/454/662
f 645/431/640 644/428/639 659/453/654 660/455/655
f 638/433/633 683/456/351 653/457/648
f 909/458/894 652/430/647 667/454/662
f 646/435/641 645/431/640 660/455/655 661/459/656
f 639/436/634 638/433/633 653/457/648 654/460/649
f 647/437/642 646/435/641 661/459/656 662/444/657
f 640/438/635 639/436/634 654/460/649 655/446/650
f 667/454/662 666/452/661 681/461/676 682/462/677
f 660/455/655 659/453/654 674/463/669 675/464/670
f 653/457/648 683/465/351 668/466/663
f 909/467/894 667/454/662 682/462/677
f 661/459/656 660/455/655 675/464/670 676/468/671
f 654/460/649 653/457/648 668/466/663 669/469/664
f 662/444/657 661/459/656 676/468/671 677/470/672
f 655/446/650 654/460/649 669/469/664 670/471/665
f 663/445/658 662/444/657 677/470/672 678/472/673
f 656/447/651 655/446/650 670/471/665 671/473/666
f 664/448/659 663/445/658 678/472/673 679/474/674
f 657/449/652 656/447/651 671/473/666 672/475/667
f 665/450/660 664/448/659 679/474/674 680/476/675
f 658/451/653 657/449/652 672/475/667 673/477/668
f 666/452/661 665/450/660 680/476/675 681/461/676
f 659/453/654 658/451/653 673/477/668 674/463/669
f 671/473/666 670/471/665 686/478/680 687/479/681
f 679/474/674 678/472/673 694/480/688 695/481/689
f 672/475/667 671/473/666 687/479/681 688/482/682
f 680/476/675 679/474/674 695/481/689 696/483/690
f 673/477/668 672/475/667 688/482/682 689/484/683
f 681/461/676 680/476/675 696/483/690 697/485/691
f 674/463/669 673/477/668 689/484/683 690/486/684
f 682/462/677 681/461/676 697/485/691 698/487/692
f 675/464/670 674/463/669 690/486/684 691/488/685
f 668/466/663 683/489/351 684/490/678
f 909/491/894 682/462/677 698/487/692
f 676/468/671 675/464/670 691/488/685 692/492/686
f 669/469/664 668/466/663 684/490/678 685/493/679
f 677/470/672 676/468/671 692/492/686 693/494/687
f 670/471/665 669/469/664 685/493/679 686/478/680
f 678/472/673 677/470/672 693/494/687 694/480/688
f 691/488/685 690/486/684 705/495/699 706/496/700
f 684/490/678 683/497/351 699/498/693
f 909/499/894 698/487/692 713/500/707
f 692/492/686 691/488/685 706/496/700 707/501/701
f 685/493/679 684/490/678 699/498/693 700/502/694
f 693/494/687 692/492/686 707/501/701 708/503/702
f 686/478/680 685/493/679 700/502/694 701/504/695
f 694/480/688 693/494/687 708/503/702 709/505/703
f 687/479/681 686/478/680 701/504/695 702/506/696
f 695/481/689 694/480/688 709/505/703 710/507/704
f 688/482/682 687/479/681 702/506/696 703/508/697
f 696/483/690 695/481/689 710/507/704 711/509/705
f 689/484/683 688/482/682 703/508/697 704/510/698
f 697/485/691 696/483/690 711/509/705 712/511/706
f 690/486/684 689/484/683 704/510/698 705/495/699
f 698/487/692 697/485/691 712/511/706 713/500/707
f 710/507/704 709/505/703 724/512/718 725/513/719
f 703/508/697 702/506/696 717/514/711 718/515/712
f 711/509/705 710/507/704 725/513/719 726/516/720
f 704/510/698 703/508/697 718/515/712 719/517/713
f 712/511/706 711/509/705 726/516/720 727/518/721
f 705/495/699 704/510/698 719/517/713 720/519/714
f 713/500/707 712/511/706 727/518/721 728/520/722
f 706/496/700 705/495/699 720/519/714 721/521/715
f 699/498/693 683/522/351 714/523/708
f 909/524/894 713/500/707 728/520/722
f 707/501/701 706/496/700 721/521/715 722/525/716
f 700/502/694 699/498/693 714/523/708 715/526/709
f 708/503/702 707/501/701 722/525/716 723/527/717
f 701/504/695 700/502/694 715/526/709 716/528/710
f 709/505/703 708/503/702 723/527/717 724/512/718
f 702/506/696 701/504/695 716/528/710 717/514/711
f 909/529/894 728/520/722 743/530/737
f 722/525/716 721/521/715 736/531/730 737/532/731
f 715/526/709 714/523/708 729/533/723 730/534/724
f 723/527/717 722/525/716 737/532/731 738/535/732
f 716/528/710 715/526/709 730/534/724 731/536/725
f 724/512/718 723/527/717 738/535/732 739/537/733
f 717/514/711 716/528/710 731/536/725 732/538/726
f 725/513/719 724/512/718 739/537/733 740/539/734
f 718/515/712 717/514/711 732/538/726 733/540/727
f 726/516/720 725/513/719 740/539/734 741/541/735
f 719/517/713 718/515/712 733/540/727 734/542/728
f 727/518/721 726/516/720 741/541/735 742/543/736
f 720/519/714 719/517/713 734/542/728 735/544/729
f 728/520/722 727/518/721 742/543/736 743/530/737
f 721/521/715 720/519/714 735/544/729 736/531/730
f 714/523/708 683/545/351 729/533/723
f 741/541/735 740/539/734 755/546/749 756/547/750
f 734/542/728 733/540/727 748/548/742 749/549/743
f 742/543/736 741/541/735 756/547/750 757/550/751
f 735/544/729 734/542/728 749/549/743 750/551/744
f 743/530/737 742/543/736 757/550/751 758/552/752
f 736/531/730 735/544/729 750/551/744 751/553/745
f 729/533/723 683/554/351 744/555/738
f 909/556/894 743/530/737 758/552/752
f 737/532/731 736/531/730 751/553/745 752/557/746
f 730/534/724 729/533/723 744/555/738 745/558/739
f 738/535/732 737/532/731 752/557/746 753/559/747
f 731/536/725 730/534/724 745/558/739 746/560/740
f 739/537/733 738/535/732 753/559/747 754/561/748
f 732/538/726 731/536/725 746/560/740 747/562/741
f 740/539/734 739/537/733 754/561/748 755/546/749
f 733/540/727 732/538/726 747/562/741 748/548/742
f 745/558/739 744/555/738 759/563/753 760/564/754
f 753/559/747 752/557/746 767/565/761 768/566/762
f 746/560/740 745/558/739 760/564/754 761/567/755
f 754/561/748 753/559/747 768/566/762 769/568/763
f 747/562/741 746/560/740 761/567/755 762/569/756
f 755/546/749 754/561/748 769/568/763 770/570/764
f 748/548/742 747/562/741 762/569/756 763/571/757
f 756/547/750 755/546/749 770/570/764 771/572/765
f 749/549/743 748/548/742 763/571/757 764/573/758
f 757/550/751 756/547/750 771/572/765 772/574/766
f 750/551/744 749/549/743 764/573/758 765/575/759
f 758/552/752 757/550/751 772/574/766 773/576/767
f 751/553/745 750/551/744 765/575/759 766/577/760
f 744/555/738 683/578/351 759/563/753
f 909/579/894 758/552/752 773/576/767
f 752/557/746 751/553/745 766/577/760 767/565/761
f 764/573/758 763/571/757 778/580/772 779/581/773
f 772/574/766 771/572/765 786/582/780 787/583/781
f 765/575/759 764/573/758 779/581/773 780/584/774
f 773/576/767 772/574/766 787/583/781 788/585/782
f 766/577/760 765/575/759 780/584/774 781/586/775
f 759/563/753 683/587/351 774/588/768
f 909/589/894 773/576/767 788/585/782
f 767/565/761 766/577/760 781/586/775 782/590/776
f 760/564/754 759/563/753 774/588/768 775/591/769
f 768/566/762 767/565/761 782/590/776 783/592/777
f 761/567/755 760/564/754 775/591/769 776/593/770
f 769/568/763 768/566/762 783/592/777 784/594/778
f 762/569/756 761/567/755 776/593/770 777/595/771
f 770/570/764 769/568/763 784/594/778 785/596/779
f 763/571/757 762/569/756 777/595/771 778/580/772
f 771/572/765 770/570/764 785/596/779 786/582/780
f 783/592/777 782/590/776 797/597/791 798/598/792
f 776/593/770 775/591/769 790/599/784 791/600/785
f 784/594/778 783/592/777 798/598/792 799/601/793
f 777/595/771 776/593/770 791/600/785 792/602/786
f 785/596/779 784/594/778 799/601/793 800/603/794
f 778/580/772 777/595/771 792/602/786 793/604/787
f 786/582/780 785/596/779 800/603/794 801/605/795
f 779/581/773 778/580/772 793/604/787 794/606/788
f 787/583/781 786/582/780 801/605/795 802/607/796
f 780/584/774 779/581/773 794/606/788 795/608/789
f 788/585/782 787/583/781 802/607/796 803/609/797
f 781/586/775 780/584/774 795/608/789 796/610/790
f 774/588/768 683/611/351 789/612/783
f 909/613/894 788/585/782 803/609/797
f 782/590/776 781/586/775 796/610/790 797/597/791
f 775/591/769 774/588/768 789/612/783 790/599/784
f 802/607/796 801/605/795 816/614/810 817/615/811
f 795/608/789 794/606/788 809/616/803 810/617/804
f 803/609/797 802/607/796 817/615/811 818/618/812
f 796/610/790 795/608/789 810/617/804 811/619/805
f 789/612/783 683/620/351 804/621/798
f 909/622/894 803/609/797 818/618/812
f 797/597/791 796/610/790 811/619/805 812/623/806
f 790/599/784 789/612/783 804/621/798 805/624/799
f 798/598/792 797/597/791 812/623/806 813/625/807
f 791/600/785 790/599/784 805/624/799 806/626/800
f 799/601/793 798/598/792 813/625/807 814/627/808
f 792/602/786 791/600/785 806/626/800 807/628/801
f 800/603/794 799/601/793 814/627/808 815/629/809
f 793/604/787 792/602/786 807/628/801 808/630/802
f 801/605/795 800/603/794 815/629/809 816/614/810
f 794/606/788 793/604/787 808/630/802 809/616/803
f 806/626/800 805/624/799 820/631/814 821/632/815
f 814/627/808 813/625/807 828/633/822 829/634/823
f 807/628/801 806/626/800 821/632/815 822/635/816
f 815/629/809 814/627/808 829/634/823 830/636/824
f 808/630/802 807/628/801 822/635/816 823/637/817
f 816/614/810 815/629/809 830/636/824 831/638/825
f 809/616/803 808/630/802 823/637/817 824/639/818
f 817/615/811 816/614/810 831/638/825 832/640/826
f 810/617/804 809/616/803 824/639/818 825/641/819
f 818/618/812 817/615/811 832/640/826 833/642/827
f 811/619/805 810/617/804 825/641/819 826/643/820
f 804/621/798 683/644/351 819/645/813
f 909/646/894 818/618/812 833/642/827
f 812/623/806 811/619/805 826/643/820 827/647/821
f 805/624/799 804/621/798 819/645/813 820/631/814
f 813/625/807 812/623/806 827/647/821 828/633/822
f 825/641/819 824/639/818 839/9/831 840/18/832
f 833/642/827 832/640/826 847/11/839 848/15/840
f 826/643/820 825/641/819 840/18/832 841/26/833
f 819/645/813 683/648/351 834/21/352
f 909/649/894 833/642/827 848/15/840
f 827/647/821 826/643/820 841/26/833 842/25/834
f 820/631/814 819/645/813 834/21/352 835/29/353
f 828/633/822 827/647/821 842/25/834 843/31/835
f 821/632/815 820/631/814 835/29/353 836/33/828
f 829/634/823 828/633/822 843/31/835 844/35/836
f 822/635/816 821/632/815 836/33/828 837/2/829
f 830/636/824 829/634/823 844/35/836 845/6/837
f 823/637/817 822/635/816 837/2/829 838/1/830
f 831/638/825 830/636/824 845/6/837 846/5/838
f 824/639/818 823/637/817 838/1/830 839/9/831
f 832/640/826 831/638/825 846/5/838 847/11/839
f 844/35/836 843/31/835 858/32/848 859/36/849
f 837/2/829 836/33/828 851/34/841 852/3/842
f 845/6/837 844/35/836 859/36/849 860/7/850
f 838/1/830 837/2/829 852/3/842 853/4/843
f 846/5/838 845/6/837 860/7/850 861/8/851
f 839/9/831 838/1/830 853/4/843 854/10/844
f 847/11/839 846/5/838 861/8/851 862/12/852
f 840/18/832 839/9/831 854/10/844 855/19/845
f 848/15/840 847/11/839 862/12/852 863/16/853
f 841/26/833 840/18/832 855/19/845 856/27/846
f 834/21/352 683/22/351 849/23/367
f 909/24/894 848/15/840 863/16/853
f 842/25/834 841/26/833 856/27/846 857/28/847
f 835/29/353 834/21/352 849/23/367 850/30/368
f 843/31/835 842/25/834 857/28/847 858/32/848
f 836/33/828 835/29/353 850/30/368 851/34/841
f 863/16/853 862/12/852 877/52/865 878/54/866
f 856/27/846 855/19/845 870/55/858 871/39/859
f 849/23/367 683/57/351 864/41/382
f 909/58/894 863/16/853 878/54/866
f 857/28/847 856/27/846 871/39/859 872/40/860
f 850/30/368 849/23/367 864/41/382 865/42/383
f 858/32/848 857/28/847 872/40/860 873/43/861
f 851/34/841 850/30/368 865/42/383 866/44/854
f 859/36/849 858/32/848 873/43/861 874/45/862
f 852/3/842 851/34/841 866/44/854 867/48/855
f 860/7/850 859/36/849 874/45/862 875/47/863
f 853/4/843 852/3/842 867/48/855 868/49/856
f 861/8/851 860/7/850 875/47/863 876/50/864
f 854/10/844 853/4/843 868/49/856 869/51/857
f 862/12/852 861/8/851 876/50/864 877/52/865
f 855/19/845 854/10/844 869/51/857 870/55/858
f 875/47/863 874/45/862 889/76/876 890/59/877
f 868/49/856 867/48/855 882/78/869 883/61/870
f 876/50/864 875/47/863 890/59/877 891/60/878
f 869/51/857 868/49/856 883/61/870 884/62/871
f 877/52/865 876/50/864 891/60/878 892/63/879
f 870/55/858 869/51/857 884/62/871 885/66/872
f 878/54/866 877/52/865 892/63/879 893/65/880
f 871/39/859 870/55/858 885/66/872 886/71/873
f 864/41/382 683/68/351 879/69/867
f 909/70/894 878/54/866 893/65/880
f 872/40/860 871/39/859 886/71/873 887/72/874
f 865/42/383 864/41/382 879/69/867 880/73/398
f 873/43/861 872/40/860 887/72/874 888/74/875
f 866/44/854 865/42/383 880/73/398 881/75/868
f 874/45/862 873/43/861 888/74/875 889/76/876
f 867/48/855 866/44/854 881/75/868 882/78/869
f 879/69/867 683/95/351 894/96/412
f 909/97/894 893/65/880 908/92/893
f 887/72/874 886/71/873 901/98/886 902/79/887
f 880/73/398 879/69/867 894/96/412 895/81/413
f 888/74/875 887/72/874 902/79/887 903/80/888
f 881/75/868 880/73/398 895/81/413 896/82/881
f 889/76/876 888/74/875 903/80/888 904/83/889
f 882/78/869 881/75/868 896/82/881 897/86/882
f 890/59/877 889/76/876 904/83/889 905/85/890
f 883/61/870 882/78/869 897/86/882 898/87/883
f 891/60/878 890/59/877 905/85/890 906/88/891
f 884/62/871 883/61/870 898/87/883 899/89/884
f 892/63/879 891/60/878 906/88/891 907/90/892
f 885/66/872 884/62/871 899/89/884 900/93/885
f 893/65/880 892/63/879 907/90/892 908/92/893
f 886/71/873 885/66/872 900/93/885 901/98/886
f 898/87/883 897/86/882 913/135/896 914/136/897
f 906/88/891 905/85/890 921/132/904 922/101/905
f 899/89/884 898/87/883 914/136/897 915/105/898
f 907/90/892 906/88/891 922/101/905 923/102/906
f 900/93/885 899/89/884 915/105/898 916/111/899
f 908/92/893 907/90/892 923/102/906 924/108/907
f 901/98/886 900/93/885 916/111/899 917/119/900
f 894/96/412 683/113/351 910/114/428
f 909/116/894 908/92/893 924/108/907
f 902/79/887 901/98/886 917/119/900 918/120/901
f 895/81/413 894/96/412 910/114/428 911/122/429
f 903/80/888 902/79/887 918/120/901 919/124/902
f 896/82/881 895/81/413 911/122/429 912/126/895
f 904/83/889 903/80/888 919/124/902 920/128/903
f 897/86/882 896/82/881 912/126/895 913/135/896
f 905/85/890 904/83/889 920/128/903 921/132/904
f 918/120/901 917/119/900 932/171/912 933/172/913
f 911/122/429 910/114/428 925/166/443 926/139/444
f 919/124/902 918/120/901 933/172/913 934/143/914
f 912/126/895 911/122/429 926/139/444 927/140/445
f 920/128/903 919/124/902 934/143/914 935/144/915
f 913/135/896 912/126/895 927/140/445 928/149/908
f 921/132/904 920/128/903 935/144/915 936/146/916
f 914/136/897 913/135/896 928/149/908 929/150/909
f 922/101/905 921/132/904 936/146/916 937/152/917
f 915/105/898 914/136/897 929/150/909 930/154/910
f 923/102/906 922/101/905 937/152/917 938/156/918
f 916/111/899 915/105/898 930/154/910 931/163/911
f 924/108/907 923/102/906 938/156/918 939/160/919
f 917/119/900 916/111/899 931/163/911 932/171/912
f 910/114/428 683/165/351 925/166/443
f 909/168/894 924/108/907 939/160/919
f 937/152/917 936/146/916 951/188/925 952/191/926
f 930/154/910 929/150/909 944/190/462 945/173/920
f 938/156/918 937/152/917 952/191/926 953/175/927
f 931/163/911 930/154/910 945/173/920 946/177/921
f 939/160/919 938/156/918 953/175/927 954/176/928
f 932/171/912 931/163/911 946/177/921 947/182/922
f 925/166/443 683/179/351 940/180/458
f 909/181/894 939/160/919 954/176/928
f 933/172/913 932/171/912 947/182/922 948/183/923
f 926/139/444 925/166/443 940/180/458 941/184/459
f 934/143/914 933/172/913 948/183/923 949/185/467
f 927/140/445 926/139/444 941/184/459 942/186/460
f 935/144/915 934/143/914 949/185/467 950/187/924
f 928/149/908 927/140/445 942/186/460 943/189/461
f 936/146/916 935/144/915 950/187/924 951/188/925
f 929/150/909 928/149/908 943/189/461 944/190/462
f 941/184/459 940/180/458 955/208/473 956/212/474
f 949/185/467 948/183/923 963/211/481 964/192/482
f 942/186/460 941/184/459 956/212/474 957/195/475
f 950/187/924 949/185/467 964/192/482 965/193/483
f 943/189/461 942/186/460 957/195/475 958/198/476
f 951/188/925 950/187/924 965/193/483 966/197/484
f 944/190/462 943/189/461 958/198/476 959/199/477
f 952/191/926 951/188/925 966/197/484 967/200/485
f 945/173/920 944/190/462 959/199/477 960/201/478
f 953/175/927 952/191/926 967/200/485 968/202/486
f 946/177/921 945/173/920 960/201/478 961/205/479
f 954/176/928 953/175/927 968/202/486 969/204/929
f 947/182/922 946/177/921 961/205/479 962/210/480
f 940/180/458 683/207/351 955/208/473
f 909/209/894 954/176/928 969/204/929
f 948/183/923 947/182/922 962/210/480 963/211/481
f 960/247/478 959/241/477 974/244/492 975/248/493
f 968/214/486 967/245/485 982/246/500 983/215/930
f 961/218/479 960/247/478 975/248/493 976/219/494
f 969/213/929 968/214/486 983/215/930 984/216/931
f 962/226/480 961/218/479 976/219/494 977/227/495
f 955/221/473 683/222/351 970/223/488
f 909/224/894 969/213/929 984/216/931
f 963/225/481 962/226/480 977/227/495 978/228/496
f 956/229/474 955/221/473 970/223/488 971/230/489
f 964/231/482 963/225/481 978/228/496 979/232/497
f 957/233/475 956/229/474 971/230/489 972/234/490
f 965/235/483 964/231/482 979/232/497 980/236/498
f 958/242/476 957/233/475 972/234/490 973/243/491
f 966/239/484 965/235/483 980/236/498 981/240/499
f 959/241/477 958/242/476 973/243/491 974/244/492
f 967/245/485 966/239/484 981/240/499 982/246/500
f 979/232/497 978/228/496 993/268/511 994/270/512
f 972/234/490 971/230/489 986/269/504 987/251/505
f 980/236/498 979/232/497 994/270/512 995/253/513
f 973/243/491 972/234/490 987/251/505 988/255/506
f 981/240/499 980/236/498 995/253/513 996/254/514
f 974/244/492 973/243/491 988/255/506 989/256/507
f 982/246/500 981/240/499 996/254/514 997/257/932
f 975/248/493 974/244/492 989/256/507 990/258/508
f 983/215/930 982/246/500 997/257/932 998/259/933
f 976/219/494 975/248/493 990/258/508 991/262/509
f 984/216/931 983/215/930 998/259/933 999/261/934
f 977/227/495 976/219/494 991/262/509 992/267/510
f 970/223/488 683/264/351 985/265/503
f 909/266/894 984/216/931 999/261/934
f 978/228/496 977/227/495 992/267/510 993/268/511
f 971/230/489 970/223/488 985/265/503 986/269/504
f 998/259/933 997/257/932 1012/287/936 1013/289/937
f 991/262/509 990/258/508 1005/288/523 1006/271/524
f 999/261/934 998/259/933 1013/289/937 1014/276/938
f 992/267/510 991/262/509 1006/271/524 1007/277/525
f 985/265/503 683/273/351 1000/274/518
f 909/275/894 999/261/934 1014/276/938
f 993/268/511 992/267/510 1007/277/525 1008/278/526
f 986/269/504 985/265/503 1000/274/518 1001/279/519
f 994/270/512 993/268/511 1008/278/526 1009/280/527
f 987/251/505 986/269/504 1001/279/519 1002/281/520
f 995/253/513 994/270/512 1009/280/527 1010/282/528
f 988/255/506 987/251/505 1002/281/520 1003/285/521
f 996/254/514 995/253/513 1010/282/528 1011/284/935
f 989/256/507 988/255/506 1003/285/521 1004/286/522
f 997/257/932 996/254/514 1011/284/935 1012/287/936
f 990/258/508 989/256/507 1004/286/522 1005/288/523
f 1010/282/528 1009/280/527 1024/308/542 1025/291/939
f 1003/285/521 1002/281/520 1017/309/535 1018/293/536
f 1011/284/935 1010/282/528 1025/291/939 1026/292/940
f 1004/286/522 1003/285/521 1018/293/536 1019/294/537
f 1012/287/936 1011/284/935 1026/292/940 1027/295/941
f 1005/288/523 1004/286/522 1019/294/537 1020/296/538
f 1013/289/937 1012/287/936 1027/295/941 1028/297/942
f 1006/271/524 1005/288/523 1020/296/538 1021/300/539
f 1014/276/938 1013/289/937 1028/297/942 1029/299/943
f 1007/277/525 1006/271/524 1021/300/539 1022/305/540
f 1000/274/518 683/302/351 1015/303/533
f 909/304/894 1014/276/938 1029/299/943
f 1008/278/526 1007/277/525 1022/305/540 1023/306/541
f 1001/279/519 1000/274/518 1015/303/533 1016/307/534
f 1009/280/527 1008/278/526 1023/306/541 1024/308/542
f 1002/281/520 1001/279/519 1016/307/534 1017/309/535
f 1029/299/943 1028/297/942 1043/326/947 1044/312/948
f 1022/305/540 1021/300/539 1036/328/554 1037/313/555
f 1015/303/533 683/330/351 1030/315/548
f 909/311/894 1029/299/943 1044/312/948
f 1023/306/541 1022/305/540 1037/313/555 1038/314/556
f 1016/307/534 1015/303/533 1030/315/548 1031/316/549
f 1024/308/542 1023/306/541 1038/314/556 1039/317/557
f 1017/309/535 1016/307/534 1031/316/549 1032/318/550
f 1025/291/939 1024/308/542 1039/317/557 1040/319/944
f 1018/293/536 1017/309/535 1032/318/550 1033/322/551
f 1026/292/940 1025/291/939 1040/319/944 1041/321/945
f 1019/294/537 1018/293/536 1033/322/551 1034/323/552
f 1027/295/941 1026/292/940 1041/321/945 1042/324/946
f 1020/296/538 1019/294/537 1034/323/552 1035/325/553
f 1028/297/942 1027/295/941 1042/324/946 1043/326/947
f 1021/300/539 1020/296/538 1035/325/553 1036/328/554
f 1033/322/551 1032/318/550 1047/347/565 1048/350/566
f 1041/321/945 1040/319/944 1055/348/950 1056/331/951
f 1034/323/552 1033/322/551 1048/350/566 1049/333/567
f 1042/324/946 1041/321/945 1056/331/951 1057/332/952
f 1035/325/553 1034/323/552 1049/333/567 1050/334/568
f 1043/326/947 1042/324/946 1057/332/952 1058/335/953
f 1036/328/554 1035/325/553 1050/334/568 1051/338/569
f 1044/312/948 1043/326/947 1058/335/953 1059/337/954
f 1037/313/555 1036/328/554 1051/338/569 1052/343/570
f 1030/315/548 683/340/351 1045/341/563
f 909/342/894 1044/312/948 1059/337/954
f 1038/314/556 1037/313/555 1052/343/570 1053/344/571
f 1031/316/549 1030/315/548 1045/341/563 1046/345/564
f 1039/317/557 1038/314/556 1053/344/571 1054/346/949
f 1032/318/550 1031/316/549 1046/345/564 1047/347/565
f 1040/319/944 1039/317/557 1054/346/949 1055/348/950
f 1052/343/570 1051/338/569 1066/366/584 1067/370/585
f 1045/341/563 683/368/351 1060/351/578
f 909/369/894 1059/337/954 1074/365/960
f 1053/344/571 1052/343/570 1067/370/585 1068/353/586
f 1046/345/564 1045/341/563 1060/351/578 1061/352/579
f 1054/346/949 1053/344/571 1068/353/586 1069/354/955
f 1047/347/565 1046/345/564 1061/352/579 1062/355/580
f 1055/348/950 1054/346/949 1069/354/955 1070/356/956
f 1048/350/566 1047/347/565 1062/355/580 1063/359/581
f 1056/331/951 1055/348/950 1070/356/956 1071/358/957
f 1049/333/567 1048/350/566 1063/359/581 1064/360/582
f 1057/332/952 1056/331/951 1071/358/957 1072/361/958
f 1050/334/568 1049/333/567 1064/360/582 1065/362/583
f 1058/335/953 1057/332/952 1072/361/958 1073/363/959
f 1051/338/569 1050/334/568 1065/362/583 1066/366/584
f 1059/337/954 1058/335/953 1073/363/959 1074/365/960
f 1071/358/957 1070/356/956 607/387/602 1080/389/962
f 1064/360/582 1063/359/581 1077/390/595 603/371/346
f 1072/361/958 1071/358/957 1080/389/962 1081/373/963
f 1065/362/583 1064/360/582 603/371/346 1078/372/596
f 1073/363/959 1072/361/958 1081/373/963 1082/374/964
f 1066/366/584 1065/362/583 1078/372/596 604/377/347
f 1074/365/960 1073/363/959 1082/374/964 1083/376/965
f 1067/370/585 1066/366/584 604/377/347 605/382/348
f 1060/351/578 683/379/351 1075/380/593
f 909/381/894 1074/365/960 1083/376/965
f 1068/353/586 1067/370/585 605/382/348 606/383/349
f 1061/352/579 1060/351/578 1075/380/593 1076/384/594
f 1069/354/955 1068/353/586 606/383/349 1079/385/961
f 1062/355/580 1061/352/579 1076/384/594 602/386/345
f 1070/356/956 1069/354/955 1079/385/961 607/387/602
f 1063/359/581 1062/355/580 602/386/345 1077/390/595
f 12/1/12 1088/4/970 1087/3/969 11/2/11
f 20/5/20 1096/8/978 1095/7/977 19/6/19
f 13/9/13 1089/10/971 1088/4/970 12/1/12
f 21/11/21 1097/12/979 1096/8/978 20/5/20
f 275/13/275 1324/14/1206 1089/10/971 13/9/13
f 22/15/22 1098/16/980 1097/12/979 21/11/21
f 259/17/259 1309/20/1191 1090/19/972 14/18/14
f 8/21/8 1084/23/966 7/22/7
f 83/24/83 1098/16/980 22/15/22
f 16/25/16 1092/28/974 1091/27/973 15/26/15
f 9/29/9 1085/30/967 1084/23/966 8/21/8
f 17/31/17 1093/32/975 1092/28/974 16/25/16
f 10/33/10 1086/34/968 1085/30/967 9/29/9
f 18/35/18 1094/36/976 1093/32/975 17/31/17
f 326/37/326 1373/38/1255 1086/34/968 10/33/10
f 19/6/19 1095/7/977 1094/36/976 18/35/18
f 1092/28/974 1107/40/989 1106/39/988 1091/27/973
f 1085/30/967 1100/42/982 1099/41/981 1084/23/966
f 1093/32/975 1108/43/990 1107/40/989 1092/28/974
f 1086/34/968 1101/44/983 1100/42/982 1085/30/967
f 1094/36/976 1109/45/991 1108/43/990 1093/32/975
f 1373/38/1255 1374/46/1256 1101/44/983 1086/34/968
f 1095/7/977 1110/47/992 1109/45/991 1094/36/976
f 1088/4/970 1103/49/985 1102/48/984 1087/3/969
f 1096/8/978 1111/50/993 1110/47/992 1095/7/977
f 1089/10/971 1104/51/986 1103/49/985 1088/4/970
f 1097/12/979 1112/52/994 1111/50/993 1096/8/978
f 1324/14/1206 1325/53/1207 1104/51/986 1089/10/971
f 1098/16/980 1113/54/995 1112/52/994 1097/12/979
f 1309/20/1191 1310/56/1192 1105/55/987 1090/19/972
f 1084/23/966 1099/41/981 7/57/7
f 83/58/83 1113/54/995 1098/16/980
f 1111/50/993 1126/60/1008 1125/59/1007 1110/47/992
f 1104/51/986 1119/62/1001 1118/61/1000 1103/49/985
f 1112/52/994 1127/63/1009 1126/60/1008 1111/50/993
f 1325/53/1207 1326/64/1208 1119/62/1001 1104/51/986
f 1113/54/995 1128/65/1010 1127/63/1009 1112/52/994
f 1310/56/1192 1311/67/1193 1120/66/1002 1105/55/987
f 1099/41/981 1114/69/996 7/68/7
f 83/70/83 1128/65/1010 1113/54/995
f 1107/40/989 1122/72/1004 1121/71/1003 1106/39/988
f 1100/42/982 1115/73/997 1114/69/996 1099/41/981
f 1108/43/990 1123/74/1005 1122/72/1004 1107/40/989
f 1101/44/983 1116/75/998 1115/73/997 1100/42/982
f 1109/45/991 1124/76/1006 1123/74/1005 1108/43/990
f 1374/46/1256 1375/77/1257 1116/75/998 1101/44/983
f 1110/47/992 1125/59/1007 1124/76/1006 1109/45/991
f 1103/49/985 1118/61/1000 1117/78/999 1102/48/984
f 1123/74/1005 1138/80/1020 1137/79/1019 1122/72/1004
f 1116/75/998 1131/82/1013 1130/81/1012 1115/73/997
f 1124/76/1006 1139/83/1021 1138/80/1020 1123/74/1005
f 1375/77/1257 1376/84/1258 1131/82/1013 1116/75/998
f 1125/59/1007 1140/85/1022 1139/83/1021 1124/76/1006
f 1118/61/1000 1133/87/1015 1132/86/1014 1117/78/999
f 1126/60/1008 1141/88/1023 1140/85/1022 1125/59/1007
f 1119/62/1001 1134/89/1016 1133/87/1015 1118/61/1000
f 1127/63/1009 1142/90/1024 1141/88/1023 1126/60/1008
f 1326/64/1208 1327/91/1209 1134/89/1016 1119/62/1001
f 1128/65/1010 1143/92/1025 1142/90/1024 1127/63/1009
f 1311/67/1193 1312/94/1194 1135/93/1017 1120/66/1002
f 1114/69/996 1129/96/1011 7/95/7
f 83/97/83 1143/92/1025 1128/65/1010
f 1122/72/1004 1137/79/1019 1136/98/1018 1121/71/1003
f 1115/73/997 1130/81/1012 1129/96/1011 1114/69/996
f 1356/99/1238 1157/102/1039 1156/101/1038 1357/100/1239
f 1372/103/1254 1328/106/1210 1149/105/1031 1359/104/1241
f 1360/107/1242 1158/108/1040 1157/102/1039 1356/99/1238
f 1371/109/1253 1313/112/1195 1150/111/1032 1358/110/1240
f 1129/96/1011 1362/115/1244 1144/114/1026 7/113/7
f 83/116/83 1158/108/1040 1360/107/1242 1143/92/1025
f 1363/117/1245 1152/120/1034 1151/119/1033 1361/118/1243
f 1364/121/1246 1145/122/1027 1144/114/1026 1362/115/1244
f 1365/123/1247 1153/124/1035 1152/120/1034 1363/117/1245
f 1366/125/1248 1146/126/1028 1145/122/1027 1364/121/1246
f 1367/127/1249 1154/128/1036 1153/124/1035 1365/123/1247
f 1389/129/1271 1377/130/1259 1146/126/1028 1366/125/1248
f 1369/131/1251 1155/132/1037 1154/128/1036 1367/127/1249
f 1370/133/1252 1148/136/1030 1147/135/1029 1368/134/1250
f 1357/100/1239 1156/101/1038 1155/132/1037 1369/131/1251
f 1359/104/1241 1149/105/1031 1148/136/1030 1370/133/1252
f 1339/137/1221 1161/140/1043 1160/139/1042 1340/138/1222
f 1341/141/1223 1169/144/1051 1168/143/1050 1342/142/1224
f 1344/145/1226 1170/146/1052 1169/144/1051 1341/141/1223
f 1345/147/1227 1163/150/1045 1162/149/1044 1343/148/1225
f 1346/151/1228 1171/152/1053 1170/146/1052 1344/145/1226
f 1347/153/1229 1164/154/1046 1163/150/1045 1345/147/1227
f 1348/155/1230 1172/156/1054 1171/152/1053 1346/151/1228
f 1355/157/1237 1329/158/1211 1164/154/1046 1347/153/1229
f 1350/159/1232 1173/160/1055 1172/156/1054 1348/155/1230
f 1354/161/1236 1314/164/1196 1165/163/1047 1349/162/1231
f 1144/114/1026 1352/167/1234 1159/166/1041 7/165/7
f 83/168/83 1173/160/1055 1350/159/1232 1158/108/1040
f 1353/169/1235 1167/172/1049 1166/171/1048 1351/170/1233
f 1340/138/1222 1160/139/1042 1159/166/1041 1352/167/1234
f 1342/142/1224 1168/143/1050 1167/172/1049 1353/169/1235
f 1329/158/1211 1330/174/1212 1179/173/1061 1164/154/1046
f 1173/160/1055 1188/176/1070 1187/175/1069 1172/156/1054
f 1314/164/1196 1315/178/1197 1180/177/1062 1165/163/1047
f 1159/166/1041 1174/180/1056 7/179/7
f 83/181/83 1188/176/1070 1173/160/1055
f 1167/172/1049 1182/183/1064 1181/182/1063 1166/171/1048
f 1160/139/1042 1175/184/1057 1174/180/1056 1159/166/1041
f 1168/143/1050 1183/185/1065 1182/183/1064 1167/172/1049
f 1161/140/1043 1176/186/1058 1175/184/1057 1160/139/1042
f 1169/144/1051 1184/187/1066 1183/185/1065 1168/143/1050
f 1170/146/1052 1185/188/1067 1184/187/1066 1169/144/1051
f 1163/150/1045 1178/190/1060 1177/189/1059 1162/149/1044
f 1171/152/1053 1186/191/1068 1185/188/1067 1170/146/1052
f 1164/154/1046 1179/173/1061 1178/190/1060 1163/150/1045
f 1172/156/1054 1187/175/1069 1186/191/1068 1171/152/1053
f 1184/187/1066 1199/193/1081 1198/192/1080 1183/185/1065
f 1379/194/1261 1380/196/1262 1191/195/1073 1176/186/1058
f 1185/188/1067 1200/197/1082 1199/193/1081 1184/187/1066
f 1178/190/1060 1193/199/1075 1192/198/1074 1177/189/1059
f 1186/191/1068 1201/200/1083 1200/197/1082 1185/188/1067
f 1179/173/1061 1194/201/1076 1193/199/1075 1178/190/1060
f 1187/175/1069 1202/202/1084 1201/200/1083 1186/191/1068
f 1330/174/1212 1331/203/1213 1194/201/1076 1179/173/1061
f 1188/176/1070 1203/204/1085 1202/202/1084 1187/175/1069
f 1315/178/1197 1316/206/1198 1195/205/1077 1180/177/1062
f 1174/180/1056 1189/208/1071 7/207/7
f 83/209/83 1203/204/1085 1188/176/1070
f 1182/183/1064 1197/211/1079 1196/210/1078 1181/182/1063
f 1175/184/1057 1190/212/1072 1189/208/1071 1174/180/1056
f 1183/185/1065 1198/192/1080 1197/211/1079 1182/183/1064
f 1176/186/1058 1191/195/1073 1190/212/1072 1175/184/1057
f 1203/213/1085 1218/216/1100 1217/215/1099 1202/214/1084
f 1316/217/1198 1317/220/1199 1210/219/1092 1195/218/1077
f 1189/221/1071 1204/223/1086 7/222/7
f 83/224/83 1218/216/1100 1203/213/1085
f 1197/225/1079 1212/228/1094 1211/227/1093 1196/226/1078
f 1190/229/1072 1205/230/1087 1204/223/1086 1189/221/1071
f 1198/231/1080 1213/232/1095 1212/228/1094 1197/225/1079
f 1191/233/1073 1206/234/1088 1205/230/1087 1190/229/1072
f 1199/235/1081 1214/236/1096 1213/232/1095 1198/231/1080
f 1380/237/1262 1381/238/1263 1206/234/1088 1191/233/1073
f 1200/239/1082 1215/240/1097 1214/236/1096 1199/235/1081
f 1193/241/1075 1208/244/1090 1207/243/1089 1192/242/1074
f 1201/245/1083 1216/246/1098 1215/240/1097 1200/239/1082
f 1194/247/1076 1209/248/1091 1208/244/1090 1193/241/1075
f 1202/214/1084 1217/215/1099 1216/246/1098 1201/245/1083
f 1331/249/1213 1332/250/1214 1209/248/1091 1194/247/1076
f 1381/238/1263 1382/252/1264 1221/251/1103 1206/234/1088
f 1215/240/1097 1230/254/1112 1229/253/1111 1214/236/1096
f 1208/244/1090 1223/256/1105 1222/255/1104 1207/243/1089
f 1216/246/1098 1231/257/1113 1230/254/1112 1215/240/1097
f 1209/248/1091 1224/258/1106 1223/256/1105 1208/244/1090
f 1217/215/1099 1232/259/1114 1231/257/1113 1216/246/1098
f 1332/250/1214 1333/260/1215 1224/258/1106 1209/248/1091
f 1218/216/1100 1233/261/1115 1232/259/1114 1217/215/1099
f 1317/220/1199 1318/263/1200 1225/262/1107 1210/219/1092
f 1204/223/1086 1219/265/1101 7/264/7
f 83/266/83 1233/261/1115 1218/216/1100
f 1212/228/1094 1227/268/1109 1226/267/1108 1211/227/1093
f 1205/230/1087 1220/269/1102 1219/265/1101 1204/223/1086
f 1213/232/1095 1228/270/1110 1227/268/1109 1212/228/1094
f 1206/234/1088 1221/251/1103 1220/269/1102 1205/230/1087
f 1214/236/1096 1229/253/1111 1228/270/1110 1213/232/1095
f 1318/263/1200 1319/272/1201 1240/271/1122 1225/262/1107
f 1219/265/1101 1234/274/1116 7/273/7
f 83/275/83 1248/276/1130 1233/261/1115
f 1227/268/1109 1242/278/1124 1241/277/1123 1226/267/1108
f 1220/269/1102 1235/279/1117 1234/274/1116 1219/265/1101
f 1228/270/1110 1243/280/1125 1242/278/1124 1227/268/1109
f 1221/251/1103 1236/281/1118 1235/279/1117 1220/269/1102
f 1229/253/1111 1244/282/1126 1243/280/1125 1228/270/1110
f 1382/252/1264 1383/283/1265 1236/281/1118 1221/251/1103
f 1230/254/1112 1245/284/1127 1244/282/1126 1229/253/1111
f 1223/256/1105 1238/286/1120 1237/285/1119 1222/255/1104
f 1231/257/1113 1246/287/1128 1245/284/1127 1230/254/1112
f 1224/258/1106 1239/288/1121 1238/286/1120 1223/256/1105
f 1232/259/1114 1247/289/1129 1246/287/1128 1231/257/1113
f 1333/260/1215 1334/290/1216 1239/288/1121 1224/258/1106
f 1233/261/1115 1248/276/1130 1247/289/1129 1232/259/1114
f 1245/284/1127 1260/292/1142 1259/291/1141 1244/282/1126
f 1238/286/1120 1253/294/1135 1252/293/1134 1237/285/1119
f 1246/287/1128 1261/295/1143 1260/292/1142 1245/284/1127
f 1239/288/1121 1254/296/1136 1253/294/1135 1238/286/1120
f 1247/289/1129 1262/297/1144 1261/295/1143 1246/287/1128
f 1334/290/1216 1335/298/1217 1254/296/1136 1239/288/1121
f 1248/276/1130 1263/299/1145 1262/297/1144 1247/289/1129
f 1319/272/1201 1320/301/1202 1255/300/1137 1240/271/1122
f 1234/274/1116 1249/303/1131 7/302/7
f 83/304/83 1263/299/1145 1248/276/1130
f 1242/278/1124 1257/306/1139 1256/305/1138 1241/277/1123
f 1235/279/1117 1250/307/1132 1249/303/1131 1234/274/1116
f 1243/280/1125 1258/308/1140 1257/306/1139 1242/278/1124
f 1236/281/1118 1251/309/1133 1250/307/1132 1235/279/1117
f 1244/282/1126 1259/291/1141 1258/308/1140 1243/280/1125
f 1383/283/1265 1384/310/1266 1251/309/1133 1236/281/1118
f 83/311/83 1278/312/1160 1263/299/1145
f 1257/306/1139 1272/314/1154 1271/313/1153 1256/305/1138
f 1250/307/1132 1265/316/1147 1264/315/1146 1249/303/1131
f 1258/308/1140 1273/317/1155 1272/314/1154 1257/306/1139
f 1251/309/1133 1266/318/1148 1265/316/1147 1250/307/1132
f 1259/291/1141 1274/319/1156 1273/317/1155 1258/308/1140
f 1384/310/1266 1385/320/1267 1266/318/1148 1251/309/1133
f 1260/292/1142 1275/321/1157 1274/319/1156 1259/291/1141
f 1253/294/1135 1268/323/1150 1267/322/1149 1252/293/1134
f 1261/295/1143 1276/324/1158 1275/321/1157 1260/292/1142
f 1254/296/1136 1269/325/1151 1268/323/1150 1253/294/1135
f 1262/297/1144 1277/326/1159 1276/324/1158 1261/295/1143
f 1335/298/1217 1336/327/1218 1269/325/1151 1254/296/1136
f 1263/299/1145 1278/312/1160 1277/326/1159 1262/297/1144
f 1320/301/1202 1321/329/1203 1270/328/1152 1255/300/1137
f 1249/303/1131 1264/315/1146 7/330/7
f 1276/324/1158 1291/332/1173 1290/331/1172 1275/321/1157
f 1269/325/1151 1284/334/1166 1283/333/1165 1268/323/1150
f 1277/326/1159 1292/335/1174 1291/332/1173 1276/324/1158
f 1336/327/1218 1337/336/1219 1284/334/1166 1269/325/1151
f 1278/312/1160 1293/337/1175 1292/335/1174 1277/326/1159
f 1321/329/1203 1322/339/1204 1285/338/1167 1270/328/1152
f 1264/315/1146 1279/341/1161 7/340/7
f 83/342/83 1293/337/1175 1278/312/1160
f 1272/314/1154 1287/344/1169 1286/343/1168 1271/313/1153
f 1265/316/1147 1280/345/1162 1279/341/1161 1264/315/1146
f 1273/317/1155 1288/346/1170 1287/344/1169 1272/314/1154
f 1266/318/1148 1281/347/1163 1280/345/1162 1265/316/1147
f 1274/319/1156 1289/348/1171 1288/346/1170 1273/317/1155
f 1385/320/1267 1386/349/1268 1281/347/1163 1266/318/1148
f 1275/321/1157 1290/331/1172 1289/348/1171 1274/319/1156
f 1268/323/1150 1283/333/1165 1282/350/1164 1267/322/1149
f 1280/345/1162 1295/352/1177 1294/351/1176 1279/341/1161
f 1288/346/1170 1303/354/1185 1302/353/1184 1287/344/1169
f 1281/347/1163 1296/355/1178 1295/352/1177 1280/345/1162
f 1289/348/1171 1304/356/1186 1303/354/1185 1288/346/1170
f 1386/349/1268 1387/357/1269 1296/355/1178 1281/347/1163
f 1290/331/1172 1305/358/1187 1304/356/1186 1289/348/1171
f 1283/333/1165 1298/360/1180 1297/359/1179 1282/350/1164
f 1291/332/1173 1306/361/1188 1305/358/1187 1290/331/1172
f 1284/334/1166 1299/362/1181 1298/360/1180 1283/333/1165
f 1292/335/1174 1307/363/1189 1306/361/1188 1291/332/1173
f 1337/336/1219 1338/364/1220 1299/362/1181 1284/334/1166
f 1293/337/1175 1308/365/1190 1307/363/1189 1292/335/1174
f 1322/339/1204 1323/367/1205 1300/366/1182 1285/338/1167
f 1279/341/1161 1294/351/1176 7/368/7
f 83/369/83 1308/365/1190 1293/337/1175
f 1287/344/1169 1302/353/1184 1301/370/1183 1286/343/1168
f 1299/362/1181 252/372/252 2/371/2 1298/360/1180
f 1307/363/1189 256/374/256 255/373/255 1306/361/1188
f 1338/364/1220 291/375/291 252/372/252 1299/362/1181
f 1308/365/1190 257/376/257 256/374/256 1307/363/1189
f 1323/367/1205 258/378/258 3/377/3 1300/366/1182
f 1294/351/1176 249/380/249 7/379/7
f 83/381/83 257/376/257 1308/365/1190
f 1302/353/1184 5/383/5 4/382/4 1301/370/1183
f 1295/352/1177 250/384/250 249/380/249 1294/351/1176
f 1303/354/1185 253/385/253 5/383/5 1302/353/1184
f 1296/355/1178 1/386/1 250/384/250 1295/352/1177
f 1304/356/1186 6/387/6 253/385/253 1303/354/1185
f 1387/357/1269 342/388/342 1/386/1 1296/355/1178
f 1305/358/1187 254/389/254 6/387/6 1304/356/1186
f 1298/360/1180 2/371/2 251/390/251 1297/359/1179
f 1306/361/1188 255/373/255 254/389/254 1305/358/1187
f 1301/370/1183 4/382/4 258/378/258 1323/367/1205
f 1286/343/1168 1301/370/1183 1323/367/1205 1322/339/1204
f 1271/313/1153 1286/343/1168 1322/339/1204 1321/329/1203
f 1256/305/1138 1271/313/1153 1321/329/1203 1320/301/1202
f 1241/277/1123 1256/305/1138 1320/301/1202 1319/272/1201
f 1226/267/1108 1241/277/1123 1319/272/1201 1318/263/1200
f 1211/227/1093 1226/267/1108 1318/263/1200 1317/220/1199
f 1196/226/1078 1211/227/1093 1317/220/1199 1316/217/1198
f 1181/182/1063 1196/210/1078 1316/206/1198 1315/178/1197
f 1166/171/1048 1181/182/1063 1315/178/1197 1314/164/1196
f 1351/170/1233 1166/171/1048 1314/164/1196 1354/161/1236
f 1361/118/1243 1151/119/1033 1313/112/1195 1371/109/1253
f 1121/71/1003 1136/98/1018 1312/94/1194 1311/67/1193
f 1106/39/988 1121/71/1003 1311/67/1193 1310/56/1192
f 1091/27/973 1106/39/988 1310/56/1192 1309/20/1191
f 15/26/15 1091/27/973 1309/20/1191 259/17/259
f 1300/366/1182 3/377/3 291/375/291 1338/364/1220
f 1285/338/1167 1300/366/1182 1338/364/1220 1337/336/1219
f 1270/328/1152 1285/338/1167 1337/336/1219 1336/327/1218
f 1255/300/1137 1270/328/1152 1336/327/1218 1335/298/1217
f 1240/271/1122 1255/300/1137 1335/298/1217 1334/290/1216
f 1225/262/1107 1240/271/1122 1334/290/1216 1333/260/1215
f 1210/219/1092 1225/262/1107 1333/260/1215 1332/250/1214
f 1195/218/1077 1210/219/1092 1332/250/1214 1331/249/1213
f 1180/177/1062 1195/205/1077 1331/203/1213 1330/174/1212
f 1165/163/1047 1180/177/1062 1330/174/1212 1329/158/1211
f 1349/162/1231 1165/163/1047 1329/158/1211 1355/157/1237
f 1358/110/1240 1150/111/1032 1328/106/1210 1372/103/1254
f 1120/66/1002 1135/93/1017 1327/91/1209 1326/64/1208
f 1105/55/987 1120/66/1002 1326/64/1208 1325/53/1207
f 1090/19/972 1105/55/987 1325/53/1207 1324/14/1206
f 14/18/14 1090/19/972 1324/14/1206 275/13/275
f 1150/111/1032 1349/162/1231 1355/157/1237 1328/106/1210
f 1151/119/1033 1351/170/1233 1354/161/1236 1313/112/1195
f 1153/124/1035 1342/142/1224 1353/169/1235 1152/120/1034
f 1145/122/1027 1340/138/1222 1352/167/1234 1144/114/1026
f 1152/120/1034 1353/169/1235 1351/170/1233 1151/119/1033
f 1313/112/1195 1354/161/1236 1349/162/1231 1150/111/1032
f 1158/108/1040 1350/159/1232 1348/155/1230 1157/102/1039
f 1328/106/1210 1355/157/1237 1347/153/1229 1149/105/1031
f 1157/102/1039 1348/155/1230 1346/151/1228 1156/101/1038
f 1149/105/1031 1347/153/1229 1345/147/1227 1148/136/1030
f 1156/101/1038 1346/151/1228 1344/145/1226 1155/132/1037
f 1148/136/1030 1345/147/1227 1343/148/1225 1147/135/1029
f 1155/132/1037 1344/145/1226 1341/141/1223 1154/128/1036
f 1154/128/1036 1341/141/1223 1342/142/1224 1153/124/1035
f 1146/126/1028 1339/137/1221 1340/138/1222 1145/122/1027
f 1135/93/1017 1358/110/1240 1372/103/1254 1327/91/1209
f 1136/98/1018 1361/118/1243 1371/109/1253 1312/94/1194
f 1134/89/1016 1359/104/1241 1370/133/1252 1133/87/1015
f 1141/88/1023 1357/100/1239 1369/131/1251 1140/85/1022
f 1133/87/1015 1370/133/1252 1368/134/1250 1132/86/1014
f 1140/85/1022 1369/131/1251 1367/127/1249 1139/83/1021
f 1376/84/1258 1389/129/1271 1366/125/1248 1131/82/1013
f 1139/83/1021 1367/127/1249 1365/123/1247 1138/80/1020
f 1131/82/1013 1366/125/1248 1364/121/1246 1130/81/1012
f 1138/80/1020 1365/123/1247 1363/117/1245 1137/79/1019
f 1130/81/1012 1364/121/1246 1362/115/1244 1129/96/1011
f 1137/79/1019 1363/117/1245 1361/118/1243 1136/98/1018
f 1312/94/1194 1371/109/1253 1358/110/1240 1135/93/1017
f 1143/92/1025 1360/107/1242 1356/99/1238 1142/90/1024
f 1327/91/1209 1372/103/1254 1359/104/1241 1134/89/1016
f 1142/90/1024 1356/99/1238 1357/100/1239 1141/88/1023
f 1132/86/1014 1368/134/1250 1389/129/1271 1376/84/1258
f 1147/135/1029 1343/148/1225 1388/391/1270 1377/130/1259
f 1297/359/1179 251/390/251 342/388/342 1387/357/1269
f 1282/350/1164 1297/359/1179 1387/357/1269 1386/349/1268
f 1267/322/1149 1282/350/1164 1386/349/1268 1385/320/1267
f 1252/293/1134 1267/322/1149 1385/320/1267 1384/310/1266
f 1237/285/1119 1252/293/1134 1384/310/1266 1383/283/1265
f 1222/255/1104 1237/285/1119 1383/283/1265 1382/252/1264
f 1207/243/1089 1222/255/1104 1382/252/1264 1381/238/1263
f 1192/242/1074 1207/243/1089 1381/238/1263 1380/237/1262
f 1177/189/1059 1192/198/1074 1380/196/1262 1379/194/1261
f 1162/149/1044 1177/189/1059 1379/194/1261 1378/392/1260
f 1343/148/1225 1162/149/1044 1378/392/1260 1388/391/1270
f 1368/134/1250 1147/135/1029 1377/130/1259 1389/129/1271
f 1117/78/999 1132/86/1014 1376/84/1258 1375/77/1257
f 1102/48/984 1117/78/999 1375/77/1257 1374/46/1256
f 1087/3/969 1102/48/984 1374/46/1256 1373/38/1255
f 11/2/11 1087/3/969 1373/38/1255 326/37/326
f 366/15/366 1404/16/1284 1403/12/1283 365/11/365
f 359/26/359 1397/27/1277 1396/19/1276 358/18/358
f 352/21/352 1390/23/813 351/22/351
f 427/24/427 1404/16/1284 366/15/366
f 360/25/360 1398/28/1278 1397/27/1277 359/26/359
f 353/29/353 1391/30/814 1390/23/813 352/21/352
f 361/31/361 1399/32/1279 1398/28/1278 360/25/360
f 354/33/354 1392/34/1272 1391/30/814 353/29/353
f 362/35/362 1400/36/1280 1399/32/1279 361/31/361
f 355/2/355 1393/3/1273 1392/34/1272 354/33/354
f 363/6/363 1401/7/1281 1400/36/1280 362/35/362
f 356/1/356 1394/4/1274 1393/3/1273 355/2/355
f 364/5/364 1402/8/1282 1401/7/1281 363/6/363
f 357/9/357 1395/10/1275 1394/4/1274 356/1/356
f 365/11/365 1403/12/1283 1402/8/1282 364/5/364
f 358/18/358 1396/19/1276 1395/10/1275 357/9/357
f 1393/3/1273 1408/48/1286 1407/44/1285 1392/34/1272
f 1401/7/1281 1416/47/1294 1415/45/1293 1400/36/1280
f 1394/4/1274 1409/49/1287 1408/48/1286 1393/3/1273
f 1402/8/1282 1417/50/1295 1416/47/1294 1401/7/1281
f 1395/10/1275 1410/51/1288 1409/49/1287 1394/4/1274
f 1403/12/1283 1418/52/1296 1417/50/1295 1402/8/1282
f 1396/19/1276 1411/55/1289 1410/51/1288 1395/10/1275
f 1404/16/1284 1419/54/1297 1418/52/1296 1403/12/1283
f 1397/27/1277 1412/39/1290 1411/55/1289 1396/19/1276
f 1390/23/813 1405/41/798 351/57/351
f 427/58/427 1419/54/1297 1404/16/1284
f 1398/28/1278 1413/40/1291 1412/39/1290 1397/27/1277
f 1391/30/814 1406/42/799 1405/41/798 1390/23/813
f 1399/32/1279 1414/43/1292 1413/40/1291 1398/28/1278
f 1392/34/1272 1407/44/1285 1406/42/799 1391/30/814
f 1400/36/1280 1415/45/1293 1414/43/1292 1399/32/1279
f 1412/39/1290 1427/71/1304 1426/66/1303 1411/55/1289
f 1405/41/798 1420/69/1298 351/68/351
f 427/70/427 1434/65/1311 1419/54/1297
f 1413/40/1291 1428/72/1305 1427/71/1304 1412/39/1290
f 1406/42/799 1421/73/784 1420/69/1298 1405/41/798
f 1414/43/1292 1429/74/1306 1428/72/1305 1413/40/1291
f 1407/44/1285 1422/75/1299 1421/73/784 1406/42/799
f 1415/45/1293 1430/76/1307 1429/74/1306 1414/43/1292
f 1408/48/1286 1423/78/1300 1422/75/1299 1407/44/1285
f 1416/47/1294 1431/59/1308 1430/76/1307 1415/45/1293
f 1409/49/1287 1424/61/1301 1423/78/1300 1408/48/1286
f 1417/50/1295 1432/60/1309 1431/59/1308 1416/47/1294
f 1410/51/1288 1425/62/1302 1424/61/1301 1409/49/1287
f 1418/52/1296 1433/63/1310 1432/60/1309 1417/50/1295
f 1411/55/1289 1426/66/1303 1425/62/1302 1410/51/1288
f 1419/54/1297 1434/65/1311 1433/63/1310 1418/52/1296
f 1431/59/1308 1446/85/1321 1445/83/1320 1430/76/1307
f 1424/61/1301 1439/87/1314 1438/86/1313 1423/78/1300
f 1432/60/1309 1447/88/1322 1446/85/1321 1431/59/1308
f 1425/62/1302 1440/89/1315 1439/87/1314 1424/61/1301
f 1433/63/1310 1448/90/1323 1447/88/1322 1432/60/1309
f 1426/66/1303 1441/93/1316 1440/89/1315 1425/62/1302
f 1434/65/1311 1449/92/1324 1448/90/1323 1433/63/1310
f 1427/71/1304 1442/98/1317 1441/93/1316 1426/66/1303
f 1420/69/1298 1435/96/768 351/95/351
f 427/97/427 1449/92/1324 1434/65/1311
f 1428/72/1305 1443/79/1318 1442/98/1317 1427/71/1304
f 1421/73/784 1436/81/769 1435/96/768 1420/69/1298
f 1429/74/1306 1444/80/1319 1443/79/1318 1428/72/1305
f 1422/75/1299 1437/82/1312 1436/81/769 1421/73/784
f 1430/76/1307 1445/83/1320 1444/80/1319 1429/74/1306
f 1423/78/1300 1438/86/1313 1437/82/1312 1422/75/1299
f 427/116/427 1464/108/1337 1449/92/1324
f 1443/79/1318 1458/120/1331 1457/119/1330 1442/98/1317
f 1436/81/769 1451/122/754 1450/114/753 1435/96/768
f 1444/80/1319 1459/124/1332 1458/120/1331 1443/79/1318
f 1437/82/1312 1452/126/1325 1451/122/754 1436/81/769
f 1445/83/1320 1460/128/1333 1459/124/1332 1444/80/1319
f 1438/86/1313 1453/135/1326 1452/126/1325 1437/82/1312
f 1446/85/1321 1461/132/1334 1460/128/1333 1445/83/1320
f 1439/87/1314 1454/136/1327 1453/135/1326 1438/86/1313
f 1447/88/1322 1462/101/1335 1461/132/1334 1446/85/1321
f 1440/89/1315 1455/105/1328 1454/136/1327 1439/87/1314
f 1448/90/1323 1463/102/1336 1462/101/1335 1447/88/1322
f 1441/93/1316 1456/111/1329 1455/105/1328 1440/89/1315
f 1449/92/1324 1464/108/1337 1463/102/1336 1448/90/1323
f 1442/98/1317 1457/119/1330 1456/111/1329 1441/93/1316
f 1435/96/768 1450/114/753 351/113/351
f 1462/101/1335 1477/152/1347 1476/146/1346 1461/132/1334
f 1455/105/1328 1470/154/1340 1469/150/1339 1454/136/1327
f 1463/102/1336 1478/156/1348 1477/152/1347 1462/101/1335
f 1456/111/1329 1471/163/1341 1470/154/1340 1455/105/1328
f 1464/108/1337 1479/160/1349 1478/156/1348 1463/102/1336
f 1457/119/1330 1472/171/1342 1471/163/1341 1456/111/1329
f 1450/114/753 1465/166/738 351/165/351
f 427/168/427 1479/160/1349 1464/108/1337
f 1458/120/1331 1473/172/1343 1472/171/1342 1457/119/1330
f 1451/122/754 1466/139/739 1465/166/738 1450/114/753
f 1459/124/1332 1474/143/1344 1473/172/1343 1458/120/1331
f 1452/126/1325 1467/140/740 1466/139/739 1451/122/754
f 1460/128/1333 1475/144/1345 1474/143/1344 1459/124/1332
f 1453/135/1326 1468/149/1338 1467/140/740 1452/126/1325
f 1461/132/1334 1476/146/1346 1475/144/1345 1460/128/1333
f 1454/136/1327 1469/150/1339 1468/149/1338 1453/135/1326
f 1466/139/739 1481/184/724 1480/180/723 1465/166/738
f 1474/143/1344 1489/185/732 1488/183/1353 1473/172/1343
f 1467/140/740 1482/186/725 1481/184/724 1466/139/739
f 1475/144/1345 1490/187/1354 1489/185/732 1474/143/1344
f 1468/149/1338 1483/189/726 1482/186/725 1467/140/740
f 1476/146/1346 1491/188/1355 1490/187/1354 1475/144/1345
f 1469/150/1339 1484/190/727 1483/189/726 1468/149/1338
f 1477/152/1347 1492/191/1356 1491/188/1355 1476/146/1346
f 1470/154/1340 1485/173/1350 1484/190/727 1469/150/1339
f 1478/156/1348 1493/175/1357 1492/191/1356 1477/152/1347
f 1471/163/1341 1486/177/1351 1485/173/1350 1470/154/1340
f 1479/160/1349 1494/176/1358 1493/175/1357 1478/156/1348
f 1472/171/1342 1487/182/1352 1486/177/1351 1471/163/1341
f 1465/166/738 1480/180/723 351/179/351
f 427/181/427 1494/176/1358 1479/160/1349
f 1473/172/1343 1488/183/1353 1487/182/1352 1472/171/1342
f 1485/173/1350 1500/201/713 1499/199/712 1484/190/727
f 1493/175/1357 1508/202/721 1507/200/720 1492/191/1356
f 1486/177/1351 1501/205/714 1500/201/713 1485/173/1350
f 1494/176/1358 1509/204/1359 1508/202/721 1493/175/1357
f 1487/182/1352 1502/210/715 1501/205/714 1486/177/1351
f 1480/180/723 1495/208/708 351/207/351
f 427/209/427 1509/204/1359 1494/176/1358
f 1488/183/1353 1503/211/716 1502/210/715 1487/182/1352
f 1481/184/724 1496/212/709 1495/208/708 1480/180/723
f 1489/185/732 1504/192/717 1503/211/716 1488/183/1353
f 1482/186/725 1497/195/710 1496/212/709 1481/184/724
f 1490/187/1354 1505/193/718 1504/192/717 1489/185/732
f 1483/189/726 1498/198/711 1497/195/710 1482/186/725
f 1491/188/1355 1506/197/719 1505/193/718 1490/187/1354
f 1484/190/727 1499/199/712 1498/198/711 1483/189/726
f 1492/191/1356 1507/200/720 1506/197/719 1491/188/1355
f 1504/231/717 1519/232/702 1518/228/701 1503/225/716
f 1497/233/710 1512/234/695 1511/230/694 1496/229/709
f 1505/235/718 1520/236/703 1519/232/702 1504/231/717
f 1498/242/711 1513/243/696 1512/234/695 1497/233/710
f 1506/239/719 1521/240/704 1520/236/703 1505/235/718
f 1499/241/712 1514/244/697 1513/243/696 1498/242/711
f 1507/245/720 1522/246/705 1521/240/704 1506/239/719
f 1500/247/713 1515/248/698 1514/244/697 1499/241/712
f 1508/214/721 1523/215/1360 1522/246/705 1507/245/720
f 1501/218/714 1516/219/699 1515/248/698 1500/247/713
f 1509/213/1359 1524/216/1361 1523/215/1360 1508/214/721
f 1502/226/715 1517/227/700 1516/219/699 1501/218/714
f 1495/221/708 1510/223/693 351/222/351
f 427/224/427 1524/216/1361 1509/213/1359
f 1503/225/716 1518/228/701 1517/227/700 1502/226/715
f 1496/229/709 1511/230/694 1510/223/693 1495/221/708
f 1523/215/1360 1538/259/1363 1537/257/1362 1522/246/705
f 1516/219/699 1531/262/684 1530/258/683 1515/248/698
f 1524/216/1361 1539/261/1364 1538/259/1363 1523/215/1360
f 1517/227/700 1532/267/685 1531/262/684 1516/219/699
f 1510/223/693 1525/265/678 351/264/351
f 427/266/427 1539/261/1364 1524/216/1361
f 1518/228/701 1533/268/686 1532/267/685 1517/227/700
f 1511/230/694 1526/269/679 1525/265/678 1510/223/693
f 1519/232/702 1534/270/687 1533/268/686 1518/228/701
f 1512/234/695 1527/251/680 1526/269/679 1511/230/694
f 1520/236/703 1535/253/688 1534/270/687 1519/232/702
f 1513/243/696 1528/255/681 1527/251/680 1512/234/695
f 1521/240/704 1536/254/689 1535/253/688 1520/236/703
f 1514/244/697 1529/256/682 1528/255/681 1513/243/696
f 1522/246/705 1537/257/1362 1536/254/689 1521/240/704
f 1515/248/698 1530/258/683 1529/256/682 1514/244/697
f 1527/251/680 1542/281/665 1541/279/664 1526/269/679
f 1535/253/688 1550/282/673 1549/280/672 1534/270/687
f 1528/255/681 1543/285/666 1542/281/665 1527/251/680
f 1536/254/689 1551/284/1365 1550/282/673 1535/253/688
f 1529/256/682 1544/286/667 1543/285/666 1528/255/681
f 1537/257/1362 1552/287/1366 1551/284/1365 1536/254/689
f 1530/258/683 1545/288/668 1544/286/667 1529/256/682
f 1538/259/1363 1553/289/1367 1552/287/1366 1537/257/1362
f 1531/262/684 1546/271/669 1545/288/668 1530/258/683
f 1539/261/1364 1554/276/1368 1553/289/1367 1538/259/1363
f 1532/267/685 1547/277/670 1546/271/669 1531/262/684
f 1525/265/678 1540/274/663 351/273/351
f 427/275/427 1554/276/1368 1539/261/1364
f 1533/268/686 1548/278/671 1547/277/670 1532/267/685
f 1526/269/679 1541/279/664 1540/274/663 1525/265/678
f 1534/270/687 1549/280/672 1548/278/671 1533/268/686
f 1546/271/669 1561/300/654 1560/296/653 1545/288/668
f 1554/276/1368 1569/299/1373 1568/297/1372 1553/289/1367
f 1547/277/670 1562/305/655 1561/300/654 1546/271/669
f 1540/274/663 1555/303/648 351/302/351
f 427/304/427 1569/299/1373 1554/276/1368
f 1548/278/671 1563/306/656 1562/305/655 1547/277/670
f 1541/279/664 1556/307/649 1555/303/648 1540/274/663
f 1549/280/672 1564/308/657 1563/306/656 1548/278/671
f 1542/281/665 1557/309/650 1556/307/649 1541/279/664
f 1550/282/673 1565/291/1369 1564/308/657 1549/280/672
f 1543/285/666 1558/293/651 1557/309/650 1542/281/665
f 1551/284/1365 1566/292/1370 1565/291/1369 1550/282/673
f 1544/286/667 1559/294/652 1558/293/651 1543/285/666
f 1552/287/1366 1567/295/1371 1566/292/1370 1551/284/1365
f 1545/288/668 1560/296/653 1559/294/652 1544/286/667
f 1553/289/1367 1568/297/1372 1567/295/1371 1552/287/1366
f 1565/291/1369 1580/319/1374 1579/317/642 1564/308/657
f 1558/293/651 1573/322/636 1572/318/635 1557/309/650
f 1566/292/1370 1581/321/1375 1580/319/1374 1565/291/1369
f 1559/294/652 1574/323/637 1573/322/636 1558/293/651
f 1567/295/1371 1582/324/1376 1581/321/1375 1566/292/1370
f 1560/296/653 1575/325/638 1574/323/637 1559/294/652
f 1568/297/1372 1583/326/1377 1582/324/1376 1567/295/1371
f 1561/300/654 1576/328/639 1575/325/638 1560/296/653
f 1569/299/1373 1584/312/1378 1583/326/1377 1568/297/1372
f 1562/305/655 1577/313/640 1576/328/639 1561/300/654
f 1555/303/648 1570/315/633 351/330/351
f 427/311/427 1584/312/1378 1569/299/1373
f 1563/306/656 1578/314/641 1577/313/640 1562/305/655
f 1556/307/649 1571/316/634 1570/315/633 1555/303/648
f 1564/308/657 1579/317/642 1578/314/641 1563/306/656
f 1557/309/650 1572/318/635 1571/316/634 1556/307/649
f 1584/312/1378 1599/337/1384 1598/335/1383 1583/326/1377
f 1577/313/640 1592/343/625 1591/338/624 1576/328/639
f 1570/315/633 1585/341/618 351/340/351
f 427/342/427 1599/337/1384 1584/312/1378
f 1578/314/641 1593/344/626 1592/343/625 1577/313/640
f 1571/316/634 1586/345/619 1585/341/618 1570/315/633
f 1579/317/642 1594/346/1379 1593/344/626 1578/314/641
f 1572/318/635 1587/347/620 1586/345/619 1571/316/634
f 1580/319/1374 1595/348/1380 1594/346/1379 1579/317/642
f 1573/322/636 1588/350/621 1587/347/620 1572/318/635
f 1581/321/1375 1596/331/1381 1595/348/1380 1580/319/1374
f 1574/323/637 1589/333/622 1588/350/621 1573/322/636
f 1582/324/1376 1597/332/1382 1596/331/1381 1581/321/1375
f 1575/325/638 1590/334/623 1589/333/622 1574/323/637
f 1583/326/1377 1598/335/1383 1597/332/1382 1582/324/1376
f 1576/328/639 1591/338/624 1590/334/623 1575/325/638
f 1596/331/1381 1611/358/1387 1610/356/1386 1595/348/1380
f 1589/333/622 1604/360/607 1603/359/606 1588/350/621
f 1597/332/1382 1612/361/1388 1611/358/1387 1596/331/1381
f 1590/334/623 1605/362/608 1604/360/607 1589/333/622
f 1598/335/1383 1613/363/1389 1612/361/1388 1597/332/1382
f 1591/338/624 1606/366/609 1605/362/608 1590/334/623
f 1599/337/1384 1614/365/1390 1613/363/1389 1598/335/1383
f 1592/343/625 1607/370/610 1606/366/609 1591/338/624
f 1585/341/618 1600/351/603 351/368/351
f 427/369/427 1614/365/1390 1599/337/1384
f 1593/344/626 1608/353/611 1607/370/610 1592/343/625
f 1586/345/619 1601/352/604 1600/351/603 1585/341/618
f 1594/346/1379 1609/354/1385 1608/353/611 1593/344/626
f 1587/347/620 1602/355/605 1601/352/604 1586/345/619
f 1595/348/1380 1610/356/1386 1609/354/1385 1594/346/1379
f 1588/350/621 1603/359/606 1602/355/605 1587/347/620
f 1600/351/603 593/380/593 351/379/351
f 427/381/427 601/376/601 1614/365/1390
f 1608/353/611 349/383/349 348/382/348 1607/370/610
f 1601/352/604 594/384/594 593/380/593 1600/351/603
f 1609/354/1385 597/385/597 349/383/349 1608/353/611
f 1602/355/605 345/386/345 594/384/594 1601/352/604
f 1610/356/1386 350/387/350 597/385/597 1609/354/1385
f 1603/359/606 595/390/595 345/386/345 1602/355/605
f 1611/358/1387 598/389/598 350/387/350 1610/356/1386
f 1604/360/607 346/371/346 595/390/595 1603/359/606
f 1612/361/1388 599/373/599 598/389/598 1611/358/1387
f 1605/362/608 596/372/596 346/371/346 1604/360/607
f 1613/363/1389 600/374/600 599/373/599 1612/361/1388
f 1606/366/609 347/377/347 596/372/596 1605/362/608
f 1614/365/1390 601/376/601 600/374/600 1613/363/1389
f 1607/370/610 348/382/348 347/377/347 1606/366/609
f 2090/390/595 1624/394/581 1623/393/580 1615/386/345
f 2093/389/962 1632/396/957 1631/395/956 1620/387/602
f 1616/371/346 1625/397/582 1624/394/581 2090/390/595
f 2094/373/963 1633/398/958 1632/396/957 2093/389/962
f 2091/372/596 1626/399/583 1625/397/582 1616/371/346
f 2095/374/964 1634/400/959 1633/398/958 2094/373/963
f 1617/377/347 1627/401/584 1626/399/583 2091/372/596
f 2096/376/965 1635/402/960 1634/400/959 2095/374/964
f 1618/382/348 1628/403/585 1627/401/584 1617/377/347
f 2088/380/593 1621/405/578 1696/404/351
f 1922/406/894 1635/402/960 2096/376/965
f 1619/383/349 1629/407/586 1628/403/585 1618/382/348
f 2089/384/594 1622/408/579 1621/405/578 2088/380/593
f 2092/385/961 1630/409/955 1629/407/586 1619/383/349
f 1615/386/345 1623/393/580 1622/408/579 2089/384/594
f 1620/387/602 1631/395/956 1630/409/955 2092/385/961
f 1623/393/580 1638/411/565 1637/410/564 1622/408/579
f 1631/395/956 1646/413/950 1645/412/949 1630/409/955
f 1624/394/581 1639/414/566 1638/411/565 1623/393/580
f 1632/396/957 1647/415/951 1646/413/950 1631/395/956
f 1625/397/582 1640/416/567 1639/414/566 1624/394/581
f 1633/398/958 1648/417/952 1647/415/951 1632/396/957
f 1626/399/583 1641/418/568 1640/416/567 1625/397/582
f 1634/400/959 1649/419/953 1648/417/952 1633/398/958
f 1627/401/584 1642/420/569 1641/418/568 1626/399/583
f 1635/402/960 1650/421/954 1649/419/953 1634/400/959
f 1628/403/585 1643/422/570 1642/420/569 1627/401/584
f 1621/405/578 1636/424/563 1696/423/351
f 1922/425/894 1650/421/954 1635/402/960
f 1629/407/586 1644/426/571 1643/422/570 1628/403/585
f 1622/408/579 1637/410/564 1636/424/563 1621/405/578
f 1630/409/955 1645/412/949 1644/426/571 1629/407/586
f 1642/420/569 1657/428/554 1656/427/553 1641/418/568
f 1650/421/954 1665/430/948 1664/429/947 1649/419/953
f 1643/422/570 1658/431/555 1657/428/554 1642/420/569
f 1636/424/563 1651/433/548 1696/432/351
f 1922/434/894 1665/430/948 1650/421/954
f 1644/426/571 1659/435/556 1658/431/555 1643/422/570
f 1637/410/564 1652/436/549 1651/433/548 1636/424/563
f 1645/412/949 1660/437/557 1659/435/556 1644/426/571
f 1638/411/565 1653/438/550 1652/436/549 1637/410/564
f 1646/413/950 1661/439/944 1660/437/557 1645/412/949
f 1639/414/566 1654/440/551 1653/438/550 1638/411/565
f 1647/415/951 1662/441/945 1661/439/944 1646/413/950
f 1640/416/567 1655/442/552 1654/440/551 1639/414/566
f 1648/417/952 1663/443/946 1662/441/945 1647/415/951
f 1641/418/568 1656/427/553 1655/442/552 1640/416/567
f 1649/419/953 1664/429/947 1663/443/946 1648/417/952
f 1661/439/944 1676/445/939 1675/444/542 1660/437/557
f 1654/440/551 1669/447/536 1668/446/535 1653/438/550
f 1662/441/945 1677/448/940 1676/445/939 1661/439/944
f 1655/442/552 1670/449/537 1669/447/536 1654/440/551
f 1663/443/946 1678/450/941 1677/448/940 1662/441/945
f 1656/427/553 1671/451/538 1670/449/537 1655/442/552
f 1664/429/947 1679/452/942 1678/450/941 1663/443/946
f 1657/428/554 1672/453/539 1671/451/538 1656/427/553
f 1665/430/948 1680/454/943 1679/452/942 1664/429/947
f 1658/431/555 1673/455/540 1672/453/539 1657/428/554
f 1651/433/548 1666/457/533 1696/456/351
f 1922/458/894 1680/454/943 1665/430/948
f 1659/435/556 1674/459/541 1673/455/540 1658/431/555
f 1652/436/549 1667/460/534 1666/457/533 1651/433/548
f 1660/437/557 1675/444/542 1674/459/541 1659/435/556
f 1653/438/550 1668/446/535 1667/460/534 1652/436/549
f 1680/454/943 1695/462/938 1694/461/937 1679/452/942
f 1673/455/540 1688/464/525 1687/463/524 1672/453/539
f 1666/457/533 1681/466/518 1696/465/351
f 1922/467/894 1695/462/938 1680/454/943
f 1674/459/541 1689/468/526 1688/464/525 1673/455/540
f 1667/460/534 1682/469/519 1681/466/518 1666/457/533
f 1675/444/542 1690/470/527 1689/468/526 1674/459/541
f 1668/446/535 1683/471/520 1682/469/519 1667/460/534
f 1676/445/939 1691/472/528 1690/470/527 1675/444/542
f 1669/447/536 1684/473/521 1683/471/520 1668/446/535
f 1677/448/940 1692/474/935 1691/472/528 1676/445/939
f 1670/449/537 1685/475/522 1684/473/521 1669/447/536
f 1678/450/941 1693/476/936 1692/474/935 1677/448/940
f 1671/451/538 1686/477/523 1685/475/522 1670/449/537
f 1679/452/942 1694/461/937 1693/476/936 1678/450/941
f 1672/453/539 1687/463/524 1686/477/523 1671/451/538
f 1684/473/521 1700/479/506 1699/478/505 1683/471/520
f 1692/474/935 1708/481/514 1707/480/513 1691/472/528
f 1685/475/522 1701/482/507 1700/479/506 1684/473/521
f 1693/476/936 1709/483/932 1708/481/514 1692/474/935
f 1686/477/523 1702/484/508 1701/482/507 1685/475/522
f 1694/461/937 1710/485/933 1709/483/932 1693/476/936
f 1687/463/524 1703/486/509 1702/484/508 1686/477/523
f 1695/462/938 1711/487/934 1710/485/933 1694/461/937
f 1688/464/525 1704/488/510 1703/486/509 1687/463/524
f 1681/466/518 1697/490/503 1696/489/351
f 1922/491/894 1711/487/934 1695/462/938
f 1689/468/526 1705/492/511 1704/488/510 1688/464/525
f 1682/469/519 1698/493/504 1697/490/503 1681/466/518
f 1690/470/527 1706/494/512 1705/492/511 1689/468/526
f 1683/471/520 1699/478/505 1698/493/504 1682/469/519
f 1691/472/528 1707/480/513 1706/494/512 1690/470/527
f 1704/488/510 1719/496/495 1718/495/494 1703/486/509
f 1697/490/503 1712/498/488 1696/497/351
f 1922/499/894 1726/500/931 1711/487/934
f 1705/492/511 1720/501/496 1719/496/495 1704/488/510
f 1698/493/504 1713/502/489 1712/498/488 1697/490/503
f 1706/494/512 1721/503/497 1720/501/496 1705/492/511
f 1699/478/505 1714/504/490 1713/502/489 1698/493/504
f 1707/480/513 1722/505/498 1721/503/497 1706/494/512
f 1700/479/506 1715/506/491 1714/504/490 1699/478/505
f 1708/481/514 1723/507/499 1722/505/498 1707/480/513
f 1701/482/507 1716/508/492 1715/506/491 1700/479/506
f 1709/483/932 1724/509/500 1723/507/499 1708/481/514
f 1702/484/508 1717/510/493 1716/508/492 1701/482/507
f 1710/485/933 1725/511/930 1724/509/500 1709/483/932
f 1703/486/509 1718/495/494 1717/510/493 1702/484/508
f 1711/487/934 1726/500/931 1725/511/930 1710/485/933
f 1723/507/499 1738/513/484 1737/512/483 1722/505/498
f 1716/508/492 1731/515/477 1730/514/476 1715/506/491
f 1724/509/500 1739/516/485 1738/513/484 1723/507/499
f 1717/510/493 1732/517/478 1731/515/477 1716/508/492
f 1725/511/930 1740/518/486 1739/516/485 1724/509/500
f 1718/495/494 1733/519/479 1732/517/478 1717/510/493
f 1726/500/931 1741/520/929 1740/518/486 1725/511/930
f 1719/496/495 1734/521/480 1733/519/479 1718/495/494
f 1712/498/488 1727/523/473 1696/522/351
f 1922/524/894 1741/520/929 1726/500/931
f 1720/501/496 1735/525/481 1734/521/480 1719/496/495
f 1713/502/489 1728/526/474 1727/523/473 1712/498/488
f 1721/503/497 1736/527/482 1735/525/481 1720/501/496
f 1714/504/490 1729/528/475 1728/526/474 1713/502/489
f 1722/505/498 1737/512/483 1736/527/482 1721/503/497
f 1715/506/491 1730/514/476 1729/528/475 1714/504/490
f 1922/529/894 1756/530/928 1741/520/929
f 1735/525/481 1750/532/923 1749/531/922 1734/521/480
f 1728/526/474 1743/534/459 1742/533/458 1727/523/473
f 1736/527/482 1751/535/467 1750/532/923 1735/525/481
f 1729/528/475 1744/536/460 1743/534/459 1728/526/474
f 1737/512/483 1752/537/924 1751/535/467 1736/527/482
f 1730/514/476 1745/538/461 1744/536/460 1729/528/475
f 1738/513/484 1753/539/925 1752/537/924 1737/512/483
f 1731/515/477 1746/540/462 1745/538/461 1730/514/476
f 1739/516/485 1754/541/926 1753/539/925 1738/513/484
f 1732/517/478 1747/542/920 1746/540/462 1731/515/477
f 1740/518/486 1755/543/927 1754/541/926 1739/516/485
f 1733/519/479 1748/544/921 1747/542/920 1732/517/478
f 1741/520/929 1756/530/928 1755/543/927 1740/518/486
f 1734/521/480 1749/531/922 1748/544/921 1733/519/479
f 1727/523/473 1742/533/458 1696/545/351
f 1754/541/926 1769/547/917 1768/546/916 1753/539/925
f 1747/542/920 1762/549/910 1761/548/909 1746/540/462
f 1755/543/927 1770/550/918 1769/547/917 1754/541/926
f 1748/544/921 1763/551/911 1762/549/910 1747/542/920
f 1756/530/928 1771/552/919 1770/550/918 1755/543/927
f 1749/531/922 1764/553/912 1763/551/911 1748/544/921
f 1742/533/458 1757/555/443 1696/554/351
f 1922/556/894 1771/552/919 1756/530/928
f 1750/532/923 1765/557/913 1764/553/912 1749/531/922
f 1743/534/459 1758/558/444 1757/555/443 1742/533/458
f 1751/535/467 1766/559/914 1765/557/913 1750/532/923
f 1744/536/460 1759/560/445 1758/558/444 1743/534/459
f 1752/537/924 1767/561/915 1766/559/914 1751/535/467
f 1745/538/461 1760/562/908 1759/560/445 1744/536/460
f 1753/539/925 1768/546/916 1767/561/915 1752/537/924
f 1746/540/462 1761/548/909 1760/562/908 1745/538/461
f 1758/558/444 1773/564/429 1772/563/428 1757/555/443
f 1766/559/914 1781/566/902 1780/565/901 1765/557/913
f 1759/560/445 1774/567/895 1773/564/429 1758/558/444
f 1767/561/915 1782/568/903 1781/566/902 1766/559/914
f 1760/562/908 1775/569/896 1774/567/895 1759/560/445
f 1768/546/916 1783/570/904 1782/568/903 1767/561/915
f 1761/548/909 1776/571/897 1775/569/896 1760/562/908
f 1769/547/917 1784/572/905 1783/570/904 1768/546/916
f 1762/549/910 1777/573/898 1776/571/897 1761/548/909
f 1770/550/918 1785/574/906 1784/572/905 1769/547/917
f 1763/551/911 1778/575/899 1777/573/898 1762/549/910
f 1771/552/919 1786/576/907 1785/574/906 1770/550/918
f 1764/553/912 1779/577/900 1778/575/899 1763/551/911
f 1757/555/443 1772/563/428 1696/578/351
f 1922/579/894 1786/576/907 1771/552/919
f 1765/557/913 1780/565/901 1779/577/900 1764/553/912
f 1777/573/898 1792/581/884 1791/580/883 1776/571/897
f 1785/574/906 1800/583/892 1799/582/891 1784/572/905
f 1778/575/899 1793/584/885 1792/581/884 1777/573/898
f 1786/576/907 1801/585/893 1800/583/892 1785/574/906
f 1779/577/900 1794/586/886 1793/584/885 1778/575/899
f 1772/563/428 1787/588/412 1696/587/351
f 1922/589/894 1801/585/893 1786/576/907
f 1780/565/901 1795/590/887 1794/586/886 1779/577/900
f 1773/564/429 1788/591/413 1787/588/412 1772/563/428
f 1781/566/902 1796/592/888 1795/590/887 1780/565/901
f 1774/567/895 1789/593/881 1788/591/413 1773/564/429
f 1782/568/903 1797/594/889 1796/592/888 1781/566/902
f 1775/569/896 1790/595/882 1789/593/881 1774/567/895
f 1783/570/904 1798/596/890 1797/594/889 1782/568/903
f 1776/571/897 1791/580/883 1790/595/882 1775/569/896
f 1784/572/905 1799/582/891 1798/596/890 1783/570/904
f 1796/592/888 1811/598/875 1810/597/874 1795/590/887
f 1789/593/881 1804/600/868 1803/599/398 1788/591/413
f 1797/594/889 1812/601/876 1811/598/875 1796/592/888
f 1790/595/882 1805/602/869 1804/600/868 1789/593/881
f 1798/596/890 1813/603/877 1812/601/876 1797/594/889
f 1791/580/883 1806/604/870 1805/602/869 1790/595/882
f 1799/582/891 1814/605/878 1813/603/877 1798/596/890
f 1792/581/884 1807/606/871 1806/604/870 1791/580/883
f 1800/583/892 1815/607/879 1814/605/878 1799/582/891
f 1793/584/885 1808/608/872 1807/606/871 1792/581/884
f 1801/585/893 1816/609/880 1815/607/879 1800/583/892
f 1794/586/886 1809/610/873 1808/608/872 1793/584/885
f 1787/588/412 1802/612/867 1696/611/351
f 1922/613/894 1816/609/880 1801/585/893
f 1795/590/887 1810/597/874 1809/610/873 1794/586/886
f 1788/591/413 1803/599/398 1802/612/867 1787/588/412
f 1815/607/879 1830/615/865 1829/614/864 1814/605/878
f 1808/608/872 1823/617/858 1822/616/857 1807/606/871
f 1816/609/880 1831/618/866 1830/615/865 1815/607/879
f 1809/610/873 1824/619/859 1823/617/858 1808/608/872
f 1802/612/867 1817/621/382 1696/620/351
f 1922/622/894 1831/618/866 1816/609/880
f 1810/597/874 1825/623/860 1824/619/859 1809/610/873
f 1803/599/398 1818/624/383 1817/621/382 1802/612/867
f 1811/598/875 1826/625/861 1825/623/860 1810/597/874
f 1804/600/868 1819/626/854 1818/624/383 1803/599/398
f 1812/601/876 1827/627/862 1826/625/861 1811/598/875
f 1805/602/869 1820/628/855 1819/626/854 1804/600/868
f 1813/603/877 1828/629/863 1827/627/862 1812/601/876
f 1806/604/870 1821/630/856 1820/628/855 1805/602/869
f 1814/605/878 1829/614/864 1828/629/863 1813/603/877
f 1807/606/871 1822/616/857 1821/630/856 1806/604/870
f 1819/626/854 1834/632/841 1833/631/368 1818/624/383
f 1827/627/862 1842/634/849 1841/633/848 1826/625/861
f 1820/628/855 1835/635/842 1834/632/841 1819/626/854
f 1828/629/863 1843/636/850 1842/634/849 1827/627/862
f 1821/630/856 1836/637/843 1835/635/842 1820/628/855
f 1829/614/864 1844/638/851 1843/636/850 1828/629/863
f 1822/616/857 1837/639/844 1836/637/843 1821/630/856
f 1830/615/865 1845/640/852 1844/638/851 1829/614/864
f 1823/617/858 1838/641/845 1837/639/844 1822/616/857
f 1831/618/866 1846/642/853 1845/640/852 1830/615/865
f 1824/619/859 1839/643/846 1838/641/845 1823/617/858
f 1817/621/382 1832/645/367 1696/644/351
f 1922/646/894 1846/642/853 1831/618/866
f 1825/623/860 1840/647/847 1839/643/846 1824/619/859
f 1818/624/383 1833/631/368 1832/645/367 1817/621/382
f 1826/625/861 1841/633/848 1840/647/847 1825/623/860
f 1838/641/845 1853/18/832 1852/9/831 1837/639/844
f 1846/642/853 1861/15/840 1860/11/839 1845/640/852
f 1839/643/846 1854/26/833 1853/18/832 1838/641/845
f 1832/645/367 1847/21/352 1696/648/351
f 1922/649/894 1861/15/840 1846/642/853
f 1840/647/847 1855/25/834 1854/26/833 1839/643/846
f 1833/631/368 1848/29/353 1847/21/352 1832/645/367
f 1841/633/848 1856/31/835 1855/25/834 1840/647/847
f 1834/632/841 1849/33/828 1848/29/353 1833/631/368
f 1842/634/849 1857/35/836 1856/31/835 1841/633/848
f 1835/635/842 1850/2/829 1849/33/828 1834/632/841
f 1843/636/850 1858/6/837 1857/35/836 1842/634/849
f 1836/637/843 1851/1/830 1850/2/829 1835/635/842
f 1844/638/851 1859/5/838 1858/6/837 1843/636/850
f 1837/639/844 1852/9/831 1851/1/830 1836/637/843
f 1845/640/852 1860/11/839 1859/5/838 1844/638/851
f 1857/35/836 1872/36/823 1871/32/822 1856/31/835
f 1850/2/829 1865/3/816 1864/34/815 1849/33/828
f 1858/6/837 1873/7/824 1872/36/823 1857/35/836
f 1851/1/830 1866/4/817 1865/3/816 1850/2/829
f 1859/5/838 1874/8/825 1873/7/824 1858/6/837
f 1852/9/831 1867/10/818 1866/4/817 1851/1/830
f 1860/11/839 1875/12/826 1874/8/825 1859/5/838
f 1853/18/832 1868/19/819 1867/10/818 1852/9/831
f 1861/15/840 1876/16/827 1875/12/826 1860/11/839
f 1854/26/833 1869/27/820 1868/19/819 1853/18/832
f 1847/21/352 1862/23/813 1696/22/351
f 1922/24/894 1876/16/827 1861/15/840
f 1855/25/834 1870/28/821 1869/27/820 1854/26/833
f 1848/29/353 1863/30/814 1862/23/813 1847/21/352
f 1856/31/835 1871/32/822 1870/28/821 1855/25/834
f 1849/33/828 1864/34/815 1863/30/814 1848/29/353
f 1876/16/827 1891/54/812 1890/52/811 1875/12/826
f 1869/27/820 1884/39/805 1883/55/804 1868/19/819
f 1862/23/813 1877/41/798 1696/57/351
f 1922/58/894 1891/54/812 1876/16/827
f 1870/28/821 1885/40/806 1884/39/805 1869/27/820
f 1863/30/814 1878/42/799 1877/41/798 1862/23/813
f 1871/32/822 1886/43/807 1885/40/806 1870/28/821
f 1864/34/815 1879/44/800 1878/42/799 1863/30/814
f 1872/36/823 1887/45/808 1886/43/807 1871/32/822
f 1865/3/816 1880/48/801 1879/44/800 1864/34/815
f 1873/7/824 1888/47/809 1887/45/808 1872/36/823
f 1866/4/817 1881/49/802 1880/48/801 1865/3/816
f 1874/8/825 1889/50/810 1888/47/809 1873/7/824
f 1867/10/818 1882/51/803 1881/49/802 1866/4/817
f 1875/12/826 1890/52/811 1889/50/810 1874/8/825
f 1868/19/819 1883/55/804 1882/51/803 1867/10/818
f 1888/47/809 1903/59/794 1902/76/793 1887/45/808
f 1881/49/802 1896/61/787 1895/78/786 1880/48/801
f 1889/50/810 1904/60/795 1903/59/794 1888/47/809
f 1882/51/803 1897/62/788 1896/61/787 1881/49/802
f 1890/52/811 1905/63/796 1904/60/795 1889/50/810
f 1883/55/804 1898/66/789 1897/62/788 1882/51/803
f 1891/54/812 1906/65/797 1905/63/796 1890/52/811
f 1884/39/805 1899/71/790 1898/66/789 1883/55/804
f 1877/41/798 1892/69/783 1696/68/351
f 1922/70/894 1906/65/797 1891/54/812
f 1885/40/806 1900/72/791 1899/71/790 1884/39/805
f 1878/42/799 1893/73/784 1892/69/783 1877/41/798
f 1886/43/807 1901/74/792 1900/72/791 1885/40/806
f 1879/44/800 1894/75/785 1893/73/784 1878/42/799
f 1887/45/808 1902/76/793 1901/74/792 1886/43/807
f 1880/48/801 1895/78/786 1894/75/785 1879/44/800
f 1892/69/783 1907/96/768 1696/95/351
f 1922/97/894 1921/92/782 1906/65/797
f 1900/72/791 1915/79/776 1914/98/775 1899/71/790
f 1893/73/784 1908/81/769 1907/96/768 1892/69/783
f 1901/74/792 1916/80/777 1915/79/776 1900/72/791
f 1894/75/785 1909/82/770 1908/81/769 1893/73/784
f 1902/76/793 1917/83/778 1916/80/777 1901/74/792
f 1895/78/786 1910/86/771 1909/82/770 1894/75/785
f 1903/59/794 1918/85/779 1917/83/778 1902/76/793
f 1896/61/787 1911/87/772 1910/86/771 1895/78/786
f 1904/60/795 1919/88/780 1918/85/779 1903/59/794
f 1897/62/788 1912/89/773 1911/87/772 1896/61/787
f 1905/63/796 1920/90/781 1919/88/780 1904/60/795
f 1898/66/789 1913/93/774 1912/89/773 1897/62/788
f 1906/65/797 1921/92/782 1920/90/781 1905/63/796
f 1899/71/790 1914/98/775 1913/93/774 1898/66/789
f 1911/87/772 1927/136/757 1926/135/756 1910/86/771
f 1919/88/780 1935/101/765 1934/132/764 1918/85/779
f 1912/89/773 1928/105/758 1927/136/757 1911/87/772
f 1920/90/781 1936/102/766 1935/101/765 1919/88/780
f 1913/93/774 1929/111/759 1928/105/758 1912/89/773
f 1921/92/782 1937/108/767 1936/102/766 1920/90/781
f 1914/98/775 1930/119/760 1929/111/759 1913/93/774
f 1907/96/768 1923/114/753 1696/113/351
f 1922/116/894 1937/108/767 1921/92/782
f 1915/79/776 1931/120/761 1930/119/760 1914/98/775
f 1908/81/769 1924/122/754 1923/114/753 1907/96/768
f 1916/80/777 1932/124/762 1931/120/761 1915/79/776
f 1909/82/770 1925/126/755 1924/122/754 1908/81/769
f 1917/83/778 1933/128/763 1932/124/762 1916/80/777
f 1910/86/771 1926/135/756 1925/126/755 1909/82/770
f 1918/85/779 1934/132/764 1933/128/763 1917/83/778
f 1931/120/761 1946/172/746 1945/171/745 1930/119/760
f 1924/122/754 1939/139/739 1938/166/738 1923/114/753
f 1932/124/762 1947/143/747 1946/172/746 1931/120/761
f 1925/126/755 1940/140/740 1939/139/739 1924/122/754
f 1933/128/763 1948/144/748 1947/143/747 1932/124/762
f 1926/135/756 1941/149/741 1940/140/740 1925/126/755
f 1934/132/764 1949/146/749 1948/144/748 1933/128/763
f 1927/136/757 1942/150/742 1941/149/741 1926/135/756
f 1935/101/765 1950/152/750 1949/146/749 1934/132/764
f 1928/105/758 1943/154/743 1942/150/742 1927/136/757
f 1936/102/766 1951/156/751 1950/152/750 1935/101/765
f 1929/111/759 1944/163/744 1943/154/743 1928/105/758
f 1937/108/767 1952/160/752 1951/156/751 1936/102/766
f 1930/119/760 1945/171/745 1944/163/744 1929/111/759
f 1923/114/753 1938/166/738 1696/165/351
f 1922/168/894 1952/160/752 1937/108/767
f 1950/152/750 1965/191/735 1964/188/734 1949/146/749
f 1943/154/743 1958/173/728 1957/190/727 1942/150/742
f 1951/156/751 1966/175/736 1965/191/735 1950/152/750
f 1944/163/744 1959/177/729 1958/173/728 1943/154/743
f 1952/160/752 1967/176/737 1966/175/736 1951/156/751
f 1945/171/745 1960/182/730 1959/177/729 1944/163/744
f 1938/166/738 1953/180/723 1696/179/351
f 1922/181/894 1967/176/737 1952/160/752
f 1946/172/746 1961/183/731 1960/182/730 1945/171/745
f 1939/139/739 1954/184/724 1953/180/723 1938/166/738
f 1947/143/747 1962/185/732 1961/183/731 1946/172/746
f 1940/140/740 1955/186/725 1954/184/724 1939/139/739
f 1948/144/748 1963/187/733 1962/185/732 1947/143/747
f 1941/149/741 1956/189/726 1955/186/725 1940/140/740
f 1949/146/749 1964/188/734 1963/187/733 1948/144/748
f 1942/150/742 1957/190/727 1956/189/726 1941/149/741
f 1954/184/724 1969/212/709 1968/208/708 1953/180/723
f 1962/185/732 1977/192/717 1976/211/716 1961/183/731
f 1955/186/725 1970/195/710 1969/212/709 1954/184/724
f 1963/187/733 1978/193/718 1977/192/717 1962/185/732
f 1956/189/726 1971/198/711 1970/195/710 1955/186/725
f 1964/188/734 1979/197/719 1978/193/718 1963/187/733
f 1957/190/727 1972/199/712 1971/198/711 1956/189/726
f 1965/191/735 1980/200/720 1979/197/719 1964/188/734
f 1958/173/728 1973/201/713 1972/199/712 1957/190/727
f 1966/175/736 1981/202/721 1980/200/720 1965/191/735
f 1959/177/729 1974/205/714 1973/201/713 1958/173/728
f 1967/176/737 1982/204/722 1981/202/721 1966/175/736
f 1960/182/730 1975/210/715 1974/205/714 1959/177/729
f 1953/180/723 1968/208/708 1696/207/351
f 1922/209/894 1982/204/722 1967/176/737
f 1961/183/731 1976/211/716 1975/210/715 1960/182/730
f 1973/247/713 1988/248/698 1987/244/697 1972/241/712
f 1981/214/721 1996/215/706 1995/246/705 1980/245/720
f 1974/218/714 1989/219/699 1988/248/698 1973/247/713
f 1982/213/722 1997/216/707 1996/215/706 1981/214/721
f 1975/226/715 1990/227/700 1989/219/699 1974/218/714
f 1968/221/708 1983/223/693 1696/222/351
f 1922/224/894 1997/216/707 1982/213/722
f 1976/225/716 1991/228/701 1990/227/700 1975/226/715
f 1969/229/709 1984/230/694 1983/223/693 1968/221/708
f 1977/231/717 1992/232/702 1991/228/701 1976/225/716
f 1970/233/710 1985/234/695 1984/230/694 1969/229/709
f 1978/235/718 1993/236/703 1992/232/702 1977/231/717
f 1971/242/711 1986/243/696 1985/234/695 1970/233/710
f 1979/239/719 1994/240/704 1993/236/703 1978/235/718
f 1972/241/712 1987/244/697 1986/243/696 1971/242/711
f 1980/245/720 1995/246/705 1994/240/704 1979/239/719
f 1992/232/702 2007/270/687 2006/268/686 1991/228/701
f 1985/234/695 2000/251/680 1999/269/679 1984/230/694
f 1993/236/703 2008/253/688 2007/270/687 1992/232/702
f 1986/243/696 2001/255/681 2000/251/680 1985/234/695
f 1994/240/704 2009/254/689 2008/253/688 1993/236/703
f 1987/244/697 2002/256/682 2001/255/681 1986/243/696
f 1995/246/705 2010/257/690 2009/254/689 1994/240/704
f 1988/248/698 2003/258/683 2002/256/682 1987/244/697
f 1996/215/706 2011/259/691 2010/257/690 1995/246/705
f 1989/219/699 2004/262/684 2003/258/683 1988/248/698
f 1997/216/707 2012/261/692 2011/259/691 1996/215/706
f 1990/227/700 2005/267/685 2004/262/684 1989/219/699
f 1983/223/693 1998/265/678 1696/264/351
f 1922/266/894 2012/261/692 1997/216/707
f 1991/228/701 2006/268/686 2005/267/685 1990/227/700
f 1984/230/694 1999/269/679 1998/265/678 1983/223/693
f 2011/259/691 2026/289/676 2025/287/675 2010/257/690
f 2004/262/684 2019/271/669 2018/288/668 2003/258/683
f 2012/261/692 2027/276/677 2026/289/676 2011/259/691
f 2005/267/685 2020/277/670 2019/271/669 2004/262/684
f 1998/265/678 2013/274/663 1696/273/351
f 1922/275/894 2027/276/677 2012/261/692
f 2006/268/686 2021/278/671 2020/277/670 2005/267/685
f 1999/269/679 2014/279/664 2013/274/663 1998/265/678
f 2007/270/687 2022/280/672 2021/278/671 2006/268/686
f 2000/251/680 2015/281/665 2014/279/664 1999/269/679
f 2008/253/688 2023/282/673 2022/280/672 2007/270/687
f 2001/255/681 2016/285/666 2015/281/665 2000/251/680
f 2009/254/689 2024/284/674 2023/282/673 2008/253/688
f 2002/256/682 2017/286/667 2016/285/666 2001/255/681
f 2010/257/690 2025/287/675 2024/284/674 2009/254/689
f 2003/258/683 2018/288/668 2017/286/667 2002/256/682
f 2023/282/673 2038/291/658 2037/308/657 2022/280/672
f 2016/285/666 2031/293/651 2030/309/650 2015/281/665
f 2024/284/674 2039/292/659 2038/291/658 2023/282/673
f 2017/286/667 2032/294/652 2031/293/651 2016/285/666
f 2025/287/675 2040/295/660 2039/292/659 2024/284/674
f 2018/288/668 2033/296/653 2032/294/652 2017/286/667
f 2026/289/676 2041/297/661 2040/295/660 2025/287/675
f 2019/271/669 2034/300/654 2033/296/653 2018/288/668
f 2027/276/677 2042/299/662 2041/297/661 2026/289/676
f 2020/277/670 2035/305/655 2034/300/654 2019/271/669
f 2013/274/663 2028/303/648 1696/302/351
f 1922/304/894 2042/299/662 2027/276/677
f 2021/278/671 2036/306/656 2035/305/655 2020/277/670
f 2014/279/664 2029/307/649 2028/303/648 2013/274/663
f 2022/280/672 2037/308/657 2036/306/656 2021/278/671
f 2015/281/665 2030/309/650 2029/307/649 2014/279/664
f 2042/299/662 2057/312/1391 2056/326/646 2041/297/661
f 2035/305/655 2050/313/640 2049/328/639 2034/300/654
f 2028/303/648 2043/315/633 1696/330/351
f 1922/311/894 2057/312/1391 2042/299/662
f 2036/306/656 2051/314/641 2050/313/640 2035/305/655
f 2029/307/649 2044/316/634 2043/315/633 2028/303/648
f 2037/308/657 2052/317/642 2051/314/641 2036/306/656
f 2030/309/650 2045/318/635 2044/316/634 2029/307/649
f 2038/291/658 2053/319/643 2052/317/642 2037/308/657
f 2031/293/651 2046/322/636 2045/318/635 2030/309/650
f 2039/292/659 2054/321/644 2053/319/643 2038/291/658
f 2032/294/652 2047/323/637 2046/322/636 2031/293/651
f 2040/295/660 2055/324/645 2054/321/644 2039/292/659
f 2033/296/653 2048/325/638 2047/323/637 2032/294/652
f 2041/297/661 2056/326/646 2055/324/645 2040/295/660
f 2034/300/654 2049/328/639 2048/325/638 2033/296/653
f 2046/322/636 2061/350/621 2060/347/620 2045/318/635
f 2054/321/644 2069/331/629 2068/348/628 2053/319/643
f 2047/323/637 2062/333/622 2061/350/621 2046/322/636
f 2055/324/645 2070/332/630 2069/331/629 2054/321/644
f 2048/325/638 2063/334/623 2062/333/622 2047/323/637
f 2056/326/646 2071/335/631 2070/332/630 2055/324/645
f 2049/328/639 2064/338/624 2063/334/623 2048/325/638
f 2057/312/1391 2072/337/632 2071/335/631 2056/326/646
f 2050/313/640 2065/343/625 2064/338/624 2049/328/639
f 2043/315/633 2058/341/618 1696/340/351
f 1922/342/894 2072/337/632 2057/312/1391
f 2051/314/641 2066/344/626 2065/343/625 2050/313/640
f 2044/316/634 2059/345/619 2058/341/618 2043/315/633
f 2052/317/642 2067/346/627 2066/344/626 2051/314/641
f 2045/318/635 2060/347/620 2059/345/619 2044/316/634
f 2053/319/643 2068/348/628 2067/346/627 2052/317/642
f 2065/343/625 2080/370/610 2079/366/609 2064/338/624
f 2058/341/618 2073/351/603 1696/368/351
f 1922/369/894 2087/365/617 2072/337/632
f 2066/344/626 2081/353/611 2080/370/610 2065/343/625
f 2059/345/619 2074/352/604 2073/351/603 2058/341/618
f 2067/346/627 2082/354/612 2081/353/611 2066/344/626
f 2060/347/620 2075/355/605 2074/352/604 2059/345/619
f 2068/348/628 2083/356/613 2082/354/612 2067/346/627
f 2061/350/621 2076/359/606 2075/355/605 2060/347/620
f 2069/331/629 2084/358/614 2083/356/613 2068/348/628
f 2062/333/622 2077/360/607 2076/359/606 2061/350/621
f 2070/332/630 2085/361/615 2084/358/614 2069/331/629
f 2063/334/623 2078/362/608 2077/360/607 2062/333/622
f 2071/335/631 2086/363/616 2085/361/615 2070/332/630
f 2064/338/624 2079/366/609 2078/362/608 2063/334/623
f 2072/337/632 2087/365/617 2086/363/616 2071/335/631
f 2084/358/614 2093/389/962 1620/387/602 2083/356/613
f 2077/360/607 1616/371/346 2090/390/595 2076/359/606
f 2085/361/615 2094/373/963 2093/389/962 2084/358/614
f 2078/362/608 2091/372/596 1616/371/346 2077/360/607
f 2086/363/616 2095/374/964 2094/373/963 2085/361/615
f 2079/366/609 1617/377/347 2091/372/596 2078/362/608
f 2087/365/617 2096/376/965 2095/374/964 2086/363/616
f 2080/370/610 1618/382/348 1617/377/347 2079/366/609
f 2073/351/603 2088/380/593 1696/379/351
f 1922/381/894 2096/376/965 2087/365/617
f 2081/353/611 1619/383/349 1618/382/348 2080/370/610
f 2074/352/604 2089/384/594 2088/380/593 2073/351/603
f 2082/354/612 2092/385/961 1619/383/349 2081/353/611
f 2075/355/605 1615/386/345 2089/384/594 2074/352/604
f 2083/356/613 1620/387/602 2092/385/961 2082/354/612
f 2076/359/606 2090/390/595 1615/386/345 2075/355/605
f 1388/391/1270 1378/392/1260 1379/194/1261 1176/186/1058 1161/140/1043
f 1339/137/1221 1146/126/1028 1377/130/1259 1388/391/1270 1161/140/1043
f 292/137/292 101/140/101 116/186/116 333/194/333 332/392/332 343/391/343 331/130/331 86/126/86
o body
v 0.000000 0.919550 -0.579329
v 0.000000 0.575569 -0.813855
v 0.000000 0.186225 -0.938439
v 0.000000 0.039316 -0.933057
v 0.000000 -0.096984 -0.962550
v 0.000000 -0.462844 -0.899022
v 0.000000 1.102621 -0.072825
v 0.000000 1.088192 0.119104
v 0.000000 1.012853 0.319945
v 0.000000 0.888045 0.515909
v 0.000000 0.735568 0.680624
v 0.000000 0.576515 0.786268
v 0.000000 0.407913 0.850013
v 0.000000 0.224675 0.893299
v 0.000000 0.022994 0.932044
v 0.000000 -0.184283 0.947563
v 0.000000 -0.380602 0.915797
v 0.000000 -0.556642 0.832938
v 0.000000 -0.689834 0.717424
v 0.000000 -0.800310 0.572350
v 0.000000 -0.911683 0.383899
v 0.000000 -1.019688 0.150042
v -0.303407 1.089123 0.114699
v -0.314667 1.014462 0.311494
v -0.291004 0.889935 0.503933
v -0.261050 0.736315 0.667317
v -0.254362 0.574778 0.768717
v -0.266664 0.404200 0.821680
v -0.280785 0.221333 0.856005
v -0.275872 0.023449 0.889776
v -0.254582 -0.180935 0.910719
v -0.226788 -0.383290 0.889689
v -0.203476 -0.574683 0.819869
v -0.211216 -0.732516 0.714129
v -0.205188 -0.865924 0.568725
v -0.168841 -0.997984 0.372784
v -0.119150 -1.077019 0.137009
v -0.343567 1.089697 0.103258
v -0.397148 1.015533 0.289113
v -0.415916 0.891062 0.471602
v -0.421237 0.734070 0.630265
v -0.437625 0.565883 0.725255
v -0.466182 0.389989 0.771409
v -0.488314 0.207550 0.794234
v -0.486530 0.015214 0.816751
v -0.464413 -0.190011 0.838172
v -0.430892 -0.404557 0.831795
v -0.411609 -0.637100 0.781478
v -0.387955 -0.835896 0.686198
v -0.324772 -1.024163 0.538560
v -0.242208 -1.158752 0.344091
v -0.159124 -1.143359 0.117698
v -0.378890 1.089549 0.085402
v -0.493004 1.019741 0.255437
v -0.571604 0.898604 0.423469
v -0.599773 0.737852 0.565095
v -0.609896 0.556350 0.655095
v -0.651736 0.373916 0.695977
v -0.679293 0.189665 0.705032
v -0.681917 -0.004965 0.716593
v -0.665013 -0.218961 0.739929
v -0.636055 -0.469059 0.758851
v -0.605764 -0.756192 0.723173
v -0.528666 -1.026009 0.628743
v -0.429084 -1.272052 0.482392
v -0.312738 -1.351315 0.297347
v -0.195721 -1.209984 0.088990
v -0.412351 1.089632 0.061960
v -0.596910 1.024790 0.214317
v -0.755653 0.909539 0.367321
v -0.854400 0.757234 0.490765
v -0.864118 0.570555 0.559663
v -0.836069 0.367543 0.574633
v -0.863045 0.176952 0.568208
v -0.864533 -0.037882 0.585176
v -0.847222 -0.265049 0.624595
v -0.831255 -0.576648 0.670328
v -0.757669 -0.930858 0.634425
v -0.662711 -1.280615 0.537403
v -0.563421 -1.521000 0.400446
v -0.396119 -1.515590 0.232984
v -0.229197 -1.265143 0.051521
v 0.000000 -1.037151 -0.114438
v -0.441861 1.089900 0.033711
v -0.689934 1.027377 0.166680
v -0.965463 0.922314 0.303971
v -1.702935 0.921614 0.308086
v -1.710953 0.727016 0.354257
v -1.594618 0.539745 0.436191
v -1.058615 0.199238 0.414628
v -1.026644 -0.073631 0.452252
v -1.007589 -0.327519 0.503538
v -0.982493 -0.699182 0.550506
v -0.882585 -1.125614 0.502242
v -0.827314 -1.494464 0.413785
v -0.720285 -1.678627 0.293506
v -0.483021 -1.610530 0.152153
v -0.258480 -1.299531 0.006342
v -0.462614 1.089901 0.001616
v -0.759690 1.027838 0.110980
v -1.251487 0.965796 0.168944
v -2.606802 0.996960 0.182266
v -2.677633 0.929815 0.171089
v -2.626123 0.739112 0.206004
v -1.280094 0.213107 0.292613
v -1.137939 -0.099172 0.308629
v -1.126421 -0.383999 0.357856
v -1.082272 -0.804152 0.384725
v -0.998618 -1.261949 0.333193
v -0.959541 -1.592889 0.259216
v -0.816873 -1.727295 0.163836
v -0.539983 -1.628289 0.056519
v -0.281265 -1.308818 -0.045066
v -0.471426 1.089509 -0.033165
v -0.794996 1.028206 0.044558
v -1.400560 0.990066 0.006827
v -2.489461 1.013337 -0.103583
v -2.682483 0.860295 -0.062019
v -2.577751 0.632495 -0.104615
v -1.371548 0.186535 0.219393
v -1.197458 -0.114198 0.150215
v -1.193737 -0.415958 0.180305
v -1.140949 -0.844037 0.179258
v -1.061646 -1.281249 0.132115
v -0.995516 -1.569651 0.078546
v -0.826169 -1.673780 0.014826
v -0.556934 -1.576213 -0.050921
v -0.295287 -1.293887 -0.100783
v -0.466981 1.088582 -0.069306
v -0.780904 1.035127 -0.043011
v -1.330546 0.955748 -0.078064
v -2.044623 0.934120 -0.189655
v -2.301687 0.734860 -0.212099
v -1.734111 0.536734 -0.146348
v -1.328119 0.179303 -0.007631
v -1.218202 -0.118646 -0.023843
v -1.225550 -0.418778 -0.014423
v -1.168299 -0.804626 -0.043168
v -1.048607 -1.174388 -0.092035
v -0.949458 -1.428546 -0.122521
v -0.779946 -1.529305 -0.149167
v -0.545071 -1.468182 -0.166003
v -0.299192 -1.259705 -0.158483
v -0.449848 1.086941 -0.105196
v -0.717093 1.047494 -0.143085
v -1.120519 0.941985 -0.259166
v -1.482002 0.865587 -0.324998
v -1.559432 0.687287 -0.344790
v -1.457894 0.457280 -0.177735
v -1.176405 0.168656 -0.198884
v -1.191144 -0.106856 -0.201521
v -1.213477 -0.405328 -0.216993
v -1.155191 -0.714200 -0.265874
v -0.985611 -0.993571 -0.326955
v -0.861974 -1.202331 -0.328253
v -0.723252 -1.321825 -0.308349
v -0.521367 -1.329512 -0.274074
v -0.292477 -1.213547 -0.215509
v -0.422266 1.084400 -0.139306
v -0.618254 1.062569 -0.232731
v -0.821419 1.000997 -0.374166
v -1.072891 0.828951 -0.432270
v -1.119212 0.648809 -0.445146
v -1.026778 0.464833 -0.397318
v -1.052561 0.180003 -0.373350
v -1.106856 -0.079335 -0.387871
v -1.130615 -0.361728 -0.431302
v -1.091902 -0.614276 -0.500785
v -0.942622 -0.851676 -0.538989
v -0.785739 -1.045875 -0.502429
v -0.659405 -1.165278 -0.424975
v -0.491406 -1.204004 -0.350748
v -0.275481 -1.163259 -0.267438
v -0.387744 1.081056 -0.170603
v -0.515157 1.060751 -0.292745
v -0.592513 1.035766 -0.429427
v -0.661846 0.910954 -0.527185
v -0.773782 0.633056 -0.529770
v -0.871863 0.358057 -0.520537
v -0.930713 0.173952 -0.540606
v -0.969529 -0.046019 -0.569115
v -0.966411 -0.276903 -0.635645
v -0.947789 -0.491898 -0.712890
v -0.883776 -0.735459 -0.710651
v -0.708304 -0.978837 -0.624853
v -0.597560 -1.094827 -0.524612
v -0.439146 -1.120646 -0.425118
v -0.249550 -1.115709 -0.312214
v -0.351442 1.077458 -0.197794
v -0.421558 1.038779 -0.332464
v -0.432897 0.984013 -0.484634
v -0.457588 0.805244 -0.609270
v -0.604693 0.522888 -0.615649
v -0.746433 0.291921 -0.626455
v -0.797898 0.147527 -0.660748
v -0.798502 0.010973 -0.719532
v -0.769000 -0.152966 -0.816957
v -0.775642 -0.386652 -0.906087
v -0.783405 -0.627025 -0.872146
v -0.639653 -0.941300 -0.718934
v -0.531083 -1.063012 -0.594130
v -0.388590 -1.078278 -0.480914
v -0.214457 -1.073195 -0.350188
v -0.315242 1.073994 -0.219694
v -0.337827 1.023635 -0.364411
v -0.314466 0.953279 -0.521933
v -0.323804 0.788853 -0.656849
v -0.454249 0.519433 -0.686085
v -0.590344 0.272071 -0.698719
v -0.616670 0.154010 -0.765031
v -0.587216 0.074173 -0.855754
v -0.572135 -0.054266 -0.965472
v -0.616703 -0.311153 -1.042533
v -0.624374 -0.547550 -1.010507
v -0.554595 -0.871784 -0.814220
v -0.457263 -1.013120 -0.638175
v -0.333156 -1.053906 -0.511986
v -0.175365 -1.040115 -0.376389
v -0.275634 1.069965 -0.236144
v -0.263854 1.018423 -0.391508
v -0.217593 0.947862 -0.547094
v -0.195402 0.815839 -0.679595
v -0.284034 0.554370 -0.729529
v -0.381430 0.305978 -0.780569
v -0.386174 0.204695 -0.875069
v -0.360776 0.123936 -0.974535
v -0.358192 -0.013305 -1.062349
v -0.398343 -0.243765 -1.109766
v -0.438661 -0.484567 -1.086043
v -0.452623 -0.810190 -0.884901
v -0.366700 -0.957785 -0.659402
v -0.264335 -1.034618 -0.525273
v -0.132413 -1.013822 -0.390134
v -0.232840 1.066079 -0.247184
v -0.183129 1.013844 -0.410243
v -0.105515 0.944959 -0.567977
v -0.058935 0.820071 -0.703978
v -0.104952 0.582051 -0.787238
v -0.177480 0.339970 -0.849771
v -0.185070 0.211775 -0.947421
v -0.173109 0.092609 -1.027615
v -0.168979 -0.061465 -1.086772
v -0.173955 -0.224514 -1.114279
v -0.205406 -0.411551 -1.083539
v -0.267689 -0.704273 -0.939434
v -0.246895 -0.883177 -0.693510
v -0.180555 -0.994063 -0.537162
v -0.084769 -0.992284 -0.392989
v 0.000000 1.059023 -0.250142
v 0.000000 0.994034 -0.418681
v 0.000000 0.788766 -0.716901
v 0.000000 0.359889 -0.893277
v 0.000000 -0.248302 -0.949633
v 0.000000 -0.642196 -0.787662
v 0.000000 -0.817158 -0.667282
v 0.000000 -0.963732 -0.492354
v 0.000000 -0.976374 -0.375217
v 0.000000 0.113997 -0.932205
v 0.000000 0.123780 0.912710
v -0.279681 0.122311 0.872947
v -0.489091 0.111284 0.805562
v -0.682708 0.092226 0.710900
v -0.865440 0.068464 0.579260
v -1.048417 0.063948 0.434693
v -1.192660 0.070200 0.337773
v -1.276497 0.047006 0.190543
v -1.274345 0.034394 -0.016316
v -1.181224 0.031486 -0.200661
v -1.075855 0.052503 -0.381675
v -0.947821 0.068332 -0.555415
v -0.801195 0.078823 -0.687057
v -0.604126 0.114072 -0.808056
v -0.372005 0.168372 -0.924432
v -0.178669 0.156693 -0.987541
v 0.000000 0.319461 0.870931
v -0.274645 0.315907 0.838289
v -0.478313 0.301886 0.782481
v -0.666805 0.284920 0.700419
v -0.853877 0.276965 0.567969
v -1.230443 0.315997 0.437001
v -1.749402 0.427041 0.148239
v -1.699272 0.360053 0.113139
v -1.604404 0.383657 -0.048350
v -1.307278 0.334447 -0.203052
v -1.042953 0.331158 -0.385209
v -0.902618 0.264814 -0.529436
v -0.774165 0.216013 -0.641331
v -0.608299 0.207466 -0.726187
v -0.388350 0.251069 -0.821054
v -0.183553 0.275788 -0.893131
v 0.000000 0.284447 -0.927513
v -1.108499 0.950078 0.249528
v -0.724512 1.027589 0.139277
v -0.938759 -1.192656 0.419006
v -1.032969 -0.750923 0.468974
v -2.322901 1.006141 0.202960
v -0.892389 -1.542904 0.337715
v -2.264155 0.854504 0.275304
v -0.767821 -1.702579 0.229689
v -2.145153 0.650720 0.309429
v -0.511055 -1.619270 0.105087
v -1.193712 0.208579 0.381361
v -0.269693 -1.304102 -0.018958
v -1.083820 -0.086357 0.381711
v -0.452106 1.089899 0.017916
v -1.068368 -0.355450 0.431936
v -1.122699 0.067980 0.383696
v -1.698581 0.454536 0.341982
v -0.441739 -1.565430 0.190550
v -0.645769 -1.603749 0.344307
v -0.969829 0.189328 0.485003
v -1.134173 0.386502 0.482048
v -0.244569 -1.283195 0.027804
v -0.951925 -0.056787 0.515499
v -0.427875 1.089771 0.047131
v -0.933664 -0.297976 0.561138
v -0.646029 1.026132 0.189321
v -0.912640 -0.641091 0.607508
v -0.867027 0.916169 0.334232
v -0.822707 -1.033066 0.565011
v -1.188375 0.821980 0.375143
v -0.749122 -1.392878 0.472508
v -1.166122 0.662631 0.409602
v -0.964797 0.066493 0.501729
v -1.068083 0.303102 0.479311
v 0.000000 0.811002 0.599119
v -0.277278 0.812277 0.586498
v -0.420024 0.811699 0.551783
v -0.587081 0.817353 0.495040
v -0.806401 0.832575 0.429695
v -1.359627 0.885422 0.307566
v -1.846961 1.004692 0.150856
v -1.913451 0.973046 -0.043479
v -1.668918 0.960733 -0.157202
v -1.306542 0.903200 -0.292266
v -0.950060 0.914019 -0.403439
v -0.627914 0.972715 -0.478777
v -0.442204 0.903077 -0.550134
v -0.316629 0.878326 -0.592274
v -0.205514 0.884024 -0.614779
v -0.081973 0.881893 -0.636656
v 0.000000 0.853506 -0.648801
v -1.715914 1.000723 0.172543
v -1.033220 0.868375 0.355054
v 0.303407 1.089123 0.114699
v 0.314667 1.014462 0.311494
v 0.291004 0.889935 0.503933
v 0.261050 0.736315 0.667317
v 0.254362 0.574778 0.768717
v 0.266664 0.404200 0.821680
v 0.280785 0.221333 0.856005
v 0.275872 0.023449 0.889776
v 0.254582 -0.180935 0.910719
v 0.226788 -0.383290 0.889689
v 0.203476 -0.574683 0.819869
v 0.211216 -0.732516 0.714129
v 0.205188 -0.865924 0.568725
v 0.168841 -0.997984 0.372784
v 0.119150 -1.077019 0.137009
v 0.343567 1.089697 0.103258
v 0.397148 1.015533 0.289113
v 0.415916 0.891062 0.471602
v 0.421237 0.734070 0.630265
v 0.437625 0.565883 0.725255
v 0.466182 0.389989 0.771409
v 0.488314 0.207550 0.794234
v 0.486530 0.015214 0.816751
v 0.464413 -0.190011 0.838172
v 0.430892 -0.404557 0.831795
v 0.411609 -0.637100 0.781478
v 0.387955 -0.835896 0.686198
v 0.324772 -1.024163 0.538560
v 0.242208 -1.158752 0.344091
v 0.159124 -1.143359 0.117698
v 0.378890 1.089549 0.085402
v 0.493004 1.019741 0.255437
v 0.571604 0.898604 0.423469
v 0.599773 0.737852 0.565095
v 0.609896 0.556350 0.655095
v 0.651736 0.373916 0.695977
v 0.679293 0.189665 0.705032
v 0.681917 -0.004965 0.716593
v 0.665013 -0.218961 0.739929
v 0.636055 -0.469059 0.758851
v 0.605764 -0.756192 0.723173
v 0.528666 -1.026009 0.628743
v 0.429084 -1.272052 0.482392
v 0.312738 -1.351315 0.297347
v 0.195721 -1.209984 0.088990
v 0.412351 1.089632 0.061960
v 0.596910 1.024790 0.214317
v 0.755653 0.909539 0.367321
v 0.854400 0.757234 0.490765
v 0.864118 0.570555 0.559663
v 0.836069 0.367543 0.574633
v 0.863045 0.176952 0.568208
v 0.864533 -0.037882 0.585176
v 0.847222 -0.265049 0.624595
v 0.831255 -0.576648 0.670328
v 0.757669 -0.930858 0.634425
v 0.662711 -1.280615 0.537403
v 0.563421 -1.521000 0.400446
v 0.396119 -1.515590 0.232984
v 0.229197 -1.265143 0.051521
v 0.441861 1.089900 0.033711
v 0.689934 1.027377 0.166680
v 0.965463 0.922314 0.303971
v 1.702935 0.921614 0.308086
v 1.710953 0.727016 0.354257
v 1.594618 0.539745 0.436191
v 1.058615 0.199238 0.414628
v 1.026644 -0.073631 0.452252
v 1.007589 -0.327519 0.503538
v 0.982493 -0.699182 0.550506
v 0.882585 -1.125614 0.502242
v 0.827314 -1.494464 0.413785
v 0.720285 -1.678627 0.293506
v 0.483021 -1.610530 0.152153
v 0.258480 -1.299531 0.006342
v 0.462614 1.089901 0.001616
v 0.759690 1.027838 0.110980
v 1.251487 0.965796 0.168944
v 2.606802 0.996960 0.182266
v 2.677633 0.929815 0.171089
v 2.626123 0.739112 0.206004
v 1.280094 0.213107 0.292613
v 1.137939 -0.099172 0.308629
v 1.126421 -0.383999 0.357856
v 1.082272 -0.804152 0.384725
v 0.998618 -1.261949 0.333193
v 0.959541 -1.592889 0.259216
v 0.816873 -1.727295 0.163836
v 0.539983 -1.628289 0.056519
v 0.281265 -1.308818 -0.045066
v 0.471426 1.089509 -0.033165
v 0.794996 1.028206 0.044558
v 1.400560 0.990066 0.006827
v 2.489461 1.013337 -0.103583
v 2.682483 0.860295 -0.062019
v 2.577751 0.632495 -0.104615
v 1.371548 0.186535 0.219393
v 1.197458 -0.114198 0.150215
v 1.193737 -0.415958 0.180305
v 1.140949 -0.844037 0.179258
v 1.061646 -1.281249 0.132115
v 0.995516 -1.569651 0.078546
v 0.826169 -1.673780 0.014826
v 0.556934 -1.576213 -0.050921
v 0.295287 -1.293887 -0.100783
v 0.466981 1.088582 -0.069306
v 0.780904 1.035127 -0.043011
v 1.330546 0.955748 -0.078064
v 2.044623 0.934120 -0.189655
v 2.301687 0.734860 -0.212099
v 1.734111 0.536734 -0.146348
v 1.328119 0.179303 -0.007631
v 1.218202 -0.118646 -0.023843
v 1.225550 -0.418778 -0.014423
v 1.168299 -0.804626 -0.043168
v 1.048607 -1.174388 -0.092035
v 0.949458 -1.428546 -0.122521
v 0.779946 -1.529305 -0.149167
v 0.545071 -1.468182 -0.166003
v 0.299192 -1.259705 -0.158483
v 0.449848 1.086941 -0.105196
v 0.717093 1.047494 -0.143085
v 1.120519 0.941985 -0.259166
v 1.482002 0.865587 -0.324998
v 1.559432 0.687287 -0.344790
v 1.457894 0.457280 -0.177735
v 1.176405 0.168656 -0.198884
v 1.191144 -0.106856 -0.201521
v 1.213477 -0.405328 -0.216993
v 1.155191 -0.714200 -0.265874
v 0.985611 -0.993571 -0.326955
v 0.861974 -1.202331 -0.328253
v 0.723252 -1.321825 -0.308349
v 0.521367 -1.329512 -0.274074
v 0.292477 -1.213547 -0.215509
v 0.422266 1.084400 -0.139306
v 0.618254 1.062569 -0.232731
v 0.821419 1.000997 -0.374166
v 1.072891 0.828951 -0.432270
v 1.119212 0.648809 -0.445146
v 1.026778 0.464833 -0.397318
v 1.052561 0.180003 -0.373350
v 1.106856 -0.079335 -0.387871
v 1.130615 -0.361728 -0.431302
v 1.091902 -0.614276 -0.500785
v 0.942622 -0.851676 -0.538989
v 0.785739 -1.045875 -0.502429
v 0.659405 -1.165278 -0.424975
v 0.491406 -1.204004 -0.350748
v 0.275481 -1.163259 -0.267438
v 0.387744 1.081056 -0.170603
v 0.515157 1.060751 -0.292745
v 0.592513 1.035766 -0.429427
v 0.661846 0.910954 -0.527185
v 0.773782 0.633056 -0.529770
v 0.871863 0.358057 -0.520537
v 0.930713 0.173952 -0.540606
v 0.969529 -0.046019 -0.569115
v 0.966411 -0.276903 -0.635645
v 0.947789 -0.491898 -0.712890
v 0.883776 -0.735459 -0.710651
v 0.708304 -0.978837 -0.624853
v 0.597560 -1.094827 -0.524612
v 0.439146 -1.120646 -0.425118
v 0.249550 -1.115709 -0.312214
v 0.351442 1.077458 -0.197794
v 0.421558 1.038779 -0.332464
v 0.432897 0.984013 -0.484634
v 0.457588 0.805244 -0.609270
v 0.604693 0.522888 -0.615649
v 0.746433 0.291921 -0.626455
v 0.797898 0.147527 -0.660748
v 0.798502 0.010973 -0.719532
v 0.769000 -0.152966 -0.816957
v 0.775642 -0.386652 -0.906087
v 0.783405 -0.627025 -0.872146
v 0.639653 -0.941300 -0.718934
v 0.531083 -1.063012 -0.594130
v 0.388590 -1.078278 -0.480914
v 0.214457 -1.073195 -0.350188
v 0.315242 1.073994 -0.219694
v 0.337827 1.023635 -0.364411
v 0.314466 0.953279 -0.521933
v 0.323804 0.788853 -0.656849
v 0.454249 0.519433 -0.686085
v 0.590344 0.272071 -0.698719
v 0.616670 0.154010 -0.765031
v 0.587216 0.074173 -0.855754
v 0.572135 -0.054266 -0.965472
v 0.616703 -0.311153 -1.042533
v 0.624374 -0.547550 -1.010507
v 0.554595 -0.871784 -0.814220
v 0.457263 -1.013120 -0.638175
v 0.333156 -1.053906 -0.511986
v 0.175365 -1.040115 -0.376389
v 0.275634 1.069965 -0.236144
v 0.263854 1.018423 -0.391508
v 0.217593 0.947862 -0.547094
v 0.195402 0.815839 -0.679595
v 0.284034 0.554370 -0.729529
v 0.381430 0.305978 -0.780569
v 0.386174 0.204695 -0.875069
v 0.360776 0.123936 -0.974535
v 0.358192 -0.013305 -1.062349
v 0.398343 -0.243765 -1.109766
v 0.438661 -0.484567 -1.086043
v 0.452623 -0.810190 -0.884901
v 0.366700 -0.957785 -0.659402
v 0.264335 -1.034618 -0.525273
v 0.132413 -1.013822 -0.390134
v 0.232840 1.066079 -0.247184
v 0.183129 1.013844 -0.410243
v 0.105515 0.944959 -0.567977
v 0.058935 0.820071 -0.703978
v 0.104952 0.582051 -0.787238
v 0.177480 0.339970 -0.849771
v 0.185070 0.211775 -0.947421
v 0.173109 0.092609 -1.027615
v 0.168979 -0.061465 -1.086772
v 0.173955 -0.224514 -1.114279
v 0.205406 -0.411551 -1.083539
v 0.267689 -0.704273 -0.939434
v 0.246895 -0.883177 -0.693510
v 0.180555 -0.994063 -0.537162
v 0.084769 -0.992284 -0.392989
v 0.279681 0.122311 0.872947
v 0.489091 0.111284 0.805562
v 0.682708 0.092226 0.710900
v 0.865440 0.068464 0.579260
v 1.048417 0.063948 0.434693
v 1.192660 0.070200 0.337773
v 1.276497 0.047006 0.190543
v 1.274345 0.034394 -0.016316
v 1.181224 0.031486 -0.200661
v 1.075855 0.052503 -0.381675
v 0.947821 0.068332 -0.555415
v 0.801195 0.078823 -0.687057
v 0.604126 0.114072 -0.808056
v 0.372005 0.168372 -0.924432
v 0.178669 0.156693 -0.987541
v 0.274645 0.315907 0.838289
v 0.478313 0.301886 0.782481
v 0.666805 0.284920 0.700419
v 0.853877 0.276965 0.567969
v 1.230443 0.315997 0.437001
v 1.749402 0.427041 0.148239
v 1.699272 0.360053 0.113139
v 1.604404 0.383657 -0.048350
v 1.307278 0.334447 -0.203052
v 1.042953 0.331158 -0.385209
v 0.902618 0.264814 -0.529436
v 0.774165 0.216013 -0.641331
v 0.608299 0.207466 -0.726187
v 0.388350 0.251069 -0.821054
v 0.183553 0.275788 -0.893131
v 1.108499 0.950078 0.249528
v 0.724512 1.027589 0.139277
v 0.938759 -1.192656 0.419006
v 1.032969 -0.750923 0.468974
v 2.322901 1.006141 0.202960
v 0.892389 -1.542904 0.337715
v 2.264155 0.854504 0.275304
v 0.767821 -1.702579 0.229689
v 2.145153 0.650720 0.309429
v 0.511055 -1.619270 0.105087
v 1.193712 0.208579 0.381361
v 0.269693 -1.304102 -0.018958
v 1.083820 -0.086357 0.381711
v 0.452106 1.089899 0.017916
v 1.068368 -0.355450 0.431936
v 1.122699 0.067980 0.383696
v 1.698581 0.454536 0.341982
v 0.441739 -1.565430 0.190550
v 0.645769 -1.603749 0.344307
v 0.969829 0.189328 0.485003
v 1.134173 0.386502 0.482048
v 0.244569 -1.283195 0.027804
v 0.951925 -0.056787 0.515499
v 0.427875 1.089771 0.047131
v 0.933664 -0.297976 0.561138
v 0.646029 1.026132 0.189321
v 0.912640 -0.641091 0.607508
v 0.867027 0.916169 0.334232
v 0.822707 -1.033066 0.565011
v 1.188375 0.821980 0.375143
v 0.749122 -1.392878 0.472508
v 1.166122 0.662631 0.409602
v 0.964797 0.066493 0.501729
v 1.068083 0.303102 0.479311
v 0.277278 0.812277 0.586498
v 0.420024 0.811699 0.551783
v 0.587081 0.817353 0.495040
v 0.806401 0.832575 0.429695
v 1.359627 0.885422 0.307566
v 1.846961 1.004692 0.150856
v 1.913451 0.973046 -0.043479
v 1.668918 0.960733 -0.157202
v 1.306542 0.903200 -0.292266
v 0.950060 0.914019 -0.403439
v 0.627914 0.972715 -0.478777
v 0.442204 0.903077 -0.550134
v 0.316629 0.878326 -0.592274
v 0.205514 0.884024 -0.614779
v 0.081973 0.881893 -0.636656
v 1.715914 1.000723 0.172543
v 1.033220 0.868375 0.355054
vn -0.0000 0.8313 -0.5558
vn -0.0000 0.3554 -0.9347
vn -0.0000 0.3170 -0.9484
vn -0.0000 0.3009 -0.9537
vn -0.0000 0.1632 -0.9866
vn -0.0000 -0.4462 -0.8950
vn -0.0000 0.9971 -0.0756
vn -0.0000 0.9761 0.2174
vn -0.0000 0.8926 0.4509
vn -0.0000 0.7875 0.6163
vn -0.0000 0.6385 0.7696
vn -0.0000 0.4365 0.8997
vn -0.0000 0.2703 0.9628
vn -0.0000 0.1945 0.9809
vn -0.0000 0.1276 0.9918
vn -0.0000 -0.0306 0.9995
vn -0.0000 -0.2627 0.9649
vn -0.0000 -0.4932 0.8699
vn -0.0000 -0.6812 0.7321
vn -0.0000 -0.7943 0.6075
vn -0.0000 -0.8675 0.4975
vn -0.0000 -0.9647 0.2635
vn -0.0264 0.9745 0.2230
vn -0.0641 0.8864 0.4585
vn -0.0887 0.7767 0.6236
vn -0.1151 0.6234 0.7733
vn -0.1466 0.4206 0.8953
vn -0.1761 0.2543 0.9510
vn -0.2131 0.1737 0.9615
vn -0.2374 0.1111 0.9650
vn -0.2254 -0.0231 0.9740
vn -0.1641 -0.2272 0.9599
vn -0.0362 -0.4428 0.8959
vn 0.1517 -0.6103 0.7775
vn 0.3712 -0.6735 0.6392
vn 0.5691 -0.6727 0.4729
vn 0.6629 -0.6940 0.2809
vn -0.0577 0.9778 0.2015
vn -0.1160 0.8861 0.4487
vn -0.1632 0.7629 0.6255
vn -0.2369 0.5894 0.7724
vn -0.2898 0.3883 0.8748
vn -0.3210 0.2266 0.9196
vn -0.3621 0.1307 0.9229
vn -0.3907 0.0779 0.9172
vn -0.3661 -0.0017 0.9306
vn -0.2729 -0.1474 0.9507
vn -0.0913 -0.3287 0.9400
vn 0.1852 -0.4704 0.8628
vn 0.5237 -0.4810 0.7032
vn 0.7752 -0.4555 0.4377
vn 0.8188 -0.5020 0.2786
vn -0.0645 0.9810 0.1828
vn -0.1198 0.8959 0.4278
vn -0.1604 0.7640 0.6250
vn -0.2494 0.5578 0.7917
vn -0.3568 0.3261 0.8754
vn -0.4434 0.1638 0.8812
vn -0.5143 0.0953 0.8523
vn -0.5190 0.0588 0.8528
vn -0.4777 0.0402 0.8776
vn -0.3698 -0.0695 0.9265
vn -0.1808 -0.2556 0.9497
vn 0.1200 -0.3855 0.9149
vn 0.4739 -0.4555 0.7536
vn 0.7723 -0.4977 0.3948
vn 0.8232 -0.5256 0.2148
vn -0.0710 0.9845 0.1605
vn -0.1268 0.9110 0.3925
vn -0.1452 0.7794 0.6095
vn -0.2259 0.5056 0.8327
vn -0.3435 0.2303 0.9105
vn -0.4383 0.0606 0.8968
vn -0.5739 0.0208 0.8187
vn -0.6014 0.0590 0.7968
vn -0.5779 0.0755 0.8126
vn -0.5036 -0.0498 0.8625
vn -0.3317 -0.2571 0.9077
vn -0.0575 -0.3985 0.9154
vn 0.3152 -0.6147 0.7230
vn 0.7095 -0.6516 0.2684
vn 0.7940 -0.6042 0.0669
vn -0.0000 -0.9820 -0.1889
vn -0.0846 0.9892 0.1196
vn -0.1247 0.9346 0.3333
vn -0.0819 0.8158 0.5726
vn -0.0181 0.6111 0.7913
vn -0.0962 0.2468 0.9643
vn -0.1876 -0.1036 0.9768
vn -0.4471 -0.2526 0.8581
vn -0.6880 0.0208 0.7254
vn -0.7217 0.0581 0.6897
vn -0.6835 -0.1031 0.7226
vn -0.5659 -0.2598 0.7825
vn -0.3643 -0.4604 0.8095
vn 0.0716 -0.8429 0.5332
vn 0.5855 -0.8079 0.0669
vn 0.7311 -0.6695 -0.1314
vn -0.1009 0.9926 0.0672
vn -0.1239 0.9738 0.1906
vn -0.0055 0.9964 0.0845
vn -0.3639 0.8053 0.4681
vn -0.8255 0.3419 0.4490
vn -0.6283 -0.4458 0.6376
vn -0.5857 -0.6069 0.5372
vn -0.8328 -0.1535 0.5319
vn -0.8835 -0.0121 0.4682
vn -0.8646 -0.1508 0.4793
vn -0.8350 -0.2282 0.5008
vn -0.7155 -0.5656 0.4102
vn -0.1913 -0.9791 0.0696
vn 0.4551 -0.8550 -0.2487
vn 0.6614 -0.6876 -0.2996
vn -0.1099 0.9938 0.0183
vn -0.1223 0.9921 0.0267
vn -0.0106 0.9957 -0.0915
vn -0.2529 0.7765 -0.5771
vn -0.8575 0.0922 -0.5062
vn -0.5278 -0.7516 -0.3956
vn -0.6783 -0.6417 0.3579
vn -0.9486 -0.2016 0.2439
vn -0.9693 -0.0523 0.2402
vn -0.9677 -0.1753 0.1813
vn -0.9719 -0.2295 0.0532
vn -0.8328 -0.5219 -0.1844
vn -0.2479 -0.8497 -0.4654
vn 0.3827 -0.7683 -0.5130
vn 0.6020 -0.6746 -0.4272
vn -0.1042 0.9944 -0.0193
vn -0.1483 0.9842 -0.0967
vn -0.0512 0.9765 -0.2094
vn -0.0873 0.6798 -0.7282
vn -0.2196 -0.1115 -0.9692
vn -0.2164 -0.7177 -0.6619
vn -0.7216 -0.5829 -0.3735
vn -0.9912 -0.1192 -0.0573
vn -0.9980 -0.0590 0.0221
vn -0.9697 -0.2245 -0.0966
vn -0.9027 -0.2907 -0.3173
vn -0.6961 -0.4431 -0.5649
vn -0.1755 -0.6670 -0.7241
vn 0.3398 -0.6764 -0.6534
vn 0.5543 -0.6541 -0.5147
vn -0.0872 0.9952 -0.0455
vn -0.1783 0.9813 -0.0732
vn -0.1862 0.9371 -0.2953
vn -0.1409 0.5594 -0.8169
vn -0.2427 -0.2281 -0.9429
vn -0.3404 -0.5474 -0.7645
vn -0.7544 -0.2157 -0.6199
vn -0.9506 0.0389 -0.3079
vn -0.9751 -0.0264 -0.2201
vn -0.9210 -0.2544 -0.2952
vn -0.7772 -0.4066 -0.4802
vn -0.5360 -0.4902 -0.6873
vn -0.1133 -0.5943 -0.7962
vn 0.3055 -0.6226 -0.7204
vn 0.5153 -0.6444 -0.5650
vn -0.0532 0.9940 -0.0953
vn -0.1424 0.9851 -0.0960
vn -0.2526 0.8789 -0.4047
vn -0.2243 0.4269 -0.8760
vn -0.3018 -0.1341 -0.9439
vn -0.4620 -0.1853 -0.8673
vn -0.7711 0.0253 -0.6362
vn -0.8594 0.1556 -0.4871
vn -0.8862 0.0580 -0.4596
vn -0.8545 -0.1875 -0.4844
vn -0.6944 -0.4620 -0.5517
vn -0.4536 -0.6151 -0.6449
vn -0.0625 -0.6900 -0.7211
vn 0.2760 -0.6842 -0.6751
vn 0.4787 -0.6899 -0.5430
vn -0.0061 0.9856 -0.1691
vn 0.0005 0.9780 -0.2084
vn -0.0837 0.8711 -0.4839
vn -0.2353 0.4492 -0.8619
vn -0.3434 0.1058 -0.9332
vn -0.5183 0.1355 -0.8444
vn -0.6970 0.2220 -0.6818
vn -0.7528 0.2081 -0.6245
vn -0.7766 0.1648 -0.6081
vn -0.7848 -0.0276 -0.6191
vn -0.6542 -0.4055 -0.6384
vn -0.4068 -0.6746 -0.6160
vn -0.0751 -0.8209 -0.5661
vn 0.2494 -0.8235 -0.5096
vn 0.4437 -0.7682 -0.4615
vn 0.0105 0.9747 -0.2231
vn 0.0816 0.9475 -0.3092
vn 0.0190 0.8154 -0.5786
vn -0.2581 0.3748 -0.8904
vn -0.3823 0.2247 -0.8963
vn -0.4448 0.2933 -0.8462
vn -0.5453 0.3655 -0.7544
vn -0.6463 0.3183 -0.6935
vn -0.6930 0.2834 -0.6629
vn -0.7090 0.0764 -0.7010
vn -0.5986 -0.3298 -0.7300
vn -0.2890 -0.6822 -0.6717
vn 0.0062 -0.8484 -0.5293
vn 0.2553 -0.8706 -0.4205
vn 0.4144 -0.8311 -0.3708
vn -0.0083 0.9679 -0.2512
vn 0.0043 0.9357 -0.3529
vn -0.0744 0.8050 -0.5887
vn -0.2623 0.4036 -0.8765
vn -0.3447 0.2598 -0.9021
vn -0.3871 0.3712 -0.8440
vn -0.4558 0.5319 -0.7137
vn -0.5306 0.4918 -0.6903
vn -0.5338 0.3820 -0.7544
vn -0.5177 0.1115 -0.8483
vn -0.4118 -0.3090 -0.8573
vn -0.1278 -0.6652 -0.7357
vn 0.1474 -0.7985 -0.5836
vn 0.2798 -0.8588 -0.4292
vn 0.3879 -0.8765 -0.2853
vn -0.0097 0.9625 -0.2710
vn -0.0457 0.9273 -0.3716
vn -0.1030 0.8123 -0.5740
vn -0.2232 0.4932 -0.8408
vn -0.3031 0.2896 -0.9079
vn -0.3630 0.4230 -0.8302
vn -0.3662 0.6439 -0.6718
vn -0.2942 0.5595 -0.7749
vn -0.2453 0.3783 -0.8926
vn -0.1939 0.0837 -0.9774
vn -0.1074 -0.3053 -0.9462
vn 0.0556 -0.6538 -0.7546
vn 0.2366 -0.7614 -0.6035
vn 0.3081 -0.8506 -0.4261
vn 0.3891 -0.8852 -0.2550
vn 0.0194 0.9594 -0.2813
vn 0.0159 0.9293 -0.3690
vn 0.0208 0.8356 -0.5489
vn -0.0449 0.5824 -0.8117
vn -0.2441 0.3354 -0.9099
vn -0.2945 0.4264 -0.8553
vn -0.1045 0.5167 -0.8498
vn 0.2041 0.4120 -0.8881
vn 0.2898 0.2350 -0.9278
vn 0.3386 -0.0190 -0.9408
vn 0.3337 -0.3008 -0.8934
vn 0.2995 -0.5817 -0.7563
vn 0.3027 -0.7221 -0.6220
vn 0.3077 -0.8328 -0.4601
vn 0.2889 -0.9369 -0.1970
vn -0.0000 0.9590 -0.2834
vn -0.0000 0.9337 -0.3582
vn -0.0000 0.5192 -0.8547
vn -0.0000 0.4140 -0.9103
vn -0.0000 -0.1347 -0.9909
vn -0.0000 -0.6345 -0.7729
vn -0.0000 -0.7336 -0.6796
vn -0.0000 -0.9289 -0.3704
vn -0.0000 -0.9842 -0.1770
vn -0.0000 0.2861 -0.9582
vn -0.0000 0.1768 0.9842
vn -0.2266 0.1531 0.9619
vn -0.3790 0.1050 0.9194
vn -0.5209 0.0711 0.8507
vn -0.6035 0.0597 0.7952
vn -0.5912 -0.0149 0.8064
vn -0.6968 -0.3177 0.6431
vn -0.8556 -0.4395 0.2736
vn -0.9285 -0.2905 -0.2315
vn -0.8875 -0.0007 -0.4608
vn -0.8301 0.1672 -0.5320
vn -0.7293 0.2273 -0.6453
vn -0.5975 0.3394 -0.7265
vn -0.5002 0.5225 -0.6905
vn -0.3384 0.6283 -0.7005
vn 0.0674 0.4744 -0.8777
vn -0.0000 0.2118 0.9773
vn -0.1962 0.1932 0.9613
vn -0.3405 0.1547 0.9274
vn -0.4948 0.1115 0.8618
vn -0.4973 -0.0414 0.8666
vn -0.2741 -0.4319 0.8593
vn -0.3744 -0.8360 0.4012
vn -0.4495 -0.8862 0.1121
vn -0.3809 -0.7577 -0.5299
vn -0.5301 -0.4260 -0.7332
vn -0.6344 -0.0686 -0.7699
vn -0.6310 0.2157 -0.7452
vn -0.4835 0.3756 -0.7907
vn -0.4104 0.5029 -0.7607
vn -0.3728 0.5956 -0.7115
vn -0.2326 0.5349 -0.8122
vn -0.0000 0.4334 -0.9012
vn -0.0577 0.8765 0.4779
vn -0.1162 0.9506 0.2879
vn -0.7049 -0.2396 0.6676
vn -0.7799 -0.1261 0.6130
vn -0.0762 0.8302 0.5523
vn -0.5294 -0.4888 0.6934
vn -0.1509 0.2076 0.9665
vn -0.0017 -0.9232 0.3842
vn -0.2934 -0.4032 0.8668
vn 0.5440 -0.8317 -0.1115
vn -0.4576 -0.4210 0.7831
vn 0.6898 -0.6913 -0.2151
vn -0.7369 -0.0561 0.6736
vn -0.0887 0.9921 0.0893
vn -0.8031 0.0267 0.5952
vn -0.5776 -0.1521 0.8020
vn -0.3652 -0.7149 0.5963
vn 0.6623 -0.7287 0.1741
vn 0.2473 -0.6895 0.6808
vn -0.5491 -0.1005 0.8297
vn -0.2466 -0.0537 0.9676
vn 0.7589 -0.6507 -0.0240
vn -0.6321 0.0578 0.7727
vn -0.0741 0.9878 0.1367
vn -0.6350 0.0818 0.7682
vn -0.1280 0.9245 0.3590
vn -0.5855 -0.0709 0.8076
vn -0.1274 0.8003 0.5859
vn -0.4350 -0.2607 0.8619
vn -0.0952 0.5141 0.8524
vn -0.1935 -0.4156 0.8887
vn -0.1923 0.2449 0.9503
vn -0.6221 0.0500 0.7814
vn -0.3666 -0.3138 0.8758
vn -0.0000 0.7299 0.6835
vn -0.1000 0.7178 0.6890
vn -0.1935 0.6926 0.6949
vn -0.1897 0.6794 0.7088
vn -0.1478 0.6846 0.7138
vn -0.0095 0.7541 0.6567
vn 0.0111 0.9986 -0.0509
vn 0.0311 0.9874 -0.1554
vn -0.0066 0.9349 -0.3548
vn -0.0999 0.8735 -0.4764
vn -0.2600 0.7536 -0.6037
vn -0.1734 0.6408 -0.7479
vn -0.1003 0.6066 -0.7887
vn -0.1739 0.6281 -0.7585
vn -0.1593 0.6770 -0.7185
vn 0.0126 0.7239 -0.6898
vn -0.0000 0.7449 -0.6671
vn 0.0601 0.9670 0.2477
vn -0.0969 0.7138 0.6936
vn 0.0264 0.9745 0.2230
vn 0.0641 0.8864 0.4585
vn 0.0887 0.7767 0.6236
vn 0.1151 0.6234 0.7733
vn 0.1466 0.4206 0.8953
vn 0.1761 0.2543 0.9510
vn 0.2131 0.1737 0.9615
vn 0.2374 0.1111 0.9650
vn 0.2254 -0.0231 0.9740
vn 0.1641 -0.2272 0.9599
vn 0.0362 -0.4428 0.8959
vn -0.1517 -0.6103 0.7775
vn -0.3712 -0.6735 0.6392
vn -0.5691 -0.6727 0.4729
vn -0.6629 -0.6940 0.2809
vn 0.0577 0.9778 0.2015
vn 0.1160 0.8861 0.4487
vn 0.1632 0.7629 0.6255
vn 0.2369 0.5894 0.7724
vn 0.2898 0.3883 0.8748
vn 0.3210 0.2266 0.9196
vn 0.3621 0.1307 0.9229
vn 0.3907 0.0779 0.9172
vn 0.3661 -0.0017 0.9306
vn 0.2729 -0.1474 0.9507
vn 0.0913 -0.3287 0.9400
vn -0.1852 -0.4704 0.8628
vn -0.5237 -0.4810 0.7032
vn -0.7752 -0.4555 0.4377
vn -0.8188 -0.5020 0.2786
vn 0.0645 0.9810 0.1828
vn 0.1198 0.8959 0.4278
vn 0.1604 0.7640 0.6250
vn 0.2494 0.5578 0.7917
vn 0.3568 0.3261 0.8754
vn 0.4434 0.1638 0.8812
vn 0.5143 0.0953 0.8523
vn 0.5190 0.0588 0.8528
vn 0.4777 0.0402 0.8776
vn 0.3698 -0.0695 0.9265
vn 0.1808 -0.2556 0.9497
vn -0.1200 -0.3855 0.9149
vn -0.4739 -0.4555 0.7536
vn -0.7723 -0.4977 0.3948
vn -0.8232 -0.5256 0.2148
vn 0.0710 0.9845 0.1605
vn 0.1268 0.9110 0.3925
vn 0.1452 0.7794 0.6095
vn 0.2259 0.5056 0.8327
vn 0.3435 0.2303 0.9105
vn 0.4383 0.0606 0.8968
vn 0.5739 0.0208 0.8187
vn 0.6014 0.0590 0.7968
vn 0.5779 0.0755 0.8126
vn 0.5036 -0.0498 0.8625
vn 0.3317 -0.2571 0.9077
vn 0.0575 -0.3985 0.9154
vn -0.3152 -0.6147 0.7230
vn -0.7095 -0.6516 0.2684
vn -0.7940 -0.6042 0.0669
vn 0.0846 0.9892 0.1196
vn 0.1247 0.9346 0.3333
vn 0.0819 0.8158 0.5726
vn 0.0181 0.6111 0.7913
vn 0.0962 0.2468 0.9643
vn 0.1876 -0.1036 0.9768
vn 0.4471 -0.2526 0.8581
vn 0.6880 0.0208 0.7254
vn 0.7217 0.0581 0.6897
vn 0.6835 -0.1031 0.7226
vn 0.5659 -0.2598 0.7825
vn 0.3643 -0.4604 0.8095
vn -0.0716 -0.8429 0.5332
vn -0.5855 -0.8079 0.0669
vn -0.7311 -0.6695 -0.1314
vn 0.1009 0.9926 0.0672
vn 0.1239 0.9738 0.1906
vn 0.0055 0.9964 0.0845
vn 0.3639 0.8053 0.4681
vn 0.8255 0.3419 0.4490
vn 0.6283 -0.4458 0.6376
vn 0.5857 -0.6069 0.5372
vn 0.8328 -0.1535 0.5319
vn 0.8835 -0.0121 0.4682
vn 0.8646 -0.1508 0.4793
vn 0.8350 -0.2282 0.5008
vn 0.7155 -0.5656 0.4102
vn 0.1913 -0.9791 0.0696
vn -0.4551 -0.8550 -0.2487
vn -0.6614 -0.6876 -0.2996
vn 0.1099 0.9938 0.0183
vn 0.1223 0.9921 0.0267
vn 0.0106 0.9957 -0.0915
vn 0.2529 0.7765 -0.5771
vn 0.8575 0.0922 -0.5062
vn 0.5278 -0.7516 -0.3956
vn 0.6783 -0.6417 0.3579
vn 0.9486 -0.2016 0.2439
vn 0.9693 -0.0523 0.2402
vn 0.9677 -0.1753 0.1813
vn 0.9719 -0.2295 0.0532
vn 0.8328 -0.5219 -0.1844
vn 0.2479 -0.8497 -0.4654
vn -0.3827 -0.7683 -0.5130
vn -0.6020 -0.6746 -0.4272
vn 0.1042 0.9944 -0.0193
vn 0.1483 0.9842 -0.0967
vn 0.0512 0.9765 -0.2094
vn 0.0873 0.6798 -0.7282
vn 0.2196 -0.1115 -0.9692
vn 0.2164 -0.7177 -0.6619
vn 0.7216 -0.5829 -0.3735
vn 0.9912 -0.1192 -0.0573
vn 0.9980 -0.0590 0.0221
vn 0.9697 -0.2245 -0.0966
vn 0.9027 -0.2907 -0.3173
vn 0.6961 -0.4431 -0.5649
vn 0.1755 -0.6670 -0.7241
vn -0.3398 -0.6764 -0.6534
vn -0.5543 -0.6541 -0.5147
vn 0.0872 0.9952 -0.0455
vn 0.1783 0.9813 -0.0732
vn 0.1862 0.9371 -0.2953
vn 0.1409 0.5594 -0.8169
vn 0.2427 -0.2281 -0.9429
vn 0.3404 -0.5474 -0.7645
vn 0.7544 -0.2157 -0.6199
vn 0.9506 0.0389 -0.3079
vn 0.9751 -0.0264 -0.2201
vn 0.9210 -0.2544 -0.2952
vn 0.7772 -0.4066 -0.4802
vn 0.5360 -0.4902 -0.6873
vn 0.1133 -0.5943 -0.7962
vn -0.3055 -0.6226 -0.7204
vn -0.5153 -0.6444 -0.5650
vn 0.0532 0.9940 -0.0953
vn 0.1424 0.9851 -0.0960
vn 0.2526 0.8789 -0.4047
vn 0.2243 0.4269 -0.8760
vn 0.3018 -0.1341 -0.9439
vn 0.4620 -0.1853 -0.8673
vn 0.7711 0.0253 -0.6362
vn 0.8594 0.1556 -0.4871
vn 0.8862 0.0580 -0.4596
vn 0.8545 -0.1875 -0.4844
vn 0.6944 -0.4620 -0.5517
vn 0.4536 -0.6151 -0.6449
vn 0.0625 -0.6900 -0.7211
vn -0.2760 -0.6842 -0.6751
vn -0.4787 -0.6899 -0.5430
vn 0.0061 0.9856 -0.1691
vn -0.0005 0.9780 -0.2084
vn 0.0837 0.8711 -0.4839
vn 0.2353 0.4492 -0.8619
vn 0.3434 0.1058 -0.9332
vn 0.5183 0.1355 -0.8444
vn 0.6970 0.2220 -0.6818
vn 0.7528 0.2081 -0.6245
vn 0.7766 0.1648 -0.6081
vn 0.7848 -0.0276 -0.6191
vn 0.6542 -0.4055 -0.6384
vn 0.4068 -0.6746 -0.6160
vn 0.0751 -0.8209 -0.5661
vn -0.2494 -0.8235 -0.5096
vn -0.4437 -0.7682 -0.4615
vn -0.0105 0.9747 -0.2231
vn -0.0816 0.9475 -0.3092
vn -0.0190 0.8154 -0.5786
vn 0.2581 0.3748 -0.8904
vn 0.3823 0.2247 -0.8963
vn 0.4448 0.2933 -0.8462
vn 0.5453 0.3655 -0.7544
vn 0.6463 0.3183 -0.6935
vn 0.6930 0.2834 -0.6629
vn 0.7090 0.0764 -0.7010
vn 0.5986 -0.3298 -0.7300
vn 0.2890 -0.6822 -0.6717
vn -0.0062 -0.8484 -0.5293
vn -0.2553 -0.8706 -0.4205
vn -0.4144 -0.8311 -0.3708
vn 0.0083 0.9679 -0.2512
vn -0.0043 0.9357 -0.3529
vn 0.0744 0.8050 -0.5887
vn 0.2623 0.4036 -0.8765
vn 0.3447 0.2598 -0.9021
vn 0.3871 0.3712 -0.8440
vn 0.4558 0.5319 -0.7137
vn 0.5306 0.4918 -0.6903
vn 0.5338 0.3820 -0.7544
vn 0.5177 0.1115 -0.8483
vn 0.4118 -0.3090 -0.8573
vn 0.1278 -0.6652 -0.7357
vn -0.1474 -0.7985 -0.5836
vn -0.2798 -0.8588 -0.4292
vn -0.3879 -0.8765 -0.2853
vn 0.0097 0.9625 -0.2710
vn 0.0457 0.9273 -0.3716
vn 0.1030 0.8123 -0.5740
vn 0.2232 0.4932 -0.8408
vn 0.3031 0.2896 -0.9079
vn 0.3630 0.4230 -0.8302
vn 0.3662 0.6439 -0.6718
vn 0.2942 0.5595 -0.7749
vn 0.2453 0.3783 -0.8926
vn 0.1939 0.0837 -0.9774
vn 0.1074 -0.3053 -0.9462
vn -0.0556 -0.6538 -0.7546
vn -0.2366 -0.7614 -0.6035
vn -0.3081 -0.8506 -0.4261
vn -0.3891 -0.8852 -0.2550
vn -0.0194 0.9594 -0.2813
vn -0.0159 0.9293 -0.3690
vn -0.0208 0.8356 -0.5489
vn 0.0449 0.5824 -0.8117
vn 0.2441 0.3354 -0.9099
vn 0.2945 0.4264 -0.8553
vn 0.1045 0.5167 -0.8498
vn -0.2041 0.4120 -0.8881
vn -0.2898 0.2350 -0.9278
vn -0.3386 -0.0190 -0.9408
vn -0.3337 -0.3008 -0.8934
vn -0.2995 -0.5817 -0.7563
vn -0.3027 -0.7221 -0.6220
vn -0.3077 -0.8328 -0.4601
vn -0.2889 -0.9369 -0.1970
vn 0.2266 0.1531 0.9619
vn 0.3790 0.1050 0.9194
vn 0.5209 0.0711 0.8507
vn 0.6035 0.0597 0.7952
vn 0.5912 -0.0149 0.8064
vn 0.6968 -0.3177 0.6431
vn 0.8556 -0.4395 0.2736
vn 0.9285 -0.2905 -0.2315
vn 0.8875 -0.0007 -0.4608
vn 0.8301 0.1672 -0.5320
vn 0.7293 0.2273 -0.6453
vn 0.5975 0.3394 -0.7265
vn 0.5002 0.5225 -0.6905
vn 0.3384 0.6283 -0.7005
vn -0.0674 0.4744 -0.8777
vn 0.1962 0.1932 0.9613
vn 0.3405 0.1547 0.9274
vn 0.4948 0.1115 0.8618
vn 0.4973 -0.0414 0.8666
vn 0.2741 -0.4319 0.8593
vn 0.3744 -0.8360 0.4012
vn 0.4495 -0.8862 0.1121
vn 0.3809 -0.7577 -0.5299
vn 0.5301 -0.4260 -0.7332
vn 0.6344 -0.0686 -0.7699
vn 0.6310 0.2157 -0.7452
vn 0.4835 0.3756 -0.7907
vn 0.4104 0.5029 -0.7607
vn 0.3728 0.5956 -0.7115
vn 0.2326 0.5349 -0.8122
vn 0.0577 0.8765 0.4779
vn 0.1162 0.9506 0.2879
vn 0.7049 -0.2396 0.6676
vn 0.7799 -0.1261 0.6130
vn 0.0762 0.8302 0.5523
vn 0.5294 -0.4888 0.6934
vn 0.1509 0.2076 0.9665
vn 0.0017 -0.9232 0.3842
vn 0.2934 -0.4032 0.8668
vn -0.5440 -0.8317 -0.1115
vn 0.4576 -0.4210 0.7831
vn -0.6898 -0.6913 -0.2151
vn 0.7369 -0.0561 0.6736
vn 0.0887 0.9921 0.0893
vn 0.8031 0.0267 0.5952
vn 0.5776 -0.1521 0.8020
vn 0.3652 -0.7149 0.5963
vn -0.6623 -0.7287 0.1741
vn -0.2473 -0.6895 0.6808
vn 0.5491 -0.1005 0.8297
vn 0.2466 -0.0537 0.9676
vn -0.7589 -0.6507 -0.0240
vn 0.6321 0.0578 0.7727
vn 0.0741 0.9878 0.1367
vn 0.6350 0.0818 0.7682
vn 0.1280 0.9245 0.3590
vn 0.5855 -0.0709 0.8076
vn 0.1274 0.8003 0.5859
vn 0.4350 -0.2607 0.8619
vn 0.0952 0.5141 0.8524
vn 0.1935 -0.4156 0.8887
vn 0.1923 0.2449 0.9503
vn 0.6221 0.0500 0.7814
vn 0.3666 -0.3138 0.8758
vn 0.1000 0.7178 0.6890
vn 0.1935 0.6926 0.6949
vn 0.1897 0.6794 0.7088
vn 0.1478 0.6846 0.7138
vn 0.0095 0.7541 0.6567
vn -0.0111 0.9986 -0.0509
vn -0.0311 0.9874 -0.1554
vn 0.0066 0.9349 -0.3548
vn 0.0999 0.8735 -0.4764
vn 0.2600 0.7536 -0.6037
vn 0.1734 0.6408 -0.7479
vn 0.1003 0.6066 -0.7887
vn 0.1739 0.6281 -0.7585
vn 0.1593 0.6770 -0.7185
vn -0.0126 0.7239 -0.6898
vn -0.0601 0.9670 0.2477
vn 0.0969 0.7138 0.6936
vt 0.250000 0.687500
vt 0.250000 0.750000
vt 0.218750 0.750000
vt 0.218750 0.687500
vt 0.250000 0.187500
vt 0.250000 0.250000
vt 0.218750 0.250000
vt 0.218750 0.187500
vt 0.250000 0.625000
vt 0.218750 0.625000
vt 0.250000 0.125000
vt 0.218750 0.125000
vt 0.250000 0.594847
vt 0.218750 0.594847
vt 0.250000 0.062500
vt 0.218750 0.062500
vt 0.250000 0.531250
vt 0.250000 0.562500
vt 0.218750 0.562500
vt 0.218750 0.531250
vt 0.250000 0.937500
vt 0.234375 1.000000
vt 0.218750 0.937500
vt 0.234375 0.000000
vt 0.250000 0.437500
vt 0.250000 0.500000
vt 0.218750 0.500000
vt 0.218750 0.437500
vt 0.250000 0.875000
vt 0.218750 0.875000
vt 0.250000 0.375000
vt 0.218750 0.375000
vt 0.250000 0.812500
vt 0.218750 0.812500
vt 0.250000 0.312500
vt 0.218750 0.312500
vt 0.250000 0.780939
vt 0.218750 0.780939
vt 0.187500 0.500000
vt 0.187500 0.437500
vt 0.187500 0.937500
vt 0.187500 0.875000
vt 0.187500 0.375000
vt 0.187500 0.812500
vt 0.187500 0.312500
vt 0.187500 0.780939
vt 0.187500 0.250000
vt 0.187500 0.750000
vt 0.187500 0.687500
vt 0.187500 0.187500
vt 0.187500 0.625000
vt 0.187500 0.125000
vt 0.187500 0.594847
vt 0.187500 0.062500
vt 0.187500 0.562500
vt 0.187500 0.531250
vt 0.203125 1.000000
vt 0.203125 0.000000
vt 0.156250 0.250000
vt 0.156250 0.187500
vt 0.156250 0.687500
vt 0.156250 0.625000
vt 0.156250 0.125000
vt 0.156250 0.594847
vt 0.156250 0.062500
vt 0.156250 0.562500
vt 0.156250 0.531250
vt 0.171875 1.000000
vt 0.156250 0.937500
vt 0.171875 0.000000
vt 0.156250 0.500000
vt 0.156250 0.437500
vt 0.156250 0.875000
vt 0.156250 0.375000
vt 0.156250 0.812500
vt 0.156250 0.312500
vt 0.156250 0.780939
vt 0.156250 0.750000
vt 0.125000 0.437500
vt 0.125000 0.375000
vt 0.125000 0.875000
vt 0.125000 0.812500
vt 0.125000 0.312500
vt 0.125000 0.780939
vt 0.125000 0.250000
vt 0.125000 0.750000
vt 0.125000 0.687500
vt 0.125000 0.187500
vt 0.125000 0.625000
vt 0.125000 0.125000
vt 0.125000 0.594847
vt 0.125000 0.062500
vt 0.125000 0.562500
vt 0.125000 0.531250
vt 0.140625 1.000000
vt 0.125000 0.937500
vt 0.140625 0.000000
vt 0.125000 0.500000
vt 0.108595 0.125000
vt 0.108595 0.187500
vt 0.093750 0.187500
vt 0.093750 0.125000
vt 0.108595 0.594847
vt 0.108595 0.625000
vt 0.093750 0.625000
vt 0.093750 0.594847
vt 0.108595 0.062500
vt 0.093750 0.062500
vt 0.108595 0.531250
vt 0.108595 0.562500
vt 0.093750 0.562500
vt 0.093750 0.531250
vt 0.109375 1.000000
vt 0.093750 0.937500
vt 0.108595 0.937500
vt 0.109375 0.000000
vt 0.108595 0.437500
vt 0.108595 0.500000
vt 0.093750 0.500000
vt 0.093750 0.437500
vt 0.108595 0.875000
vt 0.093750 0.875000
vt 0.108595 0.375000
vt 0.093750 0.375000
vt 0.108595 0.812500
vt 0.093750 0.812500
vt 0.108595 0.312500
vt 0.093750 0.312500
vt 0.108595 0.780938
vt 0.093750 0.780939
vt 0.108595 0.250000
vt 0.093750 0.250000
vt 0.108595 0.687500
vt 0.108595 0.750000
vt 0.093750 0.750000
vt 0.093750 0.687500
vt 0.078370 0.812500
vt 0.078370 0.875000
vt 0.062500 0.875000
vt 0.062500 0.812500
vt 0.078370 0.312500
vt 0.078370 0.375000
vt 0.062500 0.375000
vt 0.062500 0.312500
vt 0.078370 0.780939
vt 0.062500 0.780939
vt 0.078370 0.250000
vt 0.062500 0.250000
vt 0.078370 0.687500
vt 0.078370 0.750000
vt 0.062500 0.750000
vt 0.062500 0.687500
vt 0.078370 0.187500
vt 0.062500 0.187500
vt 0.078370 0.625000
vt 0.062500 0.625000
vt 0.078370 0.125000
vt 0.062500 0.125000
vt 0.078370 0.594847
vt 0.062500 0.594847
vt 0.078370 0.062500
vt 0.062500 0.062500
vt 0.078370 0.531250
vt 0.078370 0.562500
vt 0.062500 0.562500
vt 0.062500 0.531250
vt 0.078125 1.000000
vt 0.062500 0.937500
vt 0.078366 0.937499
vt 0.078125 0.000000
vt 0.078370 0.437500
vt 0.078370 0.500000
vt 0.062500 0.500000
vt 0.062500 0.437500
vt 0.031250 0.625000
vt 0.031250 0.594847
vt 0.031250 0.125000
vt 0.031250 0.062500
vt 0.031250 0.562500
vt 0.031250 0.531250
vt 0.046875 1.000000
vt 0.031250 0.937500
vt 0.046875 0.000000
vt 0.031250 0.500000
vt 0.031250 0.437500
vt 0.031250 0.875000
vt 0.031250 0.375000
vt 0.031250 0.812500
vt 0.031250 0.312500
vt 0.031250 0.780939
vt 0.031250 0.250000
vt 0.031250 0.750000
vt 0.031250 0.687500
vt 0.031250 0.187500
vt 0.000000 0.375000
vt 0.000000 0.312500
vt 0.000000 0.812500
vt 0.000000 0.780939
vt 0.000000 0.250000
vt 0.000000 0.750000
vt 0.000000 0.687500
vt 0.000000 0.187500
vt 0.000000 0.625000
vt 0.000000 0.125000
vt 0.000000 0.594847
vt 0.000000 0.062500
vt 0.000000 0.562500
vt 0.000000 0.531250
vt 0.015625 1.000000
vt 0.000000 0.937500
vt 0.015625 0.000000
vt 0.000000 0.500000
vt 0.000000 0.437500
vt 0.000000 0.875000
vt 1.000000 0.062500
vt 1.000000 0.125000
vt 0.968750 0.125000
vt 0.968750 0.062500
vt 1.000000 0.531250
vt 1.000000 0.562500
vt 0.968750 0.562500
vt 0.968750 0.531250
vt 1.000000 0.937500
vt 0.984375 1.000000
vt 0.968750 0.937500
vt 0.984375 0.000000
vt 1.000000 0.437500
vt 1.000000 0.500000
vt 0.968750 0.500000
vt 0.968750 0.437500
vt 1.000000 0.875000
vt 0.968750 0.875000
vt 1.000000 0.375000
vt 0.968750 0.375000
vt 1.000000 0.812500
vt 0.968750 0.812500
vt 1.000000 0.312500
vt 0.968750 0.312500
vt 1.000000 0.780939
vt 0.968750 0.780938
vt 1.000000 0.250000
vt 0.968750 0.250000
vt 1.000000 0.687500
vt 1.000000 0.750000
vt 0.968750 0.750000
vt 0.968750 0.687500
vt 1.000000 0.187500
vt 0.968750 0.187500
vt 1.000000 0.625000
vt 0.968750 0.625000
vt 1.000000 0.594847
vt 0.968750 0.594847
vt 0.937500 0.812500
vt 0.937500 0.780939
vt 0.937500 0.312500
vt 0.937500 0.250000
vt 0.937500 0.750000
vt 0.937500 0.687500
vt 0.937500 0.187500
vt 0.937500 0.625000
vt 0.937500 0.125000
vt 0.937500 0.594847
vt 0.937500 0.062500
vt 0.937500 0.562500
vt 0.937500 0.531250
vt 0.953125 1.000000
vt 0.937500 0.937500
vt 0.953125 0.000000
vt 0.937500 0.500000
vt 0.937500 0.437500
vt 0.937500 0.875000
vt 0.937500 0.375000
vt 0.906250 0.562500
vt 0.906250 0.531250
vt 0.921875 1.000000
vt 0.906250 0.937500
vt 0.921875 0.000000
vt 0.906250 0.062500
vt 0.906250 0.500000
vt 0.906250 0.437500
vt 0.906250 0.875000
vt 0.906250 0.375000
vt 0.906250 0.812500
vt 0.906250 0.312500
vt 0.906250 0.780939
vt 0.906250 0.250000
vt 0.906250 0.750000
vt 0.906250 0.687500
vt 0.906250 0.187500
vt 0.906250 0.625000
vt 0.906250 0.125000
vt 0.906250 0.594847
vt 0.875000 0.312500
vt 0.875000 0.250000
vt 0.875000 0.750000
vt 0.875000 0.687500
vt 0.875000 0.187500
vt 0.875000 0.625000
vt 0.875000 0.125000
vt 0.875000 0.594847
vt 0.875000 0.062500
vt 0.875000 0.562500
vt 0.875000 0.531250
vt 0.890625 1.000000
vt 0.875000 0.937500
vt 0.890625 0.000000
vt 0.875000 0.500000
vt 0.875000 0.437500
vt 0.875000 0.875000
vt 0.875000 0.375000
vt 0.875000 0.812500
vt 0.875000 0.780939
vt 0.859375 0.000000
vt 0.843750 0.062500
vt 0.843750 0.500000
vt 0.843750 0.437500
vt 0.843750 0.937500
vt 0.843750 0.875000
vt 0.843750 0.375000
vt 0.843750 0.812500
vt 0.843750 0.312500
vt 0.843750 0.780939
vt 0.843750 0.250000
vt 0.843750 0.750000
vt 0.843750 0.687500
vt 0.843750 0.187500
vt 0.843750 0.625000
vt 0.843750 0.125000
vt 0.843750 0.594847
vt 0.843750 0.562500
vt 0.843750 0.531250
vt 0.859375 1.000000
vt 0.812500 0.250000
vt 0.812500 0.187500
vt 0.812500 0.687500
vt 0.812500 0.625000
vt 0.812500 0.125000
vt 0.812500 0.594847
vt 0.812500 0.062500
vt 0.812500 0.562500
vt 0.812500 0.531250
vt 0.828125 1.000000
vt 0.812500 0.937500
vt 0.828125 0.000000
vt 0.812500 0.500000
vt 0.812500 0.437500
vt 0.812500 0.875000
vt 0.812500 0.375000
vt 0.812500 0.812500
vt 0.812500 0.312500
vt 0.812500 0.780939
vt 0.812500 0.750000
vt 0.781250 0.937500
vt 0.781250 0.875000
vt 0.781250 0.437500
vt 0.781250 0.375000
vt 0.781250 0.812500
vt 0.781250 0.312500
vt 0.781250 0.780939
vt 0.781250 0.250000
vt 0.781250 0.750000
vt 0.781250 0.687500
vt 0.781250 0.187500
vt 0.781250 0.625000
vt 0.781250 0.125000
vt 0.781250 0.594847
vt 0.781250 0.062500
vt 0.781250 0.562500
vt 0.781250 0.531250
vt 0.796875 1.000000
vt 0.796875 0.000000
vt 0.781250 0.500000
vt 0.750000 0.687500
vt 0.750000 0.625000
vt 0.750000 0.187500
vt 0.750000 0.125000
vt 0.750000 0.594847
vt 0.750000 0.062500
vt 0.750000 0.562500
vt 0.750000 0.531250
vt 0.765625 1.000000
vt 0.750000 0.937500
vt 0.765625 0.000000
vt 0.750000 0.500000
vt 0.750000 0.437500
vt 0.750000 0.875000
vt 0.750000 0.375000
vt 0.750000 0.812500
vt 0.750000 0.312500
vt 0.750000 0.780938
vt 0.750000 0.250000
vt 0.750000 0.750000
s 1
f 2108/650/1403 2107/651/1402 2122/652/1417 2123/653/1418
f 2116/654/1411 2115/655/1410 2130/656/1425 2131/657/1426
f 2109/658/1404 2108/650/1403 2123/653/1418 2124/659/1419
f 2117/660/1412 2116/654/1411 2131/657/1426 2132/661/1427
f 2371/662/1666 2109/658/1404 2124/659/1419 2372/663/1667
f 2118/664/1413 2117/660/1412 2132/661/1427 2133/665/1428
f 2355/666/1650 2110/667/1405 2125/668/1420 2356/669/1651
f 2104/670/1399 2103/671/1398 2119/672/1414
f 2179/673/1474 2118/664/1413 2133/665/1428
f 2112/674/1407 2111/675/1406 2126/676/1421 2127/677/1422
f 2105/678/1400 2104/670/1399 2119/672/1414 2120/679/1415
f 2113/680/1408 2112/674/1407 2127/677/1422 2128/681/1423
f 2106/682/1401 2105/678/1400 2120/679/1415 2121/683/1416
f 2114/684/1409 2113/680/1408 2128/681/1423 2129/685/1424
f 2422/686/1717 2106/682/1401 2121/683/1416 2423/687/1718
f 2115/655/1410 2114/684/1409 2129/685/1424 2130/656/1425
f 2127/677/1422 2126/676/1421 2141/688/1436 2142/689/1437
f 2120/679/1415 2119/672/1414 2134/690/1429 2135/691/1430
f 2128/681/1423 2127/677/1422 2142/689/1437 2143/692/1438
f 2121/683/1416 2120/679/1415 2135/691/1430 2136/693/1431
f 2129/685/1424 2128/681/1423 2143/692/1438 2144/694/1439
f 2423/687/1718 2121/683/1416 2136/693/1431 2424/695/1719
f 2130/656/1425 2129/685/1424 2144/694/1439 2145/696/1440
f 2123/653/1418 2122/652/1417 2137/697/1432 2138/698/1433
f 2131/657/1426 2130/656/1425 2145/696/1440 2146/699/1441
f 2124/659/1419 2123/653/1418 2138/698/1433 2139/700/1434
f 2132/661/1427 2131/657/1426 2146/699/1441 2147/701/1442
f 2372/663/1667 2124/659/1419 2139/700/1434 2373/702/1668
f 2133/665/1428 2132/661/1427 2147/701/1442 2148/703/1443
f 2356/669/1651 2125/668/1420 2140/704/1435 2357/705/1652
f 2119/672/1414 2103/706/1398 2134/690/1429
f 2179/707/1474 2133/665/1428 2148/703/1443
f 2146/699/1441 2145/696/1440 2160/708/1455 2161/709/1456
f 2139/700/1434 2138/698/1433 2153/710/1448 2154/711/1449
f 2147/701/1442 2146/699/1441 2161/709/1456 2162/712/1457
f 2373/702/1668 2139/700/1434 2154/711/1449 2374/713/1669
f 2148/703/1443 2147/701/1442 2162/712/1457 2163/714/1458
f 2357/705/1652 2140/704/1435 2155/715/1450 2358/716/1653
f 2134/690/1429 2103/717/1398 2149/718/1444
f 2179/719/1474 2148/703/1443 2163/714/1458
f 2142/689/1437 2141/688/1436 2156/720/1451 2157/721/1452
f 2135/691/1430 2134/690/1429 2149/718/1444 2150/722/1445
f 2143/692/1438 2142/689/1437 2157/721/1452 2158/723/1453
f 2136/693/1431 2135/691/1430 2150/722/1445 2151/724/1446
f 2144/694/1439 2143/692/1438 2158/723/1453 2159/725/1454
f 2424/695/1719 2136/693/1431 2151/724/1446 2425/726/1720
f 2145/696/1440 2144/694/1439 2159/725/1454 2160/708/1455
f 2138/698/1433 2137/697/1432 2152/727/1447 2153/710/1448
f 2158/723/1453 2157/721/1452 2172/728/1467 2173/729/1468
f 2151/724/1446 2150/722/1445 2165/730/1460 2166/731/1461
f 2159/725/1454 2158/723/1453 2173/729/1468 2174/732/1469
f 2425/726/1720 2151/724/1446 2166/731/1461 2426/733/1721
f 2160/708/1455 2159/725/1454 2174/732/1469 2175/734/1470
f 2153/710/1448 2152/727/1447 2167/735/1462 2168/736/1463
f 2161/709/1456 2160/708/1455 2175/734/1470 2176/737/1471
f 2154/711/1449 2153/710/1448 2168/736/1463 2169/738/1464
f 2162/712/1457 2161/709/1456 2176/737/1471 2177/739/1472
f 2374/713/1669 2154/711/1449 2169/738/1464 2375/740/1670
f 2163/714/1458 2162/712/1457 2177/739/1472 2178/741/1473
f 2358/716/1653 2155/715/1450 2170/742/1465 2359/743/1654
f 2149/718/1444 2103/744/1398 2164/745/1459
f 2179/746/1474 2163/714/1458 2178/741/1473
f 2157/721/1452 2156/720/1451 2171/747/1466 2172/728/1467
f 2150/722/1445 2149/718/1444 2164/745/1459 2165/730/1460
f 2405/748/1700 2406/749/1701 2192/750/1487 2193/751/1488
f 2421/752/1716 2408/753/1703 2185/754/1480 2376/755/1671
f 2409/756/1704 2405/748/1700 2193/751/1488 2194/757/1489
f 2420/758/1715 2407/759/1702 2186/760/1481 2360/761/1655
f 2164/745/1459 2103/762/1398 2180/763/1475 2411/764/1706
f 2179/765/1474 2178/741/1473 2409/756/1704 2194/757/1489
f 2412/766/1707 2410/767/1705 2187/768/1482 2188/769/1483
f 2413/770/1708 2411/764/1706 2180/763/1475 2181/771/1476
f 2414/772/1709 2412/766/1707 2188/769/1483 2189/773/1484
f 2415/774/1710 2413/770/1708 2181/771/1476 2182/775/1477
f 2416/776/1711 2414/772/1709 2189/773/1484 2190/777/1485
f 2440/778/1735 2415/774/1710 2182/775/1477 2427/779/1722
f 2418/780/1713 2416/776/1711 2190/777/1485 2191/781/1486
f 2419/782/1714 2417/783/1712 2183/784/1478 2184/785/1479
f 2406/749/1701 2418/780/1713 2191/781/1486 2192/750/1487
f 2408/753/1703 2419/782/1714 2184/785/1479 2185/754/1480
f 2388/786/1683 2389/787/1684 2196/788/1491 2197/789/1492
f 2390/790/1685 2391/791/1686 2204/792/1499 2205/793/1500
f 2439/794/1734 2388/786/1683 2197/789/1492 2428/795/1723
f 2393/796/1688 2390/790/1685 2205/793/1500 2206/797/1501
f 2394/798/1689 2392/799/1687 2198/800/1493 2199/801/1494
f 2395/802/1690 2393/796/1688 2206/797/1501 2207/803/1502
f 2396/804/1691 2394/798/1689 2199/801/1494 2200/805/1495
f 2397/806/1692 2395/802/1690 2207/803/1502 2208/807/1503
f 2404/808/1699 2396/804/1691 2200/805/1495 2377/809/1672
f 2399/810/1694 2397/806/1692 2208/807/1503 2209/811/1504
f 2403/812/1698 2398/813/1693 2201/814/1496 2361/815/1656
f 2180/763/1475 2103/816/1398 2195/817/1490 2401/818/1696
f 2179/819/1474 2194/757/1489 2399/810/1694 2209/811/1504
f 2402/820/1697 2400/821/1695 2202/822/1497 2203/823/1498
f 2389/787/1684 2401/818/1696 2195/817/1490 2196/788/1491
f 2391/791/1686 2402/820/1697 2203/823/1498 2204/792/1499
f 2377/809/1672 2200/805/1495 2215/824/1510 2378/825/1673
f 2209/811/1504 2208/807/1503 2223/826/1518 2224/827/1519
f 2361/815/1656 2201/814/1496 2216/828/1511 2362/829/1657
f 2195/817/1490 2103/830/1398 2210/831/1505
f 2179/832/1474 2209/811/1504 2224/827/1519
f 2203/823/1498 2202/822/1497 2217/833/1512 2218/834/1513
f 2196/788/1491 2195/817/1490 2210/831/1505 2211/835/1506
f 2204/792/1499 2203/823/1498 2218/834/1513 2219/836/1514
f 2197/789/1492 2196/788/1491 2211/835/1506 2212/837/1507
f 2205/793/1500 2204/792/1499 2219/836/1514 2220/838/1515
f 2428/795/1723 2197/789/1492 2212/837/1507 2429/839/1724
f 2206/797/1501 2205/793/1500 2220/838/1515 2221/840/1516
f 2199/801/1494 2198/800/1493 2213/841/1508 2214/842/1509
f 2207/803/1502 2206/797/1501 2221/840/1516 2222/843/1517
f 2200/805/1495 2199/801/1494 2214/842/1509 2215/824/1510
f 2208/807/1503 2207/803/1502 2222/843/1517 2223/826/1518
f 2220/838/1515 2219/836/1514 2234/844/1529 2235/845/1530
f 2429/839/1724 2212/837/1507 2227/846/1522 2430/847/1725
f 2221/840/1516 2220/838/1515 2235/845/1530 2236/848/1531
f 2214/842/1509 2213/841/1508 2228/849/1523 2229/850/1524
f 2222/843/1517 2221/840/1516 2236/848/1531 2237/851/1532
f 2215/824/1510 2214/842/1509 2229/850/1524 2230/852/1525
f 2223/826/1518 2222/843/1517 2237/851/1532 2238/853/1533
f 2378/825/1673 2215/824/1510 2230/852/1525 2379/854/1674
f 2224/827/1519 2223/826/1518 2238/853/1533 2239/855/1534
f 2362/829/1657 2216/828/1511 2231/856/1526 2363/857/1658
f 2210/831/1505 2103/858/1398 2225/859/1520
f 2179/860/1474 2224/827/1519 2239/855/1534
f 2218/834/1513 2217/833/1512 2232/861/1527 2233/862/1528
f 2211/835/1506 2210/831/1505 2225/859/1520 2226/863/1521
f 2219/836/1514 2218/834/1513 2233/862/1528 2234/844/1529
f 2212/837/1507 2211/835/1506 2226/863/1521 2227/846/1522
f 2239/864/1534 2238/865/1533 2253/866/1548 2254/867/1549
f 2363/868/1658 2231/869/1526 2246/870/1541 2364/871/1659
f 2225/872/1520 2103/873/1398 2240/874/1535
f 2179/875/1474 2239/864/1534 2254/867/1549
f 2233/876/1528 2232/877/1527 2247/878/1542 2248/879/1543
f 2226/880/1521 2225/872/1520 2240/874/1535 2241/881/1536
f 2234/882/1529 2233/876/1528 2248/879/1543 2249/883/1544
f 2227/884/1522 2226/880/1521 2241/881/1536 2242/885/1537
f 2235/886/1530 2234/882/1529 2249/883/1544 2250/887/1545
f 2430/888/1725 2227/884/1522 2242/885/1537 2431/889/1726
f 2236/890/1531 2235/886/1530 2250/887/1545 2251/891/1546
f 2229/892/1524 2228/893/1523 2243/894/1538 2244/895/1539
f 2237/896/1532 2236/890/1531 2251/891/1546 2252/897/1547
f 2230/898/1525 2229/892/1524 2244/895/1539 2245/899/1540
f 2238/865/1533 2237/896/1532 2252/897/1547 2253/866/1548
f 2379/900/1674 2230/898/1525 2245/899/1540 2380/901/1675
f 2431/889/1726 2242/885/1537 2257/902/1552 2432/903/1727
f 2251/891/1546 2250/887/1545 2265/904/1560 2266/905/1561
f 2244/895/1539 2243/894/1538 2258/906/1553 2259/907/1554
f 2252/897/1547 2251/891/1546 2266/905/1561 2267/908/1562
f 2245/899/1540 2244/895/1539 2259/907/1554 2260/909/1555
f 2253/866/1548 2252/897/1547 2267/908/1562 2268/910/1563
f 2380/901/1675 2245/899/1540 2260/909/1555 2381/911/1676
f 2254/867/1549 2253/866/1548 2268/910/1563 2269/912/1564
f 2364/871/1659 2246/870/1541 2261/913/1556 2365/914/1660
f 2240/874/1535 2103/915/1398 2255/916/1550
f 2179/917/1474 2254/867/1549 2269/912/1564
f 2248/879/1543 2247/878/1542 2262/918/1557 2263/919/1558
f 2241/881/1536 2240/874/1535 2255/916/1550 2256/920/1551
f 2249/883/1544 2248/879/1543 2263/919/1558 2264/921/1559
f 2242/885/1537 2241/881/1536 2256/920/1551 2257/902/1552
f 2250/887/1545 2249/883/1544 2264/921/1559 2265/904/1560
f 2365/914/1660 2261/913/1556 2276/922/1571 2366/923/1661
f 2255/916/1550 2103/924/1398 2270/925/1565
f 2179/926/1474 2269/912/1564 2284/927/1579
f 2263/919/1558 2262/918/1557 2277/928/1572 2278/929/1573
f 2256/920/1551 2255/916/1550 2270/925/1565 2271/930/1566
f 2264/921/1559 2263/919/1558 2278/929/1573 2279/931/1574
f 2257/902/1552 2256/920/1551 2271/930/1566 2272/932/1567
f 2265/904/1560 2264/921/1559 2279/931/1574 2280/933/1575
f 2432/903/1727 2257/902/1552 2272/932/1567 2433/934/1728
f 2266/905/1561 2265/904/1560 2280/933/1575 2281/935/1576
f 2259/907/1554 2258/906/1553 2273/936/1568 2274/937/1569
f 2267/908/1562 2266/905/1561 2281/935/1576 2282/938/1577
f 2260/909/1555 2259/907/1554 2274/937/1569 2275/939/1570
f 2268/910/1563 2267/908/1562 2282/938/1577 2283/940/1578
f 2381/911/1676 2260/909/1555 2275/939/1570 2382/941/1677
f 2269/912/1564 2268/910/1563 2283/940/1578 2284/927/1579
f 2281/935/1576 2280/933/1575 2295/942/1590 2296/943/1591
f 2274/937/1569 2273/936/1568 2288/944/1583 2289/945/1584
f 2282/938/1577 2281/935/1576 2296/943/1591 2297/946/1592
f 2275/939/1570 2274/937/1569 2289/945/1584 2290/947/1585
f 2283/940/1578 2282/938/1577 2297/946/1592 2298/948/1593
f 2382/941/1677 2275/939/1570 2290/947/1585 2383/949/1678
f 2284/927/1579 2283/940/1578 2298/948/1593 2299/950/1594
f 2366/923/1661 2276/922/1571 2291/951/1586 2367/952/1662
f 2270/925/1565 2103/953/1398 2285/954/1580
f 2179/955/1474 2284/927/1579 2299/950/1594
f 2278/929/1573 2277/928/1572 2292/956/1587 2293/957/1588
f 2271/930/1566 2270/925/1565 2285/954/1580 2286/958/1581
f 2279/931/1574 2278/929/1573 2293/957/1588 2294/959/1589
f 2272/932/1567 2271/930/1566 2286/958/1581 2287/960/1582
f 2280/933/1575 2279/931/1574 2294/959/1589 2295/942/1590
f 2433/934/1728 2272/932/1567 2287/960/1582 2434/961/1729
f 2179/962/1474 2299/950/1594 2314/963/1609
f 2293/957/1588 2292/956/1587 2307/964/1602 2308/965/1603
f 2286/958/1581 2285/954/1580 2300/966/1595 2301/967/1596
f 2294/959/1589 2293/957/1588 2308/965/1603 2309/968/1604
f 2287/960/1582 2286/958/1581 2301/967/1596 2302/969/1597
f 2295/942/1590 2294/959/1589 2309/968/1604 2310/970/1605
f 2434/961/1729 2287/960/1582 2302/969/1597 2435/971/1730
f 2296/943/1591 2295/942/1590 2310/970/1605 2311/972/1606
f 2289/945/1584 2288/944/1583 2303/973/1598 2304/974/1599
f 2297/946/1592 2296/943/1591 2311/972/1606 2312/975/1607
f 2290/947/1585 2289/945/1584 2304/974/1599 2305/976/1600
f 2298/948/1593 2297/946/1592 2312/975/1607 2313/977/1608
f 2383/949/1678 2290/947/1585 2305/976/1600 2384/978/1679
f 2299/950/1594 2298/948/1593 2313/977/1608 2314/963/1609
f 2367/952/1662 2291/951/1586 2306/979/1601 2368/980/1663
f 2285/954/1580 2103/981/1398 2300/966/1595
f 2312/975/1607 2311/972/1606 2326/982/1621 2327/983/1622
f 2305/976/1600 2304/974/1599 2319/984/1614 2320/985/1615
f 2313/977/1608 2312/975/1607 2327/983/1622 2328/986/1623
f 2384/978/1679 2305/976/1600 2320/985/1615 2385/987/1680
f 2314/963/1609 2313/977/1608 2328/986/1623 2329/988/1624
f 2368/980/1663 2306/979/1601 2321/989/1616 2369/990/1664
f 2300/966/1595 2103/991/1398 2315/992/1610
f 2179/993/1474 2314/963/1609 2329/988/1624
f 2308/965/1603 2307/964/1602 2322/994/1617 2323/995/1618
f 2301/967/1596 2300/966/1595 2315/992/1610 2316/996/1611
f 2309/968/1604 2308/965/1603 2323/995/1618 2324/997/1619
f 2302/969/1597 2301/967/1596 2316/996/1611 2317/998/1612
f 2310/970/1605 2309/968/1604 2324/997/1619 2325/999/1620
f 2435/971/1730 2302/969/1597 2317/998/1612 2436/1000/1731
f 2311/972/1606 2310/970/1605 2325/999/1620 2326/982/1621
f 2304/974/1599 2303/973/1598 2318/1001/1613 2319/984/1614
f 2316/996/1611 2315/992/1610 2330/1002/1625 2331/1003/1626
f 2324/997/1619 2323/995/1618 2338/1004/1633 2339/1005/1634
f 2317/998/1612 2316/996/1611 2331/1003/1626 2332/1006/1627
f 2325/999/1620 2324/997/1619 2339/1005/1634 2340/1007/1635
f 2436/1000/1731 2317/998/1612 2332/1006/1627 2437/1008/1732
f 2326/982/1621 2325/999/1620 2340/1007/1635 2341/1009/1636
f 2319/984/1614 2318/1001/1613 2333/1010/1628 2334/1011/1629
f 2327/983/1622 2326/982/1621 2341/1009/1636 2342/1012/1637
f 2320/985/1615 2319/984/1614 2334/1011/1629 2335/1013/1630
f 2328/986/1623 2327/983/1622 2342/1012/1637 2343/1014/1638
f 2385/987/1680 2320/985/1615 2335/1013/1630 2386/1015/1681
f 2329/988/1624 2328/986/1623 2343/1014/1638 2344/1016/1639
f 2369/990/1664 2321/989/1616 2336/1017/1631 2370/1018/1665
f 2315/992/1610 2103/1019/1398 2330/1002/1625
f 2179/1020/1474 2329/988/1624 2344/1016/1639
f 2323/995/1618 2322/994/1617 2337/1021/1632 2338/1004/1633
f 2335/1013/1630 2334/1011/1629 2098/1022/1393 2348/1023/1643
f 2343/1014/1638 2342/1012/1637 2351/1024/1646 2352/1025/1647
f 2386/1015/1681 2335/1013/1630 2348/1023/1643 2387/1026/1682
f 2344/1016/1639 2343/1014/1638 2352/1025/1647 2353/1027/1648
f 2370/1018/1665 2336/1017/1631 2099/1028/1394 2354/1029/1649
f 2330/1002/1625 2103/1030/1398 2345/1031/1640
f 2179/1032/1474 2344/1016/1639 2353/1027/1648
f 2338/1004/1633 2337/1021/1632 2100/1033/1395 2101/1034/1396
f 2331/1003/1626 2330/1002/1625 2345/1031/1640 2346/1035/1641
f 2339/1005/1634 2338/1004/1633 2101/1034/1396 2349/1036/1644
f 2332/1006/1627 2331/1003/1626 2346/1035/1641 2097/1037/1392
f 2340/1007/1635 2339/1005/1634 2349/1036/1644 2102/1038/1397
f 2437/1008/1732 2332/1006/1627 2097/1037/1392 2438/1039/1733
f 2341/1009/1636 2340/1007/1635 2102/1038/1397 2350/1040/1645
f 2334/1011/1629 2333/1010/1628 2347/1041/1642 2098/1022/1393
f 2342/1012/1637 2341/1009/1636 2350/1040/1645 2351/1024/1646
f 2337/1021/1632 2370/1018/1665 2354/1029/1649 2100/1033/1395
f 2322/994/1617 2369/990/1664 2370/1018/1665 2337/1021/1632
f 2307/964/1602 2368/980/1663 2369/990/1664 2322/994/1617
f 2292/956/1587 2367/952/1662 2368/980/1663 2307/964/1602
f 2277/928/1572 2366/923/1661 2367/952/1662 2292/956/1587
f 2262/918/1557 2365/914/1660 2366/923/1661 2277/928/1572
f 2247/878/1542 2364/871/1659 2365/914/1660 2262/918/1557
f 2232/877/1527 2363/868/1658 2364/871/1659 2247/878/1542
f 2217/833/1512 2362/829/1657 2363/857/1658 2232/861/1527
f 2202/822/1497 2361/815/1656 2362/829/1657 2217/833/1512
f 2400/821/1695 2403/812/1698 2361/815/1656 2202/822/1497
f 2410/767/1705 2420/758/1715 2360/761/1655 2187/768/1482
f 2156/720/1451 2358/716/1653 2359/743/1654 2171/747/1466
f 2141/688/1436 2357/705/1652 2358/716/1653 2156/720/1451
f 2126/676/1421 2356/669/1651 2357/705/1652 2141/688/1436
f 2111/675/1406 2355/666/1650 2356/669/1651 2126/676/1421
f 2336/1017/1631 2386/1015/1681 2387/1026/1682 2099/1028/1394
f 2321/989/1616 2385/987/1680 2386/1015/1681 2336/1017/1631
f 2306/979/1601 2384/978/1679 2385/987/1680 2321/989/1616
f 2291/951/1586 2383/949/1678 2384/978/1679 2306/979/1601
f 2276/922/1571 2382/941/1677 2383/949/1678 2291/951/1586
f 2261/913/1556 2381/911/1676 2382/941/1677 2276/922/1571
f 2246/870/1541 2380/901/1675 2381/911/1676 2261/913/1556
f 2231/869/1526 2379/900/1674 2380/901/1675 2246/870/1541
f 2216/828/1511 2378/825/1673 2379/854/1674 2231/856/1526
f 2201/814/1496 2377/809/1672 2378/825/1673 2216/828/1511
f 2398/813/1693 2404/808/1699 2377/809/1672 2201/814/1496
f 2407/759/1702 2421/752/1716 2376/755/1671 2186/760/1481
f 2155/715/1450 2374/713/1669 2375/740/1670 2170/742/1465
f 2140/704/1435 2373/702/1668 2374/713/1669 2155/715/1450
f 2125/668/1420 2372/663/1667 2373/702/1668 2140/704/1435
f 2110/667/1405 2371/662/1666 2372/663/1667 2125/668/1420
f 2186/760/1481 2376/755/1671 2404/808/1699 2398/813/1693
f 2187/768/1482 2360/761/1655 2403/812/1698 2400/821/1695
f 2189/773/1484 2188/769/1483 2402/820/1697 2391/791/1686
f 2181/771/1476 2180/763/1475 2401/818/1696 2389/787/1684
f 2188/769/1483 2187/768/1482 2400/821/1695 2402/820/1697
f 2360/761/1655 2186/760/1481 2398/813/1693 2403/812/1698
f 2194/757/1489 2193/751/1488 2397/806/1692 2399/810/1694
f 2376/755/1671 2185/754/1480 2396/804/1691 2404/808/1699
f 2193/751/1488 2192/750/1487 2395/802/1690 2397/806/1692
f 2185/754/1480 2184/785/1479 2394/798/1689 2396/804/1691
f 2192/750/1487 2191/781/1486 2393/796/1688 2395/802/1690
f 2184/785/1479 2183/784/1478 2392/799/1687 2394/798/1689
f 2191/781/1486 2190/777/1485 2390/790/1685 2393/796/1688
f 2427/779/1722 2182/775/1477 2388/786/1683 2439/794/1734
f 2190/777/1485 2189/773/1484 2391/791/1686 2390/790/1685
f 2182/775/1477 2181/771/1476 2389/787/1684 2388/786/1683
f 2170/742/1465 2375/740/1670 2421/752/1716 2407/759/1702
f 2171/747/1466 2359/743/1654 2420/758/1715 2410/767/1705
f 2169/738/1464 2168/736/1463 2419/782/1714 2408/753/1703
f 2176/737/1471 2175/734/1470 2418/780/1713 2406/749/1701
f 2168/736/1463 2167/735/1462 2417/783/1712 2419/782/1714
f 2175/734/1470 2174/732/1469 2416/776/1711 2418/780/1713
f 2426/733/1721 2166/731/1461 2415/774/1710 2440/778/1735
f 2174/732/1469 2173/729/1468 2414/772/1709 2416/776/1711
f 2166/731/1461 2165/730/1460 2413/770/1708 2415/774/1710
f 2173/729/1468 2172/728/1467 2412/766/1707 2414/772/1709
f 2165/730/1460 2164/745/1459 2411/764/1706 2413/770/1708
f 2172/728/1467 2171/747/1466 2410/767/1705 2412/766/1707
f 2359/743/1654 2170/742/1465 2407/759/1702 2420/758/1715
f 2178/741/1473 2177/739/1472 2405/748/1700 2409/756/1704
f 2375/740/1670 2169/738/1464 2408/753/1703 2421/752/1716
f 2177/739/1472 2176/737/1471 2406/749/1701 2405/748/1700
f 2167/735/1462 2426/733/1721 2440/778/1735 2417/783/1712
f 2183/784/1478 2427/779/1722 2439/794/1734 2392/799/1687
f 2333/1010/1628 2437/1008/1732 2438/1039/1733 2347/1041/1642
f 2318/1001/1613 2436/1000/1731 2437/1008/1732 2333/1010/1628
f 2303/973/1598 2435/971/1730 2436/1000/1731 2318/1001/1613
f 2288/944/1583 2434/961/1729 2435/971/1730 2303/973/1598
f 2273/936/1568 2433/934/1728 2434/961/1729 2288/944/1583
f 2258/906/1553 2432/903/1727 2433/934/1728 2273/936/1568
f 2243/894/1538 2431/889/1726 2432/903/1727 2258/906/1553
f 2228/893/1523 2430/888/1725 2431/889/1726 2243/894/1538
f 2213/841/1508 2429/839/1724 2430/847/1725 2228/849/1523
f 2198/800/1493 2428/795/1723 2429/839/1724 2213/841/1508
f 2392/799/1687 2439/794/1734 2428/795/1723 2198/800/1493
f 2417/783/1712 2440/778/1735 2427/779/1722 2183/784/1478
f 2152/727/1447 2425/726/1720 2426/733/1721 2167/735/1462
f 2137/697/1432 2424/695/1719 2425/726/1720 2152/727/1447
f 2122/652/1417 2423/687/1718 2424/695/1719 2137/697/1432
f 2107/651/1402 2422/686/1717 2423/687/1718 2122/652/1417
f 2108/650/1403 2445/653/1740 2444/652/1739 2107/651/1402
f 2116/654/1411 2453/657/1748 2452/656/1747 2115/655/1410
f 2109/658/1404 2446/659/1741 2445/653/1740 2108/650/1403
f 2117/660/1412 2454/661/1749 2453/657/1748 2116/654/1411
f 2371/662/1666 2681/663/1976 2446/659/1741 2109/658/1404
f 2118/664/1413 2455/665/1750 2454/661/1749 2117/660/1412
f 2355/666/1650 2666/669/1961 2447/668/1742 2110/667/1405
f 2104/670/1399 2441/672/1736 2103/671/1398
f 2179/673/1474 2455/665/1750 2118/664/1413
f 2112/674/1407 2449/677/1744 2448/676/1743 2111/675/1406
f 2105/678/1400 2442/679/1737 2441/672/1736 2104/670/1399
f 2113/680/1408 2450/681/1745 2449/677/1744 2112/674/1407
f 2106/682/1401 2443/683/1738 2442/679/1737 2105/678/1400
f 2114/684/1409 2451/685/1746 2450/681/1745 2113/680/1408
f 2422/686/1717 2730/687/2025 2443/683/1738 2106/682/1401
f 2115/655/1410 2452/656/1747 2451/685/1746 2114/684/1409
f 2449/677/1744 2464/689/1759 2463/688/1758 2448/676/1743
f 2442/679/1737 2457/691/1752 2456/690/1751 2441/672/1736
f 2450/681/1745 2465/692/1760 2464/689/1759 2449/677/1744
f 2443/683/1738 2458/693/1753 2457/691/1752 2442/679/1737
f 2451/685/1746 2466/694/1761 2465/692/1760 2450/681/1745
f 2730/687/2025 2731/695/2026 2458/693/1753 2443/683/1738
f 2452/656/1747 2467/696/1762 2466/694/1761 2451/685/1746
f 2445/653/1740 2460/698/1755 2459/697/1754 2444/652/1739
f 2453/657/1748 2468/699/1763 2467/696/1762 2452/656/1747
f 2446/659/1741 2461/700/1756 2460/698/1755 2445/653/1740
f 2454/661/1749 2469/701/1764 2468/699/1763 2453/657/1748
f 2681/663/1976 2682/702/1977 2461/700/1756 2446/659/1741
f 2455/665/1750 2470/703/1765 2469/701/1764 2454/661/1749
f 2666/669/1961 2667/705/1962 2462/704/1757 2447/668/1742
f 2441/672/1736 2456/690/1751 2103/706/1398
f 2179/707/1474 2470/703/1765 2455/665/1750
f 2468/699/1763 2483/709/1778 2482/708/1777 2467/696/1762
f 2461/700/1756 2476/711/1771 2475/710/1770 2460/698/1755
f 2469/701/1764 2484/712/1779 2483/709/1778 2468/699/1763
f 2682/702/1977 2683/713/1978 2476/711/1771 2461/700/1756
f 2470/703/1765 2485/714/1780 2484/712/1779 2469/701/1764
f 2667/705/1962 2668/716/1963 2477/715/1772 2462/704/1757
f 2456/690/1751 2471/718/1766 2103/717/1398
f 2179/719/1474 2485/714/1780 2470/703/1765
f 2464/689/1759 2479/721/1774 2478/720/1773 2463/688/1758
f 2457/691/1752 2472/722/1767 2471/718/1766 2456/690/1751
f 2465/692/1760 2480/723/1775 2479/721/1774 2464/689/1759
f 2458/693/1753 2473/724/1768 2472/722/1767 2457/691/1752
f 2466/694/1761 2481/725/1776 2480/723/1775 2465/692/1760
f 2731/695/2026 2732/726/2027 2473/724/1768 2458/693/1753
f 2467/696/1762 2482/708/1777 2481/725/1776 2466/694/1761
f 2460/698/1755 2475/710/1770 2474/727/1769 2459/697/1754
f 2480/723/1775 2495/729/1790 2494/728/1789 2479/721/1774
f 2473/724/1768 2488/731/1783 2487/730/1782 2472/722/1767
f 2481/725/1776 2496/732/1791 2495/729/1790 2480/723/1775
f 2732/726/2027 2733/733/2028 2488/731/1783 2473/724/1768
f 2482/708/1777 2497/734/1792 2496/732/1791 2481/725/1776
f 2475/710/1770 2490/736/1785 2489/735/1784 2474/727/1769
f 2483/709/1778 2498/737/1793 2497/734/1792 2482/708/1777
f 2476/711/1771 2491/738/1786 2490/736/1785 2475/710/1770
f 2484/712/1779 2499/739/1794 2498/737/1793 2483/709/1778
f 2683/713/1978 2684/740/1979 2491/738/1786 2476/711/1771
f 2485/714/1780 2500/741/1795 2499/739/1794 2484/712/1779
f 2668/716/1963 2669/743/1964 2492/742/1787 2477/715/1772
f 2471/718/1766 2486/745/1781 2103/744/1398
f 2179/746/1474 2500/741/1795 2485/714/1780
f 2479/721/1774 2494/728/1789 2493/747/1788 2478/720/1773
f 2472/722/1767 2487/730/1782 2486/745/1781 2471/718/1766
f 2713/748/2008 2514/751/1809 2513/750/1808 2714/749/2009
f 2729/752/2024 2685/755/1980 2506/754/1801 2716/753/2011
f 2717/756/2012 2515/757/1810 2514/751/1809 2713/748/2008
f 2728/758/2023 2670/761/1965 2507/760/1802 2715/759/2010
f 2486/745/1781 2719/764/2014 2501/763/1796 2103/762/1398
f 2179/765/1474 2515/757/1810 2717/756/2012 2500/741/1795
f 2720/766/2015 2509/769/1804 2508/768/1803 2718/767/2013
f 2721/770/2016 2502/771/1797 2501/763/1796 2719/764/2014
f 2722/772/2017 2510/773/1805 2509/769/1804 2720/766/2015
f 2723/774/2018 2503/775/1798 2502/771/1797 2721/770/2016
f 2724/776/2019 2511/777/1806 2510/773/1805 2722/772/2017
f 2746/778/2041 2734/779/2029 2503/775/1798 2723/774/2018
f 2726/780/2021 2512/781/1807 2511/777/1806 2724/776/2019
f 2727/782/2022 2505/785/1800 2504/784/1799 2725/783/2020
f 2714/749/2009 2513/750/1808 2512/781/1807 2726/780/2021
f 2716/753/2011 2506/754/1801 2505/785/1800 2727/782/2022
f 2696/786/1991 2518/789/1813 2517/788/1812 2697/787/1992
f 2698/790/1993 2526/793/1821 2525/792/1820 2699/791/1994
f 2745/794/2040 2735/795/2030 2518/789/1813 2696/786/1991
f 2701/796/1996 2527/797/1822 2526/793/1821 2698/790/1993
f 2702/798/1997 2520/801/1815 2519/800/1814 2700/799/1995
f 2703/802/1998 2528/803/1823 2527/797/1822 2701/796/1996
f 2704/804/1999 2521/805/1816 2520/801/1815 2702/798/1997
f 2705/806/2000 2529/807/1824 2528/803/1823 2703/802/1998
f 2712/808/2007 2686/809/1981 2521/805/1816 2704/804/1999
f 2707/810/2002 2530/811/1825 2529/807/1824 2705/806/2000
f 2711/812/2006 2671/815/1966 2522/814/1817 2706/813/2001
f 2501/763/1796 2709/818/2004 2516/817/1811 2103/816/1398
f 2179/819/1474 2530/811/1825 2707/810/2002 2515/757/1810
f 2710/820/2005 2524/823/1819 2523/822/1818 2708/821/2003
f 2697/787/1992 2517/788/1812 2516/817/1811 2709/818/2004
f 2699/791/1994 2525/792/1820 2524/823/1819 2710/820/2005
f 2686/809/1981 2687/825/1982 2536/824/1831 2521/805/1816
f 2530/811/1825 2545/827/1840 2544/826/1839 2529/807/1824
f 2671/815/1966 2672/829/1967 2537/828/1832 2522/814/1817
f 2516/817/1811 2531/831/1826 2103/830/1398
f 2179/832/1474 2545/827/1840 2530/811/1825
f 2524/823/1819 2539/834/1834 2538/833/1833 2523/822/1818
f 2517/788/1812 2532/835/1827 2531/831/1826 2516/817/1811
f 2525/792/1820 2540/836/1835 2539/834/1834 2524/823/1819
f 2518/789/1813 2533/837/1828 2532/835/1827 2517/788/1812
f 2526/793/1821 2541/838/1836 2540/836/1835 2525/792/1820
f 2735/795/2030 2736/839/2031 2533/837/1828 2518/789/1813
f 2527/797/1822 2542/840/1837 2541/838/1836 2526/793/1821
f 2520/801/1815 2535/842/1830 2534/841/1829 2519/800/1814
f 2528/803/1823 2543/843/1838 2542/840/1837 2527/797/1822
f 2521/805/1816 2536/824/1831 2535/842/1830 2520/801/1815
f 2529/807/1824 2544/826/1839 2543/843/1838 2528/803/1823
f 2541/838/1836 2556/845/1851 2555/844/1850 2540/836/1835
f 2736/839/2031 2737/847/2032 2548/846/1843 2533/837/1828
f 2542/840/1837 2557/848/1852 2556/845/1851 2541/838/1836
f 2535/842/1830 2550/850/1845 2549/849/1844 2534/841/1829
f 2543/843/1838 2558/851/1853 2557/848/1852 2542/840/1837
f 2536/824/1831 2551/852/1846 2550/850/1845 2535/842/1830
f 2544/826/1839 2559/853/1854 2558/851/1853 2543/843/1838
f 2687/825/1982 2688/854/1983 2551/852/1846 2536/824/1831
f 2545/827/1840 2560/855/1855 2559/853/1854 2544/826/1839
f 2672/829/1967 2673/857/1968 2552/856/1847 2537/828/1832
f 2531/831/1826 2546/859/1841 2103/858/1398
f 2179/860/1474 2560/855/1855 2545/827/1840
f 2539/834/1834 2554/862/1849 2553/861/1848 2538/833/1833
f 2532/835/1827 2547/863/1842 2546/859/1841 2531/831/1826
f 2540/836/1835 2555/844/1850 2554/862/1849 2539/834/1834
f 2533/837/1828 2548/846/1843 2547/863/1842 2532/835/1827
f 2560/864/1855 2575/867/1870 2574/866/1869 2559/865/1854
f 2673/868/1968 2674/871/1969 2567/870/1862 2552/869/1847
f 2546/872/1841 2561/874/1856 2103/873/1398
f 2179/875/1474 2575/867/1870 2560/864/1855
f 2554/876/1849 2569/879/1864 2568/878/1863 2553/877/1848
f 2547/880/1842 2562/881/1857 2561/874/1856 2546/872/1841
f 2555/882/1850 2570/883/1865 2569/879/1864 2554/876/1849
f 2548/884/1843 2563/885/1858 2562/881/1857 2547/880/1842
f 2556/886/1851 2571/887/1866 2570/883/1865 2555/882/1850
f 2737/888/2032 2738/889/2033 2563/885/1858 2548/884/1843
f 2557/890/1852 2572/891/1867 2571/887/1866 2556/886/1851
f 2550/892/1845 2565/895/1860 2564/894/1859 2549/893/1844
f 2558/896/1853 2573/897/1868 2572/891/1867 2557/890/1852
f 2551/898/1846 2566/899/1861 2565/895/1860 2550/892/1845
f 2559/865/1854 2574/866/1869 2573/897/1868 2558/896/1853
f 2688/900/1983 2689/901/1984 2566/899/1861 2551/898/1846
f 2738/889/2033 2739/903/2034 2578/902/1873 2563/885/1858
f 2572/891/1867 2587/905/1882 2586/904/1881 2571/887/1866
f 2565/895/1860 2580/907/1875 2579/906/1874 2564/894/1859
f 2573/897/1868 2588/908/1883 2587/905/1882 2572/891/1867
f 2566/899/1861 2581/909/1876 2580/907/1875 2565/895/1860
f 2574/866/1869 2589/910/1884 2588/908/1883 2573/897/1868
f 2689/901/1984 2690/911/1985 2581/909/1876 2566/899/1861
f 2575/867/1870 2590/912/1885 2589/910/1884 2574/866/1869
f 2674/871/1969 2675/914/1970 2582/913/1877 2567/870/1862
f 2561/874/1856 2576/916/1871 2103/915/1398
f 2179/917/1474 2590/912/1885 2575/867/1870
f 2569/879/1864 2584/919/1879 2583/918/1878 2568/878/1863
f 2562/881/1857 2577/920/1872 2576/916/1871 2561/874/1856
f 2570/883/1865 2585/921/1880 2584/919/1879 2569/879/1864
f 2563/885/1858 2578/902/1873 2577/920/1872 2562/881/1857
f 2571/887/1866 2586/904/1881 2585/921/1880 2570/883/1865
f 2675/914/1970 2676/923/1971 2597/922/1892 2582/913/1877
f 2576/916/1871 2591/925/1886 2103/924/1398
f 2179/926/1474 2605/927/1900 2590/912/1885
f 2584/919/1879 2599/929/1894 2598/928/1893 2583/918/1878
f 2577/920/1872 2592/930/1887 2591/925/1886 2576/916/1871
f 2585/921/1880 2600/931/1895 2599/929/1894 2584/919/1879
f 2578/902/1873 2593/932/1888 2592/930/1887 2577/920/1872
f 2586/904/1881 2601/933/1896 2600/931/1895 2585/921/1880
f 2739/903/2034 2740/934/2035 2593/932/1888 2578/902/1873
f 2587/905/1882 2602/935/1897 2601/933/1896 2586/904/1881
f 2580/907/1875 2595/937/1890 2594/936/1889 2579/906/1874
f 2588/908/1883 2603/938/1898 2602/935/1897 2587/905/1882
f 2581/909/1876 2596/939/1891 2595/937/1890 2580/907/1875
f 2589/910/1884 2604/940/1899 2603/938/1898 2588/908/1883
f 2690/911/1985 2691/941/1986 2596/939/1891 2581/909/1876
f 2590/912/1885 2605/927/1900 2604/940/1899 2589/910/1884
f 2602/935/1897 2617/943/1912 2616/942/1911 2601/933/1896
f 2595/937/1890 2610/945/1905 2609/944/1904 2594/936/1889
f 2603/938/1898 2618/946/1913 2617/943/1912 2602/935/1897
f 2596/939/1891 2611/947/1906 2610/945/1905 2595/937/1890
f 2604/940/1899 2619/948/1914 2618/946/1913 2603/938/1898
f 2691/941/1986 2692/949/1987 2611/947/1906 2596/939/1891
f 2605/927/1900 2620/950/1915 2619/948/1914 2604/940/1899
f 2676/923/1971 2677/952/1972 2612/951/1907 2597/922/1892
f 2591/925/1886 2606/954/1901 2103/953/1398
f 2179/955/1474 2620/950/1915 2605/927/1900
f 2599/929/1894 2614/957/1909 2613/956/1908 2598/928/1893
f 2592/930/1887 2607/958/1902 2606/954/1901 2591/925/1886
f 2600/931/1895 2615/959/1910 2614/957/1909 2599/929/1894
f 2593/932/1888 2608/960/1903 2607/958/1902 2592/930/1887
f 2601/933/1896 2616/942/1911 2615/959/1910 2600/931/1895
f 2740/934/2035 2741/961/2036 2608/960/1903 2593/932/1888
f 2179/962/1474 2635/963/1930 2620/950/1915
f 2614/957/1909 2629/965/1924 2628/964/1923 2613/956/1908
f 2607/958/1902 2622/967/1917 2621/966/1916 2606/954/1901
f 2615/959/1910 2630/968/1925 2629/965/1924 2614/957/1909
f 2608/960/1903 2623/969/1918 2622/967/1917 2607/958/1902
f 2616/942/1911 2631/970/1926 2630/968/1925 2615/959/1910
f 2741/961/2036 2742/971/2037 2623/969/1918 2608/960/1903
f 2617/943/1912 2632/972/1927 2631/970/1926 2616/942/1911
f 2610/945/1905 2625/974/1920 2624/973/1919 2609/944/1904
f 2618/946/1913 2633/975/1928 2632/972/1927 2617/943/1912
f 2611/947/1906 2626/976/1921 2625/974/1920 2610/945/1905
f 2619/948/1914 2634/977/1929 2633/975/1928 2618/946/1913
f 2692/949/1987 2693/978/1988 2626/976/1921 2611/947/1906
f 2620/950/1915 2635/963/1930 2634/977/1929 2619/948/1914
f 2677/952/1972 2678/980/1973 2627/979/1922 2612/951/1907
f 2606/954/1901 2621/966/1916 2103/981/1398
f 2633/975/1928 2648/983/1943 2647/982/1942 2632/972/1927
f 2626/976/1921 2641/985/1936 2640/984/1935 2625/974/1920
f 2634/977/1929 2649/986/1944 2648/983/1943 2633/975/1928
f 2693/978/1988 2694/987/1989 2641/985/1936 2626/976/1921
f 2635/963/1930 2650/988/1945 2649/986/1944 2634/977/1929
f 2678/980/1973 2679/990/1974 2642/989/1937 2627/979/1922
f 2621/966/1916 2636/992/1931 2103/991/1398
f 2179/993/1474 2650/988/1945 2635/963/1930
f 2629/965/1924 2644/995/1939 2643/994/1938 2628/964/1923
f 2622/967/1917 2637/996/1932 2636/992/1931 2621/966/1916
f 2630/968/1925 2645/997/1940 2644/995/1939 2629/965/1924
f 2623/969/1918 2638/998/1933 2637/996/1932 2622/967/1917
f 2631/970/1926 2646/999/1941 2645/997/1940 2630/968/1925
f 2742/971/2037 2743/1000/2038 2638/998/1933 2623/969/1918
f 2632/972/1927 2647/982/1942 2646/999/1941 2631/970/1926
f 2625/974/1920 2640/984/1935 2639/1001/1934 2624/973/1919
f 2637/996/1932 2652/1003/1947 2651/1002/1946 2636/992/1931
f 2645/997/1940 2660/1005/1955 2659/1004/1954 2644/995/1939
f 2638/998/1933 2653/1006/1948 2652/1003/1947 2637/996/1932
f 2646/999/1941 2661/1007/1956 2660/1005/1955 2645/997/1940
f 2743/1000/2038 2744/1008/2039 2653/1006/1948 2638/998/1933
f 2647/982/1942 2662/1009/1957 2661/1007/1956 2646/999/1941
f 2640/984/1935 2655/1011/1950 2654/1010/1949 2639/1001/1934
f 2648/983/1943 2663/1012/1958 2662/1009/1957 2647/982/1942
f 2641/985/1936 2656/1013/1951 2655/1011/1950 2640/984/1935
f 2649/986/1944 2664/1014/1959 2663/1012/1958 2648/983/1943
f 2694/987/1989 2695/1015/1990 2656/1013/1951 2641/985/1936
f 2650/988/1945 2665/1016/1960 2664/1014/1959 2649/986/1944
f 2679/990/1974 2680/1018/1975 2657/1017/1952 2642/989/1937
f 2636/992/1931 2651/1002/1946 2103/1019/1398
f 2179/1020/1474 2665/1016/1960 2650/988/1945
f 2644/995/1939 2659/1004/1954 2658/1021/1953 2643/994/1938
f 2656/1013/1951 2348/1023/1643 2098/1022/1393 2655/1011/1950
f 2664/1014/1959 2352/1025/1647 2351/1024/1646 2663/1012/1958
f 2695/1015/1990 2387/1026/1682 2348/1023/1643 2656/1013/1951
f 2665/1016/1960 2353/1027/1648 2352/1025/1647 2664/1014/1959
f 2680/1018/1975 2354/1029/1649 2099/1028/1394 2657/1017/1952
f 2651/1002/1946 2345/1031/1640 2103/1030/1398
f 2179/1032/1474 2353/1027/1648 2665/1016/1960
f 2659/1004/1954 2101/1034/1396 2100/1033/1395 2658/1021/1953
f 2652/1003/1947 2346/1035/1641 2345/1031/1640 2651/1002/1946
f 2660/1005/1955 2349/1036/1644 2101/1034/1396 2659/1004/1954
f 2653/1006/1948 2097/1037/1392 2346/1035/1641 2652/1003/1947
f 2661/1007/1956 2102/1038/1397 2349/1036/1644 2660/1005/1955
f 2744/1008/2039 2438/1039/1733 2097/1037/1392 2653/1006/1948
f 2662/1009/1957 2350/1040/1645 2102/1038/1397 2661/1007/1956
f 2655/1011/1950 2098/1022/1393 2347/1041/1642 2654/1010/1949
f 2663/1012/1958 2351/1024/1646 2350/1040/1645 2662/1009/1957
f 2658/1021/1953 2100/1033/1395 2354/1029/1649 2680/1018/1975
f 2643/994/1938 2658/1021/1953 2680/1018/1975 2679/990/1974
f 2628/964/1923 2643/994/1938 2679/990/1974 2678/980/1973
f 2613/956/1908 2628/964/1923 2678/980/1973 2677/952/1972
f 2598/928/1893 2613/956/1908 2677/952/1972 2676/923/1971
f 2583/918/1878 2598/928/1893 2676/923/1971 2675/914/1970
f 2568/878/1863 2583/918/1878 2675/914/1970 2674/871/1969
f 2553/877/1848 2568/878/1863 2674/871/1969 2673/868/1968
f 2538/833/1833 2553/861/1848 2673/857/1968 2672/829/1967
f 2523/822/1818 2538/833/1833 2672/829/1967 2671/815/1966
f 2708/821/2003 2523/822/1818 2671/815/1966 2711/812/2006
f 2718/767/2013 2508/768/1803 2670/761/1965 2728/758/2023
f 2478/720/1773 2493/747/1788 2669/743/1964 2668/716/1963
f 2463/688/1758 2478/720/1773 2668/716/1963 2667/705/1962
f 2448/676/1743 2463/688/1758 2667/705/1962 2666/669/1961
f 2111/675/1406 2448/676/1743 2666/669/1961 2355/666/1650
f 2657/1017/1952 2099/1028/1394 2387/1026/1682 2695/1015/1990
f 2642/989/1937 2657/1017/1952 2695/1015/1990 2694/987/1989
f 2627/979/1922 2642/989/1937 2694/987/1989 2693/978/1988
f 2612/951/1907 2627/979/1922 2693/978/1988 2692/949/1987
f 2597/922/1892 2612/951/1907 2692/949/1987 2691/941/1986
f 2582/913/1877 2597/922/1892 2691/941/1986 2690/911/1985
f 2567/870/1862 2582/913/1877 2690/911/1985 2689/901/1984
f 2552/869/1847 2567/870/1862 2689/901/1984 2688/900/1983
f 2537/828/1832 2552/856/1847 2688/854/1983 2687/825/1982
f 2522/814/1817 2537/828/1832 2687/825/1982 2686/809/1981
f 2706/813/2001 2522/814/1817 2686/809/1981 2712/808/2007
f 2715/759/2010 2507/760/1802 2685/755/1980 2729/752/2024
f 2477/715/1772 2492/742/1787 2684/740/1979 2683/713/1978
f 2462/704/1757 2477/715/1772 2683/713/1978 2682/702/1977
f 2447/668/1742 2462/704/1757 2682/702/1977 2681/663/1976
f 2110/667/1405 2447/668/1742 2681/663/1976 2371/662/1666
f 2507/760/1802 2706/813/2001 2712/808/2007 2685/755/1980
f 2508/768/1803 2708/821/2003 2711/812/2006 2670/761/1965
f 2510/773/1805 2699/791/1994 2710/820/2005 2509/769/1804
f 2502/771/1797 2697/787/1992 2709/818/2004 2501/763/1796
f 2509/769/1804 2710/820/2005 2708/821/2003 2508/768/1803
f 2670/761/1965 2711/812/2006 2706/813/2001 2507/760/1802
f 2515/757/1810 2707/810/2002 2705/806/2000 2514/751/1809
f 2685/755/1980 2712/808/2007 2704/804/1999 2506/754/1801
f 2514/751/1809 2705/806/2000 2703/802/1998 2513/750/1808
f 2506/754/1801 2704/804/1999 2702/798/1997 2505/785/1800
f 2513/750/1808 2703/802/1998 2701/796/1996 2512/781/1807
f 2505/785/1800 2702/798/1997 2700/799/1995 2504/784/1799
f 2512/781/1807 2701/796/1996 2698/790/1993 2511/777/1806
f 2734/779/2029 2745/794/2040 2696/786/1991 2503/775/1798
f 2511/777/1806 2698/790/1993 2699/791/1994 2510/773/1805
f 2503/775/1798 2696/786/1991 2697/787/1992 2502/771/1797
f 2492/742/1787 2715/759/2010 2729/752/2024 2684/740/1979
f 2493/747/1788 2718/767/2013 2728/758/2023 2669/743/1964
f 2491/738/1786 2716/753/2011 2727/782/2022 2490/736/1785
f 2498/737/1793 2714/749/2009 2726/780/2021 2497/734/1792
f 2490/736/1785 2727/782/2022 2725/783/2020 2489/735/1784
f 2497/734/1792 2726/780/2021 2724/776/2019 2496/732/1791
f 2733/733/2028 2746/778/2041 2723/774/2018 2488/731/1783
f 2496/732/1791 2724/776/2019 2722/772/2017 2495/729/1790
f 2488/731/1783 2723/774/2018 2721/770/2016 2487/730/1782
f 2495/729/1790 2722/772/2017 2720/766/2015 2494/728/1789
f 2487/730/1782 2721/770/2016 2719/764/2014 2486/745/1781
f 2494/728/1789 2720/766/2015 2718/767/2013 2493/747/1788
f 2669/743/1964 2728/758/2023 2715/759/2010 2492/742/1787
f 2500/741/1795 2717/756/2012 2713/748/2008 2499/739/1794
f 2684/740/1979 2729/752/2024 2716/753/2011 2491/738/1786
f 2499/739/1794 2713/748/2008 2714/749/2009 2498/737/1793
f 2489/735/1784 2725/783/2020 2746/778/2041 2733/733/2028
f 2504/784/1799 2700/799/1995 2745/794/2040 2734/779/2029
f 2654/1010/1949 2347/1041/1642 2438/1039/1733 2744/1008/2039
f 2639/1001/1934 2654/1010/1949 2744/1008/2039 2743/1000/2038
f 2624/973/1919 2639/1001/1934 2743/1000/2038 2742/971/2037
f 2609/944/1904 2624/973/1919 2742/971/2037 2741/961/2036
f 2594/936/1889 2609/944/1904 2741/961/2036 2740/934/2035
f 2579/906/1874 2594/936/1889 2740/934/2035 2739/903/2034
f 2564/894/1859 2579/906/1874 2739/903/2034 2738/889/2033
f 2549/893/1844 2564/894/1859 2738/889/2033 2737/888/2032
f 2534/841/1829 2549/849/1844 2737/847/2032 2736/839/2031
f 2519/800/1814 2534/841/1829 2736/839/2031 2735/795/2030
f 2700/799/1995 2519/800/1814 2735/795/2030 2745/794/2040
f 2725/783/2020 2504/784/1799 2734/779/2029 2746/778/2041
f 2474/727/1769 2489/735/1784 2733/733/2028 2732/726/2027
f 2459/697/1754 2474/727/1769 2732/726/2027 2731/695/2026
f 2444/652/1739 2459/697/1754 2731/695/2026 2730/687/2025
f 2107/651/1402 2444/652/1739 2730/687/2025 2422/686/1717
o eyes
v -0.455134 2.417525 0.613945
v -0.455134 2.325953 0.522372
v -0.455134 2.206308 0.472813
v -0.455134 2.141556 0.466436
v -0.455134 2.076804 0.472813
v -0.455134 1.957159 0.522372
v -0.442501 2.467084 0.734834
v -0.430354 2.448197 0.673767
v -0.419160 2.417525 0.617488
v -0.409347 2.376249 0.568158
v -0.401295 2.325953 0.527675
v -0.395311 2.268571 0.497593
v -0.391626 2.206308 0.479068
v -0.390382 2.141556 0.472813
v -0.391626 2.076804 0.479068
v -0.395311 2.014541 0.497593
v -0.401295 1.957159 0.527675
v -0.409347 1.906863 0.568158
v -0.419160 1.865587 0.617488
v -0.430354 1.834915 0.673767
v -0.442501 1.816028 0.734834
v -0.430354 2.467084 0.738519
v -0.406527 2.448197 0.680995
v -0.384568 2.417525 0.627981
v -0.365321 2.376249 0.581514
v -0.349525 2.325953 0.543379
v -0.337787 2.268571 0.515042
v -0.330559 2.206308 0.497593
v -0.328119 2.141556 0.491701
v -0.330559 2.076804 0.497593
v -0.337787 2.014541 0.515042
v -0.349525 1.957159 0.543379
v -0.365321 1.906863 0.581514
v -0.384568 1.865587 0.627981
v -0.406527 1.834915 0.680995
v -0.430354 1.816028 0.738519
v -0.419160 2.467084 0.744503
v -0.384568 2.448197 0.692733
v -0.352688 2.417525 0.645021
v -0.324745 2.376249 0.603202
v -0.301813 2.325953 0.568881
v -0.284773 2.268571 0.543379
v -0.274280 2.206308 0.527675
v -0.270737 2.141556 0.522372
v -0.274280 2.076804 0.527675
v -0.284773 2.014541 0.543379
v -0.301813 1.957159 0.568881
v -0.324745 1.906863 0.603202
v -0.352688 1.865587 0.645021
v -0.384568 1.834915 0.692733
v -0.419160 1.816028 0.744503
v -0.409347 2.467084 0.752555
v -0.365321 2.448197 0.708529
v -0.324745 2.417525 0.667953
v -0.289181 2.376249 0.632389
v -0.259994 2.325953 0.603202
v -0.238306 2.268571 0.581514
v -0.224951 2.206308 0.568158
v -0.220441 2.141556 0.563649
v -0.224951 2.076804 0.568158
v -0.238306 2.014541 0.581514
v -0.259994 1.957159 0.603202
v -0.289181 1.906863 0.632389
v -0.324745 1.865587 0.667953
v -0.365321 1.834915 0.708529
v -0.409347 1.816028 0.752555
v -0.401295 2.467084 0.762367
v -0.349525 2.448197 0.727776
v -0.301813 2.417525 0.695896
v -0.259994 2.376249 0.667953
v -0.225674 2.325953 0.645021
v -0.200171 2.268571 0.627981
v -0.184467 2.206308 0.617488
v -0.179164 2.141556 0.613945
v -0.184467 2.076804 0.617488
v -0.200171 2.014541 0.627981
v -0.225674 1.957159 0.645021
v -0.259994 1.906863 0.667953
v -0.301813 1.865587 0.695896
v -0.349525 1.834915 0.727776
v -0.401295 1.816028 0.762367
v -0.455134 2.473462 0.798342
v -0.395311 2.467084 0.773562
v -0.337787 2.448197 0.749735
v -0.284773 2.417525 0.727776
v -0.238306 2.376249 0.708529
v -0.200171 2.325953 0.692733
v -0.171835 2.268571 0.680995
v -0.154385 2.206308 0.673767
v -0.148493 2.141556 0.671327
v -0.154385 2.076804 0.673767
v -0.171835 2.014541 0.680995
v -0.200171 1.957159 0.692733
v -0.238306 1.906863 0.708529
v -0.284773 1.865587 0.727776
v -0.337787 1.834915 0.749735
v -0.395311 1.816028 0.773562
v -0.391626 2.467084 0.785709
v -0.330560 2.448197 0.773562
v -0.274280 2.417525 0.762367
v -0.224951 2.376249 0.752555
v -0.184467 2.325953 0.744503
v -0.154385 2.268571 0.738519
v -0.135861 2.206308 0.734834
v -0.129606 2.141556 0.733590
v -0.135861 2.076804 0.734834
v -0.154385 2.014541 0.738519
v -0.184467 1.957159 0.744503
v -0.224951 1.906863 0.752555
v -0.274280 1.865587 0.762367
v -0.330560 1.834915 0.773562
v -0.391626 1.816028 0.785709
v -0.390382 2.467084 0.798342
v -0.328119 2.448197 0.798342
v -0.270737 2.417525 0.798342
v -0.220441 2.376249 0.798342
v -0.179164 2.325953 0.798342
v -0.148493 2.268571 0.798342
v -0.129606 2.206308 0.798342
v -0.123228 2.141556 0.798342
v -0.129606 2.076804 0.798342
v -0.148493 2.014541 0.798342
v -0.179164 1.957159 0.798342
v -0.220441 1.906863 0.798342
v -0.270737 1.865587 0.798342
v -0.328119 1.834915 0.798342
v -0.390382 1.816028 0.798342
v -0.391626 2.467084 0.810974
v -0.330560 2.448197 0.823121
v -0.274280 2.417525 0.834316
v -0.224951 2.376249 0.844128
v -0.184467 2.325953 0.852180
v -0.154385 2.268571 0.858164
v -0.135861 2.206308 0.861849
v -0.129606 2.141556 0.863093
v -0.135861 2.076804 0.861849
v -0.154385 2.014541 0.858164
v -0.184467 1.957159 0.852180
v -0.224951 1.906863 0.844128
v -0.274280 1.865587 0.834316
v -0.330560 1.834915 0.823121
v -0.391626 1.816028 0.810974
v -0.395311 2.467084 0.823121
v -0.337787 2.448197 0.846948
v -0.284773 2.417525 0.868907
v -0.238306 2.376249 0.888155
v -0.200171 2.325953 0.903950
v -0.171835 2.268571 0.915688
v -0.154385 2.206308 0.922916
v -0.148493 2.141556 0.925356
v -0.154385 2.076804 0.922916
v -0.171835 2.014541 0.915688
v -0.200171 1.957159 0.903950
v -0.238306 1.906863 0.888155
v -0.284773 1.865587 0.868907
v -0.337787 1.834915 0.846948
v -0.395311 1.816028 0.823121
v -0.401295 2.467084 0.834316
v -0.349525 2.448197 0.868907
v -0.301813 2.417525 0.900787
v -0.259994 2.376249 0.928730
v -0.225674 2.325953 0.951662
v -0.200171 2.268571 0.968702
v -0.184467 2.206308 0.979195
v -0.179164 2.141556 0.982738
v -0.184467 2.076804 0.979195
v -0.200171 2.014541 0.968702
v -0.225674 1.957159 0.951662
v -0.259994 1.906863 0.928730
v -0.301813 1.865587 0.900787
v -0.349525 1.834915 0.868907
v -0.401295 1.816028 0.834316
v -0.409347 2.467084 0.844128
v -0.365321 2.448197 0.888155
v -0.324746 2.417525 0.928730
v -0.289181 2.376249 0.964294
v -0.259994 2.325953 0.993481
v -0.238306 2.268571 1.015169
v -0.224951 2.206308 1.028525
v -0.220441 2.141556 1.033034
v -0.224951 2.076804 1.028525
v -0.238306 2.014541 1.015169
v -0.259994 1.957159 0.993481
v -0.289181 1.906863 0.964294
v -0.324746 1.865587 0.928730
v -0.365321 1.834915 0.888155
v -0.409347 1.816028 0.844128
v -0.419160 2.467084 0.852180
v -0.384568 2.448197 0.903950
v -0.352688 2.417525 0.951662
v -0.324745 2.376249 0.993481
v -0.301813 2.325953 1.027802
v -0.284773 2.268571 1.053304
v -0.274280 2.206308 1.069008
v -0.270737 2.141556 1.074311
v -0.274280 2.076804 1.069008
v -0.284773 2.014541 1.053304
v -0.301813 1.957159 1.027802
v -0.324745 1.906863 0.993481
v -0.352688 1.865587 0.951662
v -0.384568 1.834915 0.903950
v -0.419160 1.816028 0.852180
v -0.430354 2.467084 0.858164
v -0.406527 2.448197 0.915688
v -0.384568 2.417525 0.968702
v -0.365321 2.376249 1.015169
v -0.349525 2.325953 1.053304
v -0.337787 2.268571 1.081640
v -0.330560 2.206308 1.099090
v -0.328119 2.141556 1.104982
v -0.330560 2.076804 1.099090
v -0.337787 2.014541 1.081640
v -0.349525 1.957159 1.053304
v -0.365321 1.906863 1.015169
v -0.384568 1.865587 0.968702
v -0.406527 1.834915 0.915688
v -0.430354 1.816028 0.858164
v -0.442501 2.467084 0.861849
v -0.430354 2.448197 0.922916
v -0.419160 2.417525 0.979195
v -0.409347 2.376249 1.028525
v -0.401295 2.325953 1.069008
v -0.395311 2.268571 1.099090
v -0.391626 2.206308 1.117615
v -0.390382 2.141556 1.123869
v -0.391626 2.076804 1.117615
v -0.395311 2.014541 1.099090
v -0.401295 1.957159 1.069008
v -0.409347 1.906863 1.028525
v -0.419160 1.865587 0.979195
v -0.430354 1.834915 0.922916
v -0.442501 1.816028 0.861849
v -0.455134 2.467084 0.863093
v -0.455134 2.448197 0.925356
v -0.455134 2.417525 0.982738
v -0.455134 2.376249 1.033034
v -0.455134 2.325953 1.074311
v -0.455134 2.268571 1.104982
v -0.455134 2.206308 1.123869
v -0.455134 2.141556 1.130247
v -0.455134 2.076804 1.123869
v -0.455134 2.014541 1.104982
v -0.455134 1.957159 1.074311
v -0.455134 1.906863 1.033034
v -0.455134 1.865587 0.982738
v -0.455134 1.834915 0.925356
v -0.455134 1.816028 0.863093
v -0.467766 2.467084 0.861849
v -0.479913 2.448197 0.922916
v -0.491108 2.417525 0.979195
v -0.500920 2.376249 1.028525
v -0.508973 2.325953 1.069008
v -0.514956 2.268571 1.099090
v -0.518641 2.206308 1.117615
v -0.519885 2.141556 1.123869
v -0.518641 2.076804 1.117615
v -0.514956 2.014541 1.099090
v -0.508973 1.957159 1.069008
v -0.500920 1.906863 1.028525
v -0.491108 1.865587 0.979195
v -0.479913 1.834915 0.922916
v -0.467766 1.816028 0.861849
v -0.479913 2.467084 0.858164
v -0.503740 2.448197 0.915688
v -0.525699 2.417525 0.968702
v -0.544947 2.376249 1.015169
v -0.560743 2.325953 1.053304
v -0.572480 2.268571 1.081640
v -0.579708 2.206308 1.099090
v -0.582148 2.141556 1.104982
v -0.579708 2.076804 1.099090
v -0.572480 2.014541 1.081640
v -0.560743 1.957159 1.053304
v -0.544947 1.906863 1.015169
v -0.525699 1.865587 0.968702
v -0.503740 1.834915 0.915688
v -0.479913 1.816028 0.858164
v -0.491108 2.467084 0.852180
v -0.525699 2.448197 0.903950
v -0.557579 2.417525 0.951662
v -0.585522 2.376249 0.993481
v -0.608454 2.325953 1.027802
v -0.625494 2.268571 1.053304
v -0.635987 2.206308 1.069008
v -0.639531 2.141556 1.074311
v -0.635987 2.076804 1.069008
v -0.625494 2.014541 1.053304
v -0.608454 1.957159 1.027802
v -0.585522 1.906863 0.993481
v -0.557579 1.865587 0.951662
v -0.525699 1.834915 0.903950
v -0.491108 1.816028 0.852180
v -0.500920 2.467084 0.844128
v -0.544947 2.448197 0.888154
v -0.585522 2.417525 0.928730
v -0.621086 2.376249 0.964294
v -0.650273 2.325953 0.993481
v -0.671961 2.268571 1.015169
v -0.685317 2.206308 1.028525
v -0.689826 2.141556 1.033034
v -0.685317 2.076804 1.028525
v -0.671961 2.014541 1.015169
v -0.650273 1.957159 0.993481
v -0.621086 1.906863 0.964294
v -0.585522 1.865587 0.928730
v -0.544947 1.834915 0.888154
v -0.500920 1.816028 0.844128
v -0.455134 1.809650 0.798342
v -0.508973 2.467084 0.834316
v -0.560743 2.448197 0.868907
v -0.608454 2.417525 0.900787
v -0.650273 2.376249 0.928730
v -0.684594 2.325953 0.951662
v -0.710096 2.268571 0.968702
v -0.725800 2.206308 0.979195
v -0.731103 2.141556 0.982738
v -0.725800 2.076804 0.979195
v -0.710096 2.014541 0.968702
v -0.684594 1.957159 0.951662
v -0.650273 1.906863 0.928730
v -0.608454 1.865587 0.900787
v -0.560743 1.834915 0.868907
v -0.508973 1.816028 0.834316
v -0.514956 2.467084 0.823121
v -0.572480 2.448197 0.846948
v -0.625494 2.417525 0.868907
v -0.671961 2.376249 0.888155
v -0.710096 2.325953 0.903950
v -0.738433 2.268571 0.915688
v -0.755882 2.206308 0.922916
v -0.761774 2.141556 0.925356
v -0.755882 2.076804 0.922916
v -0.738433 2.014541 0.915688
v -0.710096 1.957159 0.903950
v -0.671961 1.906863 0.888155
v -0.625494 1.865587 0.868907
v -0.572480 1.834915 0.846948
v -0.514956 1.816028 0.823121
v -0.518641 2.467084 0.810974
v -0.579708 2.448197 0.823121
v -0.635987 2.417525 0.834315
v -0.685317 2.376249 0.844128
v -0.725800 2.325953 0.852180
v -0.755882 2.268571 0.858164
v -0.774407 2.206308 0.861849
v -0.780661 2.141556 0.863093
v -0.774407 2.076804 0.861849
v -0.755882 2.014541 0.858164
v -0.725800 1.957159 0.852180
v -0.685317 1.906863 0.844128
v -0.635987 1.865587 0.834315
v -0.579708 1.834915 0.823121
v -0.518641 1.816028 0.810974
v -0.519885 2.467084 0.798342
v -0.582148 2.448197 0.798342
v -0.639530 2.417525 0.798341
v -0.689826 2.376249 0.798342
v -0.731103 2.325953 0.798341
v -0.761774 2.268571 0.798342
v -0.780662 2.206308 0.798341
v -0.787039 2.141556 0.798341
v -0.780662 2.076804 0.798341
v -0.761774 2.014541 0.798342
v -0.731103 1.957159 0.798341
v -0.689826 1.906863 0.798342
v -0.639530 1.865587 0.798341
v -0.582148 1.834915 0.798342
v -0.519885 1.816028 0.798342
v -0.518641 2.467084 0.785709
v -0.579708 2.448197 0.773562
v -0.635987 2.417525 0.762367
v -0.685317 2.376249 0.752555
v -0.725800 2.325953 0.744503
v -0.755882 2.268571 0.738519
v -0.774407 2.206308 0.734834
v -0.780661 2.141556 0.733590
v -0.774407 2.076804 0.734834
v -0.755882 2.014541 0.738519
v -0.725800 1.957159 0.744503
v -0.685317 1.906863 0.752555
v -0.635987 1.865587 0.762367
v -0.579708 1.834915 0.773562
v -0.518641 1.816028 0.785709
v -0.514956 2.467084 0.773562
v -0.572480 2.448197 0.749735
v -0.625494 2.417525 0.727776
v -0.671961 2.376249 0.708529
v -0.710096 2.325953 0.692733
v -0.738433 2.268571 0.680995
v -0.755882 2.206308 0.673767
v -0.761774 2.141556 0.671327
v -0.755882 2.076804 0.673767
v -0.738433 2.014541 0.680995
v -0.710096 1.957159 0.692733
v -0.671961 1.906863 0.708529
v -0.625494 1.865587 0.727776
v -0.572480 1.834915 0.749735
v -0.514956 1.816028 0.773562
v -0.508973 2.467084 0.762367
v -0.560743 2.448197 0.727776
v -0.608454 2.417525 0.695896
v -0.650273 2.376249 0.667953
v -0.684594 2.325953 0.645021
v -0.710096 2.268571 0.627981
v -0.725800 2.206308 0.617488
v -0.731103 2.141556 0.613945
v -0.725800 2.076804 0.617488
v -0.710096 2.014541 0.627981
v -0.684594 1.957159 0.645021
v -0.650273 1.906863 0.667953
v -0.608454 1.865587 0.695896
v -0.560743 1.834915 0.727776
v -0.508973 1.816028 0.762367
v -0.500920 2.467084 0.752555
v -0.544947 2.448197 0.708529
v -0.585522 2.417525 0.667953
v -0.621086 2.376249 0.632389
v -0.650273 2.325953 0.603202
v -0.671961 2.268571 0.581514
v -0.685317 2.206308 0.568159
v -0.689826 2.141556 0.563649
v -0.685317 2.076804 0.568159
v -0.671961 2.014541 0.581514
v -0.650273 1.957159 0.603202
v -0.621086 1.906863 0.632389
v -0.585522 1.865587 0.667953
v -0.544947 1.834915 0.708529
v -0.500920 1.816028 0.752555
v -0.491108 2.467084 0.744503
v -0.525699 2.448197 0.692733
v -0.557579 2.417525 0.645021
v -0.585522 2.376249 0.603202
v -0.608454 2.325953 0.568882
v -0.625494 2.268571 0.543379
v -0.635987 2.206308 0.527675
v -0.639530 2.141556 0.522372
v -0.635987 2.076804 0.527675
v -0.625494 2.014541 0.543379
v -0.608454 1.957159 0.568882
v -0.585522 1.906863 0.603202
v -0.557579 1.865587 0.645021
v -0.525699 1.834915 0.692733
v -0.491108 1.816028 0.744503
v -0.479913 2.467084 0.738519
v -0.503740 2.448197 0.680995
v -0.525699 2.417525 0.627981
v -0.544947 2.376249 0.581514
v -0.560742 2.325953 0.543379
v -0.572480 2.268571 0.515043
v -0.579708 2.206308 0.497593
v -0.582148 2.141556 0.491701
v -0.579708 2.076804 0.497593
v -0.572480 2.014541 0.515043
v -0.560742 1.957159 0.543379
v -0.544947 1.906863 0.581514
v -0.525699 1.865587 0.627981
v -0.503740 1.834915 0.680995
v -0.479913 1.816028 0.738519
v -0.467766 2.467084 0.734834
v -0.479913 2.448197 0.673767
v -0.491108 2.417525 0.617488
v -0.500920 2.376249 0.568158
v -0.508973 2.325953 0.527675
v -0.514956 2.268571 0.497593
v -0.518641 2.206308 0.479069
v -0.519885 2.141556 0.472814
v -0.518641 2.076804 0.479069
v -0.514956 2.014541 0.497593
v -0.508973 1.957159 0.527675
v -0.500920 1.906863 0.568158
v -0.491108 1.865587 0.617488
v -0.479913 1.834915 0.673767
v -0.467766 1.816028 0.734834
v -0.455134 2.467084 0.733590
v -0.455134 2.448197 0.671327
v -0.455134 2.376249 0.563649
v -0.455134 2.268571 0.491701
v -0.455134 2.014541 0.491701
v -0.455134 1.906863 0.563649
v -0.455134 1.865587 0.613945
v -0.455134 1.834915 0.671327
v -0.455134 1.816028 0.733590
v 0.455134 2.417526 0.613945
v 0.455134 2.325953 0.522372
v 0.455134 2.206308 0.472813
v 0.455134 2.141556 0.466436
v 0.455134 2.076804 0.472813
v 0.455134 1.957159 0.522372
v 0.442501 2.467084 0.734834
v 0.430354 2.448197 0.673767
v 0.419160 2.417526 0.617488
v 0.409347 2.376249 0.568158
v 0.401295 2.325953 0.527675
v 0.395311 2.268571 0.497593
v 0.391626 2.206308 0.479068
v 0.390382 2.141556 0.472813
v 0.391626 2.076804 0.479068
v 0.395311 2.014541 0.497593
v 0.401295 1.957159 0.527675
v 0.409347 1.906863 0.568158
v 0.419160 1.865587 0.617488
v 0.430354 1.834915 0.673767
v 0.442501 1.816028 0.734834
v 0.430354 2.467084 0.738519
v 0.406527 2.448197 0.680995
v 0.384568 2.417526 0.627981
v 0.365321 2.376249 0.581514
v 0.349525 2.325953 0.543379
v 0.337787 2.268571 0.515042
v 0.330559 2.206308 0.497593
v 0.328119 2.141556 0.491701
v 0.330559 2.076804 0.497593
v 0.337787 2.014541 0.515042
v 0.349525 1.957159 0.543379
v 0.365321 1.906863 0.581514
v 0.384568 1.865587 0.627981
v 0.406527 1.834915 0.680995
v 0.430354 1.816028 0.738519
v 0.419160 2.467084 0.744503
v 0.384568 2.448197 0.692733
v 0.352688 2.417526 0.645021
v 0.324745 2.376249 0.603202
v 0.301813 2.325953 0.568881
v 0.284773 2.268571 0.543379
v 0.274280 2.206308 0.527675
v 0.270737 2.141556 0.522372
v 0.274280 2.076804 0.527675
v 0.284773 2.014541 0.543379
v 0.301813 1.957159 0.568881
v 0.324745 1.906863 0.603202
v 0.352688 1.865587 0.645021
v 0.384568 1.834915 0.692733
v 0.419160 1.816028 0.744503
v 0.409347 2.467084 0.752555
v 0.365321 2.448197 0.708529
v 0.324745 2.417526 0.667953
v 0.289181 2.376249 0.632389
v 0.259994 2.325953 0.603202
v 0.238306 2.268571 0.581514
v 0.224951 2.206308 0.568158
v 0.220441 2.141556 0.563649
v 0.224951 2.076804 0.568158
v 0.238306 2.014541 0.581514
v 0.259994 1.957159 0.603202
v 0.289181 1.906863 0.632389
v 0.324745 1.865587 0.667953
v 0.365321 1.834915 0.708529
v 0.409347 1.816028 0.752555
v 0.401295 2.467084 0.762367
v 0.349525 2.448197 0.727776
v 0.301813 2.417526 0.695896
v 0.259994 2.376249 0.667953
v 0.225674 2.325953 0.645021
v 0.200171 2.268571 0.627981
v 0.184467 2.206308 0.617488
v 0.179164 2.141556 0.613945
v 0.184467 2.076804 0.617488
v 0.200171 2.014541 0.627981
v 0.225674 1.957159 0.645021
v 0.259994 1.906863 0.667953
v 0.301813 1.865587 0.695896
v 0.349525 1.834915 0.727776
v 0.401295 1.816028 0.762367
v 0.455134 2.473462 0.798342
v 0.395311 2.467084 0.773562
v 0.337787 2.448197 0.749735
v 0.284773 2.417526 0.727776
v 0.238306 2.376249 0.708529
v 0.200171 2.325953 0.692733
v 0.171835 2.268571 0.680995
v 0.154385 2.206308 0.673767
v 0.148493 2.141556 0.671327
v 0.154385 2.076804 0.673767
v 0.171835 2.014541 0.680995
v 0.200171 1.957159 0.692733
v 0.238306 1.906863 0.708529
v 0.284773 1.865587 0.727776
v 0.337787 1.834915 0.749735
v 0.395311 1.816028 0.773562
v 0.391626 2.467084 0.785709
v 0.330559 2.448197 0.773562
v 0.274280 2.417526 0.762367
v 0.224951 2.376249 0.752555
v 0.184467 2.325953 0.744503
v 0.154385 2.268571 0.738519
v 0.135861 2.206308 0.734834
v 0.129606 2.141556 0.733590
v 0.135861 2.076804 0.734834
v 0.154385 2.014541 0.738519
v 0.184467 1.957159 0.744503
v 0.224951 1.906863 0.752555
v 0.274280 1.865587 0.762367
v 0.330559 1.834915 0.773562
v 0.391626 1.816028 0.785709
v 0.390382 2.467084 0.798342
v 0.328119 2.448197 0.798342
v 0.270737 2.417526 0.798342
v 0.220441 2.376249 0.798342
v 0.179164 2.325953 0.798342
v 0.148493 2.268571 0.798342
v 0.129606 2.206308 0.798342
v 0.123228 2.141556 0.798342
v 0.129606 2.076804 0.798342
v 0.148493 2.014541 0.798342
v 0.179164 1.957159 0.798342
v 0.220441 1.906863 0.798342
v 0.270737 1.865587 0.798342
v 0.328119 1.834915 0.798342
v 0.390382 1.816028 0.798342
v 0.391626 2.467084 0.810974
v 0.330559 2.448197 0.823121
v 0.274280 2.417526 0.834316
v 0.224951 2.376249 0.844128
v 0.184467 2.325953 0.852180
v 0.154385 2.268571 0.858164
v 0.135861 2.206308 0.861849
v 0.129606 2.141556 0.863093
v 0.135861 2.076804 0.861849
v 0.154385 2.014541 0.858164
v 0.184467 1.957159 0.852180
v 0.224951 1.906863 0.844128
v 0.274280 1.865587 0.834316
v 0.330559 1.834915 0.823121
v 0.391626 1.816028 0.810974
v 0.395311 2.467084 0.823121
v 0.337787 2.448197 0.846948
v 0.284773 2.417526 0.868907
v 0.238306 2.376249 0.888155
v 0.200171 2.325953 0.903950
v 0.171835 2.268571 0.915688
v 0.154385 2.206308 0.922916
v 0.148493 2.141556 0.925356
v 0.154385 2.076804 0.922916
v 0.171835 2.014541 0.915688
v 0.200171 1.957159 0.903950
v 0.238306 1.906863 0.888155
v 0.284773 1.865587 0.868907
v 0.337787 1.834915 0.846948
v 0.395311 1.816028 0.823121
v 0.401295 2.467084 0.834316
v 0.349525 2.448197 0.868907
v 0.301813 2.417526 0.900787
v 0.259994 2.376249 0.928730
v 0.225674 2.325953 0.951662
v 0.200171 2.268571 0.968702
v 0.184467 2.206308 0.979195
v 0.179164 2.141556 0.982738
v 0.184467 2.076804 0.979195
v 0.200171 2.014541 0.968702
v 0.225674 1.957159 0.951662
v 0.259994 1.906863 0.928730
v 0.301813 1.865587 0.900787
v 0.349525 1.834915 0.868907
v 0.401295 1.816028 0.834316
v 0.409347 2.467084 0.844128
v 0.365321 2.448197 0.888155
v 0.324745 2.417526 0.928730
v 0.289181 2.376249 0.964294
v 0.259994 2.325953 0.993481
v 0.238306 2.268571 1.015169
v 0.224951 2.206308 1.028525
v 0.220441 2.141556 1.033034
v 0.224951 2.076804 1.028525
v 0.238306 2.014541 1.015169
v 0.259994 1.957159 0.993481
v 0.289181 1.906863 0.964294
v 0.324745 1.865587 0.928730
v 0.365321 1.834915 0.888155
v 0.409347 1.816028 0.844128
v 0.419160 2.467084 0.852180
v 0.384568 2.448197 0.903950
v 0.352688 2.417526 0.951662
v 0.324745 2.376249 0.993481
v 0.301813 2.325953 1.027802
v 0.284773 2.268571 1.053304
v 0.274280 2.206308 1.069008
v 0.270737 2.141556 1.074311
v 0.274280 2.076804 1.069008
v 0.284773 2.014541 1.053304
v 0.301813 1.957159 1.027802
v 0.324745 1.906863 0.993481
v 0.352688 1.865587 0.951662
v 0.384568 1.834915 0.903950
v 0.419160 1.816028 0.852180
v 0.430354 2.467084 0.858164
v 0.406527 2.448197 0.915688
v 0.384568 2.417526 0.968702
v 0.365321 2.376249 1.015169
v 0.349525 2.325953 1.053304
v 0.337787 2.268571 1.081640
v 0.330560 2.206308 1.099090
v 0.328119 2.141556 1.104982
v 0.330560 2.076804 1.099090
v 0.337787 2.014541 1.081640
v 0.349525 1.957159 1.053304
v 0.365321 1.906863 1.015169
v 0.384568 1.865587 0.968702
v 0.406527 1.834915 0.915688
v 0.430354 1.816028 0.858164
v 0.442501 2.467084 0.861849
v 0.430354 2.448197 0.922916
v 0.419160 2.417526 0.979195
v 0.409347 2.376249 1.028525
v 0.401295 2.325953 1.069008
v 0.395311 2.268571 1.099090
v 0.391626 2.206308 1.117615
v 0.390382 2.141556 1.123869
v 0.391626 2.076804 1.117615
v 0.395311 2.014541 1.099090
v 0.401295 1.957159 1.069008
v 0.409347 1.906863 1.028525
v 0.419160 1.865587 0.979195
v 0.430354 1.834915 0.922916
v 0.442501 1.816028 0.861849
v 0.455134 2.467084 0.863093
v 0.455134 2.448197 0.925356
v 0.455134 2.417526 0.982738
v 0.455134 2.376249 1.033034
v 0.455134 2.325953 1.074311
v 0.455134 2.268571 1.104982
v 0.455134 2.206308 1.123869
v 0.455134 2.141556 1.130247
v 0.455134 2.076804 1.123869
v 0.455134 2.014541 1.104982
v 0.455134 1.957159 1.074311
v 0.455134 1.906863 1.033034
v 0.455134 1.865587 0.982738
v 0.455134 1.834915 0.925356
v 0.455134 1.816028 0.863093
v 0.467766 2.467084 0.861849
v 0.479913 2.448197 0.922916
v 0.491108 2.417526 0.979195
v 0.500920 2.376249 1.028525
v 0.508973 2.325953 1.069008
v 0.514956 2.268571 1.099090
v 0.518641 2.206308 1.117615
v 0.519885 2.141556 1.123869
v 0.518641 2.076804 1.117615
v 0.514956 2.014541 1.099090
v 0.508973 1.957159 1.069008
v 0.500920 1.906863 1.028525
v 0.491108 1.865587 0.979195
v 0.479913 1.834915 0.922916
v 0.467766 1.816028 0.861849
v 0.479913 2.467084 0.858164
v 0.503740 2.448197 0.915688
v 0.525699 2.417526 0.968702
v 0.544947 2.376249 1.015169
v 0.560743 2.325953 1.053304
v 0.572480 2.268571 1.081640
v 0.579708 2.206308 1.099090
v 0.582148 2.141556 1.104982
v 0.579708 2.076804 1.099090
v 0.572480 2.014541 1.081640
v 0.560743 1.957159 1.053304
v 0.544947 1.906863 1.015169
v 0.525699 1.865587 0.968702
v 0.503740 1.834915 0.915688
v 0.479913 1.816028 0.858164
v 0.491108 2.467084 0.852180
v 0.525699 2.448197 0.903950
v 0.557579 2.417526 0.951662
v 0.585522 2.376249 0.993481
v 0.608454 2.325953 1.027802
v 0.625494 2.268571 1.053304
v 0.635987 2.206308 1.069008
v 0.639531 2.141556 1.074311
v 0.635987 2.076804 1.069008
v 0.625494 2.014541 1.053304
v 0.608454 1.957159 1.027802
v 0.585522 1.906863 0.993481
v 0.557579 1.865587 0.951662
v 0.525699 1.834915 0.903950
v 0.491108 1.816028 0.852180
v 0.500920 2.467084 0.844128
v 0.544947 2.448197 0.888154
v 0.585522 2.417526 0.928730
v 0.621086 2.376249 0.964294
v 0.650273 2.325953 0.993481
v 0.671961 2.268571 1.015169
v 0.685317 2.206308 1.028525
v 0.689826 2.141556 1.033034
v 0.685317 2.076804 1.028525
v 0.671961 2.014541 1.015169
v 0.650273 1.957159 0.993481
v 0.621086 1.906863 0.964294
v 0.585522 1.865587 0.928730
v 0.544947 1.834915 0.888154
v 0.500920 1.816028 0.844128
v 0.455134 1.809651 0.798342
v 0.508973 2.467084 0.834316
v 0.560743 2.448197 0.868907
v 0.608454 2.417526 0.900787
v 0.650273 2.376249 0.928730
v 0.684594 2.325953 0.951662
v 0.710096 2.268571 0.968702
v 0.725800 2.206308 0.979195
v 0.731103 2.141556 0.982738
v 0.725800 2.076804 0.979195
v 0.710096 2.014541 0.968702
v 0.684594 1.957159 0.951662
v 0.650273 1.906863 0.928730
v 0.608454 1.865587 0.900787
v 0.560743 1.834915 0.868907
v 0.508973 1.816028 0.834316
v 0.514956 2.467084 0.823121
v 0.572480 2.448197 0.846948
v 0.625494 2.417526 0.868907
v 0.671961 2.376249 0.888155
v 0.710096 2.325953 0.903950
v 0.738433 2.268571 0.915688
v 0.755882 2.206308 0.922916
v 0.761774 2.141556 0.925356
v 0.755882 2.076804 0.922916
v 0.738433 2.014541 0.915688
v 0.710096 1.957159 0.903950
v 0.671961 1.906863 0.888155
v 0.625494 1.865587 0.868907
v 0.572480 1.834915 0.846948
v 0.514956 1.816028 0.823121
v 0.518641 2.467084 0.810974
v 0.579708 2.448197 0.823121
v 0.635987 2.417526 0.834315
v 0.685317 2.376249 0.844128
v 0.725800 2.325953 0.852180
v 0.755882 2.268571 0.858164
v 0.774407 2.206308 0.861849
v 0.780661 2.141556 0.863093
v 0.774407 2.076804 0.861849
v 0.755882 2.014541 0.858164
v 0.725800 1.957159 0.852180
v 0.685317 1.906863 0.844128
v 0.635987 1.865587 0.834315
v 0.579708 1.834915 0.823121
v 0.518641 1.816028 0.810974
v 0.519885 2.467084 0.798342
v 0.582148 2.448197 0.798342
v 0.639530 2.417526 0.798341
v 0.689826 2.376249 0.798342
v 0.731103 2.325953 0.798341
v 0.761774 2.268571 0.798342
v 0.780662 2.206308 0.798341
v 0.787039 2.141556 0.798341
v 0.780662 2.076804 0.798341
v 0.761774 2.014541 0.798342
v 0.731103 1.957159 0.798341
v 0.689826 1.906863 0.798342
v 0.639530 1.865587 0.798341
v 0.582148 1.834915 0.798342
v 0.519885 1.816028 0.798342
v 0.518641 2.467084 0.785709
v 0.579708 2.448197 0.773562
v 0.635987 2.417526 0.762367
v 0.685317 2.376249 0.752555
v 0.725800 2.325953 0.744503
v 0.755882 2.268571 0.738519
v 0.774407 2.206308 0.734834
v 0.780661 2.141556 0.733590
v 0.774407 2.076804 0.734834
v 0.755882 2.014541 0.738519
v 0.725800 1.957159 0.744503
v 0.685317 1.906863 0.752555
v 0.635987 1.865587 0.762367
v 0.579708 1.834915 0.773562
v 0.518641 1.816028 0.785709
v 0.514956 2.467084 0.773562
v 0.572480 2.448197 0.749735
v 0.625494 2.417526 0.727776
v 0.671961 2.376249 0.708529
v 0.710096 2.325953 0.692733
v 0.738433 2.268571 0.680995
v 0.755882 2.206308 0.673767
v 0.761774 2.141556 0.671327
v 0.755882 2.076804 0.673767
v 0.738433 2.014541 0.680995
v 0.710096 1.957159 0.692733
v 0.671961 1.906863 0.708529
v 0.625494 1.865587 0.727776
v 0.572480 1.834915 0.749735
v 0.514956 1.816028 0.773562
v 0.508973 2.467084 0.762367
v 0.560742 2.448197 0.727776
v 0.608454 2.417526 0.695896
v 0.650273 2.376249 0.667953
v 0.684594 2.325953 0.645021
v 0.710096 2.268571 0.627981
v 0.725800 2.206308 0.617488
v 0.731103 2.141556 0.613945
v 0.725800 2.076804 0.617488
v 0.710096 2.014541 0.627981
v 0.684594 1.957159 0.645021
v 0.650273 1.906863 0.667953
v 0.608454 1.865587 0.695896
v 0.560742 1.834915 0.727776
v 0.508973 1.816028 0.762367
v 0.500920 2.467084 0.752555
v 0.544947 2.448197 0.708529
v 0.585522 2.417526 0.667953
v 0.621086 2.376249 0.632389
v 0.650273 2.325953 0.603202
v 0.671961 2.268571 0.581514
v 0.685317 2.206308 0.568159
v 0.689826 2.141556 0.563649
v 0.685317 2.076804 0.568159
v 0.671961 2.014541 0.581514
v 0.650273 1.957159 0.603202
v 0.621086 1.906863 0.632389
v 0.585522 1.865587 0.667953
v 0.544947 1.834915 0.708529
v 0.500920 1.816028 0.752555
v 0.491108 2.467084 0.744503
v 0.525699 2.448197 0.692733
v 0.557579 2.417526 0.645021
v 0.585522 2.376249 0.603202
v 0.608454 2.325953 0.568882
v 0.625494 2.268571 0.543379
v 0.635987 2.206308 0.527675
v 0.639530 2.141556 0.522372
v 0.635987 2.076804 0.527675
v 0.625494 2.014541 0.543379
v 0.608454 1.957159 0.568882
v 0.585522 1.906863 0.603202
v 0.557579 1.865587 0.645021
v 0.525699 1.834915 0.692733
v 0.491108 1.816028 0.744503
v 0.479913 2.467084 0.738519
v 0.503740 2.448197 0.680995
v 0.525699 2.417526 0.627981
v 0.544947 2.376249 0.581514
v 0.560742 2.325953 0.543379
v 0.572480 2.268571 0.515043
v 0.579708 2.206308 0.497593
v 0.582148 2.141556 0.491701
v 0.579708 2.076804 0.497593
v 0.572480 2.014541 0.515043
v 0.560742 1.957159 0.543379
v 0.544947 1.906863 0.581514
v 0.525699 1.865587 0.627981
v 0.503740 1.834915 0.680995
v 0.479913 1.816028 0.738519
v 0.467766 2.467084 0.734834
v 0.479913 2.448197 0.673767
v 0.491108 2.417526 0.617488
v 0.500920 2.376249 0.568158
v 0.508973 2.325953 0.527675
v 0.514956 2.268571 0.497593
v 0.518641 2.206308 0.479069
v 0.519885 2.141556 0.472814
v 0.518641 2.076804 0.479069
v 0.514956 2.014541 0.497593
v 0.508973 1.957159 0.527675
v 0.500920 1.906863 0.568158
v 0.491108 1.865587 0.617488
v 0.479913 1.834915 0.673767
v 0.467766 1.816028 0.734834
v 0.455134 2.467084 0.733590
v 0.455134 2.448197 0.671327
v 0.455134 2.376249 0.563649
v 0.455134 2.268571 0.491701
v 0.455134 2.014541 0.491701
v 0.455134 1.906863 0.563649
v 0.455134 1.865587 0.613945
v 0.455134 1.834915 0.671327
v 0.455134 1.816028 0.733590
vn -0.0000 0.8286 -0.5598
vn -0.0000 0.5528 -0.8333
vn -0.0000 0.1939 -0.9810
vn -0.0000 -0.0000 -1.0000
vn -0.0000 -0.1939 -0.9810
vn -0.0000 -0.5528 -0.8333
vn 0.0392 0.9796 -0.1971
vn 0.0757 0.9217 -0.3804
vn 0.1092 0.8286 -0.5490
vn 0.1385 0.7041 -0.6965
vn 0.1626 0.5528 -0.8173
vn 0.1804 0.3805 -0.9070
vn 0.1914 0.1939 -0.9622
vn 0.1951 -0.0000 -0.9808
vn 0.1914 -0.1939 -0.9622
vn 0.1804 -0.3805 -0.9070
vn 0.1626 -0.5528 -0.8173
vn 0.1385 -0.7041 -0.6965
vn 0.1092 -0.8286 -0.5490
vn 0.0757 -0.9217 -0.3804
vn 0.0392 -0.9796 -0.1971
vn 0.0769 0.9796 -0.1857
vn 0.1484 0.9217 -0.3584
vn 0.2142 0.8286 -0.5172
vn 0.2718 0.7041 -0.6561
vn 0.3189 0.5528 -0.7699
vn 0.3539 0.3805 -0.8544
vn 0.3754 0.1939 -0.9063
vn 0.3827 -0.0000 -0.9239
vn 0.3754 -0.1939 -0.9063
vn 0.3539 -0.3805 -0.8544
vn 0.3189 -0.5528 -0.7699
vn 0.2718 -0.7041 -0.6561
vn 0.2142 -0.8286 -0.5172
vn 0.1484 -0.9217 -0.3584
vn 0.0769 -0.9796 -0.1857
vn 0.1117 0.9796 -0.1671
vn 0.2155 0.9217 -0.3225
vn 0.3110 0.8286 -0.4654
vn 0.3945 0.7041 -0.5905
vn 0.4630 0.5528 -0.6929
vn 0.5138 0.3805 -0.7689
vn 0.5450 0.1939 -0.8157
vn 0.5556 -0.0000 -0.8315
vn 0.5450 -0.1939 -0.8157
vn 0.5138 -0.3805 -0.7689
vn 0.4630 -0.5528 -0.6929
vn 0.3945 -0.7041 -0.5905
vn 0.3110 -0.8286 -0.4654
vn 0.2155 -0.9217 -0.3225
vn 0.1117 -0.9796 -0.1671
vn 0.1421 0.9796 -0.1421
vn 0.2743 0.9217 -0.2743
vn 0.3958 0.8286 -0.3958
vn 0.5021 0.7041 -0.5021
vn 0.5893 0.5528 -0.5893
vn 0.6539 0.3805 -0.6539
vn 0.6937 0.1939 -0.6937
vn 0.7071 -0.0000 -0.7071
vn 0.6937 -0.1939 -0.6937
vn 0.6539 -0.3805 -0.6539
vn 0.5893 -0.5528 -0.5893
vn 0.5021 -0.7041 -0.5021
vn 0.3958 -0.8286 -0.3958
vn 0.2743 -0.9217 -0.2743
vn 0.1421 -0.9796 -0.1421
vn 0.1671 0.9796 -0.1117
vn 0.3225 0.9217 -0.2155
vn 0.4654 0.8286 -0.3110
vn 0.5905 0.7041 -0.3945
vn 0.6929 0.5528 -0.4630
vn 0.7689 0.3805 -0.5138
vn 0.8157 0.1939 -0.5450
vn 0.8315 -0.0000 -0.5556
vn 0.8157 -0.1939 -0.5450
vn 0.7689 -0.3805 -0.5138
vn 0.6929 -0.5528 -0.4630
vn 0.5905 -0.7041 -0.3945
vn 0.4654 -0.8286 -0.3110
vn 0.3225 -0.9217 -0.2155
vn 0.1671 -0.9796 -0.1117
vn -0.0000 1.0000 -0.0000
vn 0.1857 0.9796 -0.0769
vn 0.3584 0.9217 -0.1484
vn 0.5172 0.8286 -0.2142
vn 0.6561 0.7041 -0.2718
vn 0.7699 0.5528 -0.3189
vn 0.8544 0.3805 -0.3539
vn 0.9063 0.1939 -0.3754
vn 0.9239 -0.0000 -0.3827
vn 0.9063 -0.1939 -0.3754
vn 0.8544 -0.3805 -0.3539
vn 0.7699 -0.5528 -0.3189
vn 0.6561 -0.7041 -0.2718
vn 0.5172 -0.8286 -0.2142
vn 0.3584 -0.9217 -0.1484
vn 0.1857 -0.9796 -0.0769
vn 0.1971 0.9796 -0.0392
vn 0.3804 0.9217 -0.0757
vn 0.5490 0.8286 -0.1092
vn 0.6965 0.7041 -0.1385
vn 0.8173 0.5528 -0.1626
vn 0.9070 0.3805 -0.1804
vn 0.9622 0.1939 -0.1914
vn 0.9808 -0.0000 -0.1951
vn 0.9622 -0.1939 -0.1914
vn 0.9070 -0.3805 -0.1804
vn 0.8173 -0.5528 -0.1626
vn 0.6965 -0.7041 -0.1385
vn 0.5490 -0.8286 -0.1092
vn 0.3804 -0.9217 -0.0757
vn 0.1971 -0.9796 -0.0392
vn 0.2010 0.9796 -0.0000
vn 0.3879 0.9217 -0.0000
vn 0.5598 0.8286 -0.0000
vn 0.7101 0.7041 -0.0000
vn 0.8333 0.5528 -0.0000
vn 0.9248 0.3805 -0.0000
vn 0.9810 0.1939 -0.0000
vn 1.0000 -0.0000 -0.0000
vn 0.9810 -0.1939 -0.0000
vn 0.9248 -0.3805 -0.0000
vn 0.8333 -0.5528 -0.0000
vn 0.7101 -0.7041 -0.0000
vn 0.5598 -0.8286 -0.0000
vn 0.3879 -0.9217 -0.0000
vn 0.2010 -0.9796 -0.0000
vn 0.1971 0.9796 0.0392
vn 0.3804 0.9217 0.0757
vn 0.5490 0.8286 0.1092
vn 0.6965 0.7041 0.1385
vn 0.8173 0.5528 0.1626
vn 0.9070 0.3805 0.1804
vn 0.9622 0.1939 0.1914
vn 0.9808 -0.0000 0.1951
vn 0.9622 -0.1939 0.1914
vn 0.9070 -0.3805 0.1804
vn 0.8173 -0.5528 0.1626
vn 0.6965 -0.7041 0.1385
vn 0.5490 -0.8286 0.1092
vn 0.3804 -0.9217 0.0757
vn 0.1971 -0.9796 0.0392
vn 0.1857 0.9796 0.0769
vn 0.3584 0.9217 0.1484
vn 0.5172 0.8286 0.2142
vn 0.6561 0.7041 0.2718
vn 0.7699 0.5528 0.3189
vn 0.8544 0.3805 0.3539
vn 0.9063 0.1939 0.3754
vn 0.9239 -0.0000 0.3827
vn 0.9063 -0.1939 0.3754
vn 0.8544 -0.3805 0.3539
vn 0.7699 -0.5528 0.3189
vn 0.6561 -0.7041 0.2718
vn 0.5172 -0.8286 0.2142
vn 0.3584 -0.9217 0.1484
vn 0.1857 -0.9796 0.0769
vn 0.1671 0.9796 0.1117
vn 0.3225 0.9217 0.2155
vn 0.4654 0.8286 0.3110
vn 0.5905 0.7041 0.3945
vn 0.6929 0.5528 0.4630
vn 0.7689 0.3805 0.5138
vn 0.8157 0.1939 0.5450
vn 0.8315 -0.0000 0.5556
vn 0.8157 -0.1939 0.5450
vn 0.7689 -0.3805 0.5138
vn 0.6929 -0.5528 0.4630
vn 0.5905 -0.7041 0.3945
vn 0.4654 -0.8286 0.3110
vn 0.3225 -0.9217 0.2155
vn 0.1671 -0.9796 0.1117
vn 0.1421 0.9796 0.1421
vn 0.2743 0.9217 0.2743
vn 0.3958 0.8286 0.3958
vn 0.5021 0.7041 0.5021
vn 0.5893 0.5528 0.5893
vn 0.6539 0.3805 0.6539
vn 0.6937 0.1939 0.6937
vn 0.7071 -0.0000 0.7071
vn 0.6937 -0.1939 0.6937
vn 0.6539 -0.3805 0.6539
vn 0.5893 -0.5528 0.5893
vn 0.5021 -0.7041 0.5021
vn 0.3958 -0.8286 0.3958
vn 0.2743 -0.9217 0.2743
vn 0.1421 -0.9796 0.1421
vn 0.1117 0.9796 0.1671
vn 0.2155 0.9217 0.3225
vn 0.3110 0.8286 0.4654
vn 0.3945 0.7041 0.5905
vn 0.4630 0.5528 0.6929
vn 0.5138 0.3805 0.7689
vn 0.5450 0.1939 0.8157
vn 0.5556 -0.0000 0.8315
vn 0.5450 -0.1939 0.8157
vn 0.5138 -0.3805 0.7689
vn 0.4630 -0.5528 0.6929
vn 0.3945 -0.7041 0.5905
vn 0.3110 -0.8286 0.4654
vn 0.2155 -0.9217 0.3225
vn 0.1117 -0.9796 0.1671
vn 0.0769 0.9796 0.1857
vn 0.1484 0.9217 0.3584
vn 0.2142 0.8286 0.5172
vn 0.2718 0.7041 0.6561
vn 0.3189 0.5528 0.7699
vn 0.3539 0.3805 0.8544
vn 0.3754 0.1939 0.9063
vn 0.3827 -0.0000 0.9239
vn 0.3754 -0.1939 0.9063
vn 0.3539 -0.3805 0.8544
vn 0.3189 -0.5528 0.7699
vn 0.2718 -0.7041 0.6561
vn 0.2142 -0.8286 0.5172
vn 0.1484 -0.9217 0.3584
vn 0.0769 -0.9796 0.1857
vn 0.0392 0.9796 0.1971
vn 0.0757 0.9217 0.3804
vn 0.1092 0.8286 0.5490
vn 0.1385 0.7041 0.6965
vn 0.1626 0.5528 0.8173
vn 0.1804 0.3805 0.9070
vn 0.1914 0.1939 0.9622
vn 0.1951 -0.0000 0.9808
vn 0.1914 -0.1939 0.9622
vn 0.1804 -0.3805 0.9070
vn 0.1626 -0.5528 0.8173
vn 0.1385 -0.7041 0.6965
vn 0.1092 -0.8286 0.5490
vn 0.0757 -0.9217 0.3804
vn 0.0392 -0.9796 0.1971
vn -0.0000 0.9796 0.2010
vn -0.0000 0.9217 0.3879
vn -0.0000 0.8286 0.5598
vn -0.0000 0.7041 0.7101
vn -0.0000 0.5528 0.8333
vn -0.0000 0.3805 0.9248
vn -0.0000 0.1939 0.9810
vn -0.0000 -0.0000 1.0000
vn -0.0000 -0.1939 0.9810
vn -0.0000 -0.3805 0.9248
vn -0.0000 -0.5528 0.8333
vn -0.0000 -0.7041 0.7101
vn -0.0000 -0.8286 0.5598
vn -0.0000 -0.9217 0.3879
vn -0.0000 -0.9796 0.2010
vn -0.0392 0.9796 0.1971
vn -0.0757 0.9217 0.3804
vn -0.1092 0.8286 0.5490
vn -0.1385 0.7041 0.6965
vn -0.1626 0.5528 0.8173
vn -0.1804 0.3805 0.9070
vn -0.1914 0.1939 0.9622
vn -0.1951 -0.0000 0.9808
vn -0.1914 -0.1939 0.9622
vn -0.1804 -0.3805 0.9070
vn -0.1626 -0.5528 0.8173
vn -0.1385 -0.7041 0.6965
vn -0.1092 -0.8286 0.5490
vn -0.0757 -0.9217 0.3804
vn -0.0392 -0.9796 0.1971
vn -0.0769 0.9796 0.1857
vn -0.1484 0.9217 0.3584
vn -0.2142 0.8286 0.5172
vn -0.2718 0.7041 0.6561
vn -0.3189 0.5528 0.7699
vn -0.3539 0.3805 0.8544
vn -0.3754 0.1939 0.9063
vn -0.3827 -0.0000 0.9239
vn -0.3754 -0.1939 0.9063
vn -0.3539 -0.3805 0.8544
vn -0.3189 -0.5528 0.7699
vn -0.2718 -0.7041 0.6561
vn -0.2142 -0.8286 0.5172
vn -0.1484 -0.9217 0.3584
vn -0.0769 -0.9796 0.1857
vn -0.1117 0.9796 0.1671
vn -0.2155 0.9217 0.3225
vn -0.3110 0.8286 0.4654
vn -0.3945 0.7041 0.5905
vn -0.4630 0.5528 0.6929
vn -0.5138 0.3805 0.7689
vn -0.5450 0.1939 0.8157
vn -0.5556 -0.0000 0.8315
vn -0.5450 -0.1939 0.8157
vn -0.5138 -0.3805 0.7689
vn -0.4630 -0.5528 0.6929
vn -0.3945 -0.7041 0.5905
vn -0.3110 -0.8286 0.4654
vn -0.2155 -0.9217 0.3225
vn -0.1117 -0.9796 0.1671
vn -0.1421 0.9796 0.1421
vn -0.2743 0.9217 0.2743
vn -0.3958 0.8286 0.3958
vn -0.5021 0.7041 0.5021
vn -0.5893 0.5528 0.5893
vn -0.6539 0.3805 0.6539
vn -0.6937 0.1939 0.6937
vn -0.7071 -0.0000 0.7071
vn -0.6937 -0.1939 0.6937
vn -0.6539 -0.3805 0.6539
vn -0.5893 -0.5528 0.5893
vn -0.5021 -0.7041 0.5021
vn -0.3958 -0.8286 0.3958
vn -0.2743 -0.9217 0.2743
vn -0.1421 -0.9796 0.1421
vn -0.0000 -1.0000 -0.0000
vn -0.1671 0.9796 0.1117
vn -0.3225 0.9217 0.2155
vn -0.4654 0.8286 0.3110
vn -0.5905 0.7041 0.3945
vn -0.6929 0.5528 0.4630
vn -0.7689 0.3805 0.5138
vn -0.8157 0.1939 0.5450
vn -0.8315 -0.0000 0.5556
vn -0.8157 -0.1939 0.5450
vn -0.7689 -0.3805 0.5138
vn -0.6929 -0.5528 0.4630
vn -0.5905 -0.7041 0.3945
vn -0.4654 -0.8286 0.3110
vn -0.3225 -0.9217 0.2155
vn -0.1671 -0.9796 0.1117
vn -0.1857 0.9796 0.0769
vn -0.3584 0.9217 0.1484
vn -0.5172 0.8286 0.2142
vn -0.6561 0.7041 0.2718
vn -0.7699 0.5528 0.3189
vn -0.8544 0.3805 0.3539
vn -0.9063 0.1939 0.3754
vn -0.9239 -0.0000 0.3827
vn -0.9063 -0.1939 0.3754
vn -0.8544 -0.3805 0.3539
vn -0.7699 -0.5528 0.3189
vn -0.6561 -0.7041 0.2718
vn -0.5172 -0.8286 0.2142
vn -0.3584 -0.9217 0.1484
vn -0.1857 -0.9796 0.0769
vn -0.1971 0.9796 0.0392
vn -0.3804 0.9217 0.0757
vn -0.5490 0.8286 0.1092
vn -0.6965 0.7041 0.1385
vn -0.8173 0.5528 0.1626
vn -0.9070 0.3805 0.1804
vn -0.9622 0.1939 0.1914
vn -0.9808 -0.0000 0.1951
vn -0.9622 -0.1939 0.1914
vn -0.9070 -0.3805 0.1804
vn -0.8173 -0.5528 0.1626
vn -0.6965 -0.7041 0.1385
vn -0.5490 -0.8286 0.1092
vn -0.3804 -0.9217 0.0757
vn -0.1971 -0.9796 0.0392
vn -0.2010 0.9796 -0.0000
vn -0.3879 0.9217 -0.0000
vn -0.5598 0.8286 -0.0000
vn -0.7101 0.7041 -0.0000
vn -0.8333 0.5528 -0.0000
vn -0.9248 0.3805 -0.0000
vn -0.9810 0.1939 -0.0000
vn -1.0000 -0.0000 -0.0000
vn -0.9810 -0.1939 -0.0000
vn -0.9248 -0.3805 -0.0000
vn -0.8333 -0.5528 -0.0000
vn -0.7101 -0.7041 -0.0000
vn -0.5598 -0.8286 -0.0000
vn -0.3879 -0.9217 -0.0000
vn -0.2010 -0.9796 -0.0000
vn -0.1971 0.9796 -0.0392
vn -0.3804 0.9217 -0.0757
vn -0.5490 0.8286 -0.1092
vn -0.6965 0.7041 -0.1385
vn -0.8173 0.5528 -0.1626
vn -0.9070 0.3805 -0.1804
vn -0.9622 0.1939 -0.1914
vn -0.9808 -0.0000 -0.1951
vn -0.9622 -0.1939 -0.1914
vn -0.9070 -0.3805 -0.1804
vn -0.8173 -0.5528 -0.1626
vn -0.6965 -0.7041 -0.1385
vn -0.5490 -0.8286 -0.1092
vn -0.3804 -0.9217 -0.0757
vn -0.1971 -0.9796 -0.0392
vn -0.1857 0.9796 -0.0769
vn -0.3584 0.9217 -0.1484
vn -0.5172 0.8286 -0.2142
vn -0.6561 0.7041 -0.2718
vn -0.7699 0.5528 -0.3189
vn -0.8544 0.3805 -0.3539
vn -0.9063 0.1939 -0.3754
vn -0.9239 -0.0000 -0.3827
vn -0.9063 -0.1939 -0.3754
vn -0.8544 -0.3805 -0.3539
vn -0.7699 -0.5528 -0.3189
vn -0.6561 -0.7041 -0.2718
vn -0.5172 -0.8286 -0.2142
vn -0.3584 -0.9217 -0.1484
vn -0.1857 -0.9796 -0.0769
vn -0.1671 0.9796 -0.1117
vn -0.3225 0.9217 -0.2155
vn -0.4654 0.8286 -0.3110
vn -0.5905 0.7041 -0.3945
vn -0.6929 0.5528 -0.4630
vn -0.7689 0.3805 -0.5138
vn -0.8157 0.1939 -0.5450
vn -0.8315 -0.0000 -0.5556
vn -0.8157 -0.1939 -0.5450
vn -0.7689 -0.3805 -0.5138
vn -0.6929 -0.5528 -0.4630
vn -0.5905 -0.7041 -0.3945
vn -0.4654 -0.8286 -0.3110
vn -0.3225 -0.9217 -0.2155
vn -0.1671 -0.9796 -0.1117
vn -0.1421 0.9796 -0.1421
vn -0.2743 0.9217 -0.2743
vn -0.3958 0.8286 -0.3958
vn -0.5021 0.7041 -0.5021
vn -0.5893 0.5528 -0.5893
vn -0.6539 0.3805 -0.6539
vn -0.6937 0.1939 -0.6937
vn -0.7071 -0.0000 -0.7071
vn -0.6937 -0.1939 -0.6937
vn -0.6539 -0.3805 -0.6539
vn -0.5893 -0.5528 -0.5893
vn -0.5021 -0.7041 -0.5021
vn -0.3958 -0.8286 -0.3958
vn -0.2743 -0.9217 -0.2743
vn -0.1421 -0.9796 -0.1421
vn -0.1117 0.9796 -0.1671
vn -0.2155 0.9217 -0.3225
vn -0.3110 0.8286 -0.4654
vn -0.3945 0.7041 -0.5905
vn -0.4630 0.5528 -0.6929
vn -0.5138 0.3805 -0.7689
vn -0.5450 0.1939 -0.8157
vn -0.5556 -0.0000 -0.8315
vn -0.5450 -0.1939 -0.8157
vn -0.5138 -0.3805 -0.7689
vn -0.4630 -0.5528 -0.6929
vn -0.3945 -0.7041 -0.5905
vn -0.3110 -0.8286 -0.4654
vn -0.2155 -0.9217 -0.3225
vn -0.1117 -0.9796 -0.1671
vn -0.0769 0.9796 -0.1857
vn -0.1484 0.9217 -0.3584
vn -0.2142 0.8286 -0.5172
vn -0.2718 0.7041 -0.6561
vn -0.3189 0.5528 -0.7699
vn -0.3539 0.3805 -0.8544
vn -0.3754 0.1939 -0.9063
vn -0.3827 -0.0000 -0.9239
vn -0.3754 -0.1939 -0.9063
vn -0.3539 -0.3805 -0.8544
vn -0.3189 -0.5528 -0.7699
vn -0.2718 -0.7041 -0.6561
vn -0.2142 -0.8286 -0.5172
vn -0.1484 -0.9217 -0.3584
vn -0.0769 -0.9796 -0.1857
vn -0.0392 0.9796 -0.1971
vn -0.0757 0.9217 -0.3804
vn -0.1092 0.8286 -0.5490
vn -0.1385 0.7041 -0.6965
vn -0.1626 0.5528 -0.8173
vn -0.1804 0.3805 -0.9070
vn -0.1914 0.1939 -0.9622
vn -0.1951 -0.0000 -0.9808
vn -0.1914 -0.1939 -0.9622
vn -0.1804 -0.3805 -0.9070
vn -0.1626 -0.5528 -0.8173
vn -0.1385 -0.7041 -0.6965
vn -0.1092 -0.8286 -0.5490
vn -0.0757 -0.9217 -0.3804
vn -0.0392 -0.9796 -0.1971
vn -0.0000 0.9796 -0.2010
vn -0.0000 0.9217 -0.3879
vn -0.0000 0.7041 -0.7101
vn -0.0000 0.3805 -0.9248
vn -0.0000 -0.3805 -0.9248
vn -0.0000 -0.7041 -0.7101
vn -0.0000 -0.8286 -0.5598
vn -0.0000 -0.9217 -0.3879
vn -0.0000 -0.9796 -0.2010
vt 0.750000 0.750000
vt 0.750000 0.812500
vt 0.718750 0.812500
vt 0.718750 0.750000
vt 0.750000 0.250000
vt 0.750000 0.312500
vt 0.718750 0.312500
vt 0.718750 0.250000
vt 0.750000 0.687500
vt 0.718750 0.687500
vt 0.750000 0.187500
vt 0.718750 0.187500
vt 0.750000 0.625000
vt 0.718750 0.625000
vt 0.750000 0.125000
vt 0.718750 0.125000
vt 0.750000 0.562500
vt 0.718750 0.562500
vt 0.750000 0.062500
vt 0.718750 0.062500
vt 0.750000 0.500000
vt 0.718750 0.500000
vt 0.750000 0.937500
vt 0.734375 1.000000
vt 0.718750 0.937500
vt 0.734375 0.000000
vt 0.750000 0.437500
vt 0.718750 0.437500
vt 0.750000 0.875000
vt 0.718750 0.875000
vt 0.750000 0.375000
vt 0.718750 0.375000
vt 0.687500 0.875000
vt 0.687500 0.812500
vt 0.687500 0.375000
vt 0.687500 0.312500
vt 0.687500 0.750000
vt 0.687500 0.250000
vt 0.687500 0.687500
vt 0.687500 0.187500
vt 0.687500 0.625000
vt 0.687500 0.125000
vt 0.687500 0.562500
vt 0.687500 0.062500
vt 0.687500 0.500000
vt 0.703125 1.000000
vt 0.687500 0.937500
vt 0.703125 0.000000
vt 0.687500 0.437500
vt 0.656250 0.625000
vt 0.656250 0.562500
vt 0.656250 0.125000
vt 0.656250 0.062500
vt 0.656250 0.500000
vt 0.671875 1.000000
vt 0.656250 0.937500
vt 0.671875 0.000000
vt 0.656250 0.437500
vt 0.656250 0.875000
vt 0.656250 0.375000
vt 0.656250 0.812500
vt 0.656250 0.312500
vt 0.656250 0.750000
vt 0.656250 0.250000
vt 0.656250 0.687500
vt 0.656250 0.187500
vt 0.625000 0.375000
vt 0.625000 0.312500
vt 0.625000 0.812500
vt 0.625000 0.750000
vt 0.625000 0.250000
vt 0.625000 0.687500
vt 0.625000 0.187500
vt 0.625000 0.625000
vt 0.625000 0.125000
vt 0.625000 0.562500
vt 0.625000 0.062500
vt 0.625000 0.500000
vt 0.640625 1.000000
vt 0.625000 0.937500
vt 0.640625 0.000000
vt 0.625000 0.437500
vt 0.625000 0.875000
vt 0.593750 0.125000
vt 0.593750 0.062500
vt 0.593750 0.562500
vt 0.593750 0.500000
vt 0.609375 1.000000
vt 0.593750 0.937500
vt 0.609375 0.000000
vt 0.593750 0.437500
vt 0.593750 0.875000
vt 0.593750 0.375000
vt 0.593750 0.812500
vt 0.593750 0.312500
vt 0.593750 0.750000
vt 0.593750 0.250000
vt 0.593750 0.687500
vt 0.593750 0.187500
vt 0.593750 0.625000
vt 0.562500 0.812500
vt 0.562500 0.750000
vt 0.562500 0.312500
vt 0.562500 0.250000
vt 0.562500 0.687500
vt 0.562500 0.187500
vt 0.562500 0.625000
vt 0.562500 0.125000
vt 0.562500 0.562500
vt 0.562500 0.062500
vt 0.562500 0.500000
vt 0.578125 1.000000
vt 0.562500 0.937500
vt 0.578125 0.000000
vt 0.562500 0.437500
vt 0.562500 0.875000
vt 0.562500 0.375000
vt 0.531250 0.562500
vt 0.531250 0.500000
vt 0.546875 1.000000
vt 0.531250 0.937500
vt 0.546875 0.000000
vt 0.531250 0.062500
vt 0.531250 0.437500
vt 0.531250 0.875000
vt 0.531250 0.375000
vt 0.531250 0.812500
vt 0.531250 0.312500
vt 0.531250 0.750000
vt 0.531250 0.250000
vt 0.531250 0.687500
vt 0.531250 0.187500
vt 0.531250 0.625000
vt 0.531250 0.125000
vt 0.500000 0.312500
vt 0.500000 0.250000
vt 0.500000 0.750000
vt 0.500000 0.687500
vt 0.500000 0.187500
vt 0.500000 0.625000
vt 0.500000 0.125000
vt 0.500000 0.562500
vt 0.500000 0.062500
vt 0.500000 0.500000
vt 0.515625 1.000000
vt 0.500000 0.937500
vt 0.515625 0.000000
vt 0.500000 0.437500
vt 0.500000 0.875000
vt 0.500000 0.375000
vt 0.500000 0.812500
vt 0.484375 0.000000
vt 0.468750 0.062500
vt 0.468750 0.500000
vt 0.468750 0.437500
vt 0.468750 0.937500
vt 0.468750 0.875000
vt 0.468750 0.375000
vt 0.468750 0.812500
vt 0.468750 0.312500
vt 0.468750 0.750000
vt 0.468750 0.250000
vt 0.468750 0.687500
vt 0.468750 0.187500
vt 0.468750 0.625000
vt 0.468750 0.125000
vt 0.468750 0.562500
vt 0.484375 1.000000
vt 0.437500 0.250000
vt 0.437500 0.187500
vt 0.437500 0.687500
vt 0.437500 0.625000
vt 0.437500 0.125000
vt 0.437500 0.562500
vt 0.437500 0.062500
vt 0.437500 0.500000
vt 0.453125 1.000000
vt 0.437500 0.937500
vt 0.453125 0.000000
vt 0.437500 0.437500
vt 0.437500 0.875000
vt 0.437500 0.375000
vt 0.437500 0.812500
vt 0.437500 0.312500
vt 0.437500 0.750000
vt 0.406250 0.937500
vt 0.406250 0.875000
vt 0.406250 0.437500
vt 0.406250 0.375000
vt 0.406250 0.812500
vt 0.406250 0.312500
vt 0.406250 0.750000
vt 0.406250 0.250000
vt 0.406250 0.687500
vt 0.406250 0.187500
vt 0.406250 0.625000
vt 0.406250 0.125000
vt 0.406250 0.562500
vt 0.406250 0.062500
vt 0.406250 0.500000
vt 0.421875 1.000000
vt 0.421875 0.000000
vt 0.375000 0.687500
vt 0.375000 0.625000
vt 0.375000 0.187500
vt 0.375000 0.125000
vt 0.375000 0.562500
vt 0.375000 0.062500
vt 0.375000 0.500000
vt 0.390625 1.000000
vt 0.375000 0.937500
vt 0.390625 0.000000
vt 0.375000 0.437500
vt 0.375000 0.875000
vt 0.375000 0.375000
vt 0.375000 0.812500
vt 0.375000 0.312500
vt 0.375000 0.750000
vt 0.375000 0.250000
vt 0.343750 0.437500
vt 0.343750 0.375000
vt 0.343750 0.875000
vt 0.343750 0.812500
vt 0.343750 0.312500
vt 0.343750 0.750000
vt 0.343750 0.250000
vt 0.343750 0.687500
vt 0.343750 0.187500
vt 0.343750 0.625000
vt 0.343750 0.125000
vt 0.343750 0.562500
vt 0.343750 0.062500
vt 0.343750 0.500000
vt 0.359375 1.000000
vt 0.343750 0.937500
vt 0.359375 0.000000
vt 0.312500 0.187500
vt 0.312500 0.125000
vt 0.312500 0.625000
vt 0.312500 0.562500
vt 0.312500 0.062500
vt 0.312500 0.500000
vt 0.328125 1.000000
vt 0.312500 0.937500
vt 0.328125 0.000000
vt 0.312500 0.437500
vt 0.312500 0.875000
vt 0.312500 0.375000
vt 0.312500 0.812500
vt 0.312500 0.312500
vt 0.312500 0.750000
vt 0.312500 0.250000
vt 0.312500 0.687500
vt 0.281250 0.875000
vt 0.281250 0.812500
vt 0.281250 0.375000
vt 0.281250 0.312500
vt 0.281250 0.750000
vt 0.281250 0.250000
vt 0.281250 0.687500
vt 0.281250 0.187500
vt 0.281250 0.625000
vt 0.281250 0.125000
vt 0.281250 0.562500
vt 0.281250 0.062500
vt 0.281250 0.500000
vt 0.296875 1.000000
vt 0.281250 0.937500
vt 0.296875 0.000000
vt 0.281250 0.437500
vt 0.250000 0.625000
vt 0.250000 0.562500
vt 0.250000 0.125000
vt 0.250000 0.062500
vt 0.250000 0.500000
vt 0.265625 1.000000
vt 0.250000 0.937500
vt 0.265625 0.000000
vt 0.250000 0.437500
vt 0.250000 0.875000
vt 0.250000 0.375000
vt 0.250000 0.812500
vt 0.250000 0.312500
vt 0.250000 0.750000
vt 0.250000 0.250000
vt 0.250000 0.687500
vt 0.250000 0.187500
vt 0.218750 0.375000
vt 0.218750 0.312500
vt 0.218750 0.812500
vt 0.218750 0.750000
vt 0.218750 0.250000
vt 0.218750 0.687500
vt 0.218750 0.187500
vt 0.218750 0.625000
vt 0.218750 0.125000
vt 0.218750 0.562500
vt 0.218750 0.062500
vt 0.218750 0.500000
vt 0.234375 1.000000
vt 0.218750 0.937500
vt 0.234375 0.000000
vt 0.218750 0.437500
vt 0.218750 0.875000
vt 0.187500 0.125000
vt 0.187500 0.062500
vt 0.187500 0.562500
vt 0.187500 0.500000
vt 0.203125 1.000000
vt 0.187500 0.937500
vt 0.203125 0.000000
vt 0.187500 0.437500
vt 0.187500 0.875000
vt 0.187500 0.375000
vt 0.187500 0.812500
vt 0.187500 0.312500
vt 0.187500 0.750000
vt 0.187500 0.250000
vt 0.187500 0.687500
vt 0.187500 0.187500
vt 0.187500 0.625000
vt 0.156250 0.312500
vt 0.156250 0.250000
vt 0.156250 0.750000
vt 0.156250 0.687500
vt 0.156250 0.187500
vt 0.156250 0.625000
vt 0.156250 0.125000
vt 0.156250 0.562500
vt 0.156250 0.062500
vt 0.156250 0.500000
vt 0.171875 1.000000
vt 0.156250 0.937500
vt 0.171875 0.000000
vt 0.156250 0.437500
vt 0.156250 0.875000
vt 0.156250 0.375000
vt 0.156250 0.812500
vt 0.140625 1.000000
vt 0.125000 0.937500
vt 0.140625 0.000000
vt 0.125000 0.062500
vt 0.125000 0.500000
vt 0.125000 0.437500
vt 0.125000 0.875000
vt 0.125000 0.375000
vt 0.125000 0.812500
vt 0.125000 0.312500
vt 0.125000 0.750000
vt 0.125000 0.250000
vt 0.125000 0.687500
vt 0.125000 0.187500
vt 0.125000 0.625000
vt 0.125000 0.125000
vt 0.125000 0.562500
vt 0.093750 0.750000
vt 0.093750 0.687500
vt 0.093750 0.250000
vt 0.093750 0.187500
vt 0.093750 0.625000
vt 0.093750 0.125000
vt 0.093750 0.562500
vt 0.093750 0.062500
vt 0.093750 0.500000
vt 0.109375 1.000000
vt 0.093750 0.937500
vt 0.109375 0.000000
vt 0.093750 0.437500
vt 0.093750 0.875000
vt 0.093750 0.375000
vt 0.093750 0.812500
vt 0.093750 0.312500
vt 0.062500 0.500000
vt 0.062500 0.437500
vt 0.062500 0.937500
vt 0.062500 0.875000
vt 0.062500 0.375000
vt 0.062500 0.812500
vt 0.062500 0.312500
vt 0.062500 0.750000
vt 0.062500 0.250000
vt 0.062500 0.687500
vt 0.062500 0.187500
vt 0.062500 0.625000
vt 0.062500 0.125000
vt 0.062500 0.562500
vt 0.062500 0.062500
vt 0.078125 1.000000
vt 0.078125 0.000000
vt 0.031250 0.250000
vt 0.031250 0.187500
vt 0.031250 0.687500
vt 0.031250 0.625000
vt 0.031250 0.125000
vt 0.031250 0.562500
vt 0.031250 0.062500
vt 0.031250 0.500000
vt 0.046875 1.000000
vt 0.031250 0.937500
vt 0.046875 0.000000
vt 0.031250 0.437500
vt 0.031250 0.875000
vt 0.031250 0.375000
vt 0.031250 0.812500
vt 0.031250 0.312500
vt 0.031250 0.750000
vt 0.000000 0.937500
vt 0.000000 0.875000
vt 0.000000 0.437500
vt 0.000000 0.375000
vt 0.000000 0.812500
vt 0.000000 0.312500
vt 0.000000 0.750000
vt 0.000000 0.250000
vt 0.000000 0.687500
vt 0.000000 0.187500
vt 0.000000 0.625000
vt 0.000000 0.125000
vt 0.000000 0.562500
vt 0.000000 0.062500
vt 0.000000 0.500000
vt 0.015625 1.000000
vt 0.015625 0.000000
vt 1.000000 0.625000
vt 1.000000 0.687500
vt 0.968750 0.687500
vt 0.968750 0.625000
vt 1.000000 0.125000
vt 1.000000 0.187500
vt 0.968750 0.187500
vt 0.968750 0.125000
vt 1.000000 0.562500
vt 0.968750 0.562500
vt 1.000000 0.062500
vt 0.968750 0.062500
vt 1.000000 0.500000
vt 0.968750 0.500000
vt 1.000000 0.937500
vt 0.984375 1.000000
vt 0.968750 0.937500
vt 0.984375 0.000000
vt 1.000000 0.437500
vt 0.968750 0.437500
vt 1.000000 0.875000
vt 0.968750 0.875000
vt 1.000000 0.375000
vt 0.968750 0.375000
vt 1.000000 0.812500
vt 0.968750 0.812500
vt 1.000000 0.312500
vt 0.968750 0.312500
vt 1.000000 0.750000
vt 0.968750 0.750000
vt 1.000000 0.250000
vt 0.968750 0.250000
vt 0.937500 0.437500
vt 0.937500 0.375000
vt 0.937500 0.875000
vt 0.937500 0.812500
vt 0.937500 0.312500
vt 0.937500 0.750000
vt 0.937500 0.250000
vt 0.937500 0.687500
vt 0.937500 0.187500
vt 0.937500 0.625000
vt 0.937500 0.125000
vt 0.937500 0.562500
vt 0.937500 0.062500
vt 0.937500 0.500000
vt 0.953125 1.000000
vt 0.937500 0.937500
vt 0.953125 0.000000
vt 0.906250 0.187500
vt 0.906250 0.125000
vt 0.906250 0.625000
vt 0.906250 0.562500
vt 0.906250 0.062500
vt 0.906250 0.500000
vt 0.921875 1.000000
vt 0.906250 0.937500
vt 0.921875 0.000000
vt 0.906250 0.437500
vt 0.906250 0.875000
vt 0.906250 0.375000
vt 0.906250 0.812500
vt 0.906250 0.312500
vt 0.906250 0.750000
vt 0.906250 0.250000
vt 0.906250 0.687500
vt 0.875000 0.375000
vt 0.875000 0.312500
vt 0.875000 0.812500
vt 0.875000 0.750000
vt 0.875000 0.250000
vt 0.875000 0.687500
vt 0.875000 0.187500
vt 0.875000 0.625000
vt 0.875000 0.125000
vt 0.875000 0.562500
vt 0.875000 0.062500
vt 0.875000 0.500000
vt 0.890625 1.000000
vt 0.875000 0.937500
vt 0.890625 0.000000
vt 0.875000 0.437500
vt 0.875000 0.875000
vt 0.843750 0.125000
vt 0.843750 0.062500
vt 0.843750 0.562500
vt 0.843750 0.500000
vt 0.859375 1.000000
vt 0.843750 0.937500
vt 0.859375 0.000000
vt 0.843750 0.437500
vt 0.843750 0.875000
vt 0.843750 0.375000
vt 0.843750 0.812500
vt 0.843750 0.312500
vt 0.843750 0.750000
vt 0.843750 0.250000
vt 0.843750 0.687500
vt 0.843750 0.187500
vt 0.843750 0.625000
vt 0.812500 0.812500
vt 0.812500 0.750000
vt 0.812500 0.312500
vt 0.812500 0.250000
vt 0.812500 0.687500
vt 0.812500 0.187500
vt 0.812500 0.625000
vt 0.812500 0.125000
vt 0.812500 0.562500
vt 0.812500 0.062500
vt 0.812500 0.500000
vt 0.828125 1.000000
vt 0.812500 0.937500
vt 0.828125 0.000000
vt 0.812500 0.437500
vt 0.812500 0.875000
vt 0.812500 0.375000
vt 0.781250 0.562500
vt 0.781250 0.500000
vt 0.796875 1.000000
vt 0.781250 0.937500
vt 0.796875 0.000000
vt 0.781250 0.062500
vt 0.781250 0.437500
vt 0.781250 0.875000
vt 0.781250 0.375000
vt 0.781250 0.812500
vt 0.781250 0.312500
vt 0.781250 0.750000
vt 0.781250 0.250000
vt 0.781250 0.687500
vt 0.781250 0.187500
vt 0.781250 0.625000
vt 0.781250 0.125000
vt 0.765625 1.000000
vt 0.765625 0.000000
s 1
f 3222/1042/2517 2747/1043/2042 2755/1044/2050 2756/1045/2051
f 3225/1046/2520 2752/1047/2047 2763/1048/2058 2764/1049/2059
f 2748/1050/2043 3222/1042/2517 2756/1045/2051 2757/1051/2052
f 3226/1052/2521 3225/1046/2520 2764/1049/2059 2765/1053/2060
f 3223/1054/2518 2748/1050/2043 2757/1051/2052 2758/1055/2053
f 3227/1056/2522 3226/1052/2521 2765/1053/2060 2766/1057/2061
f 2749/1058/2044 3223/1054/2518 2758/1055/2053 2759/1059/2054
f 3228/1060/2523 3227/1056/2522 2766/1057/2061 2767/1061/2062
f 2750/1062/2045 2749/1058/2044 2759/1059/2054 2760/1063/2055
f 3220/1064/2515 2828/1065/2123 2753/1066/2048
f 3054/1067/2349 3228/1060/2523 2767/1061/2062
f 2751/1068/2046 2750/1062/2045 2760/1063/2055 2761/1069/2056
f 3221/1070/2516 3220/1064/2515 2753/1066/2048 2754/1071/2049
f 3224/1072/2519 2751/1068/2046 2761/1069/2056 2762/1073/2057
f 2747/1043/2042 3221/1070/2516 2754/1071/2049 2755/1044/2050
f 2752/1047/2047 3224/1072/2519 2762/1073/2057 2763/1048/2058
f 2755/1044/2050 2754/1071/2049 2769/1074/2064 2770/1075/2065
f 2763/1048/2058 2762/1073/2057 2777/1076/2072 2778/1077/2073
f 2756/1045/2051 2755/1044/2050 2770/1075/2065 2771/1078/2066
f 2764/1049/2059 2763/1048/2058 2778/1077/2073 2779/1079/2074
f 2757/1051/2052 2756/1045/2051 2771/1078/2066 2772/1080/2067
f 2765/1053/2060 2764/1049/2059 2779/1079/2074 2780/1081/2075
f 2758/1055/2053 2757/1051/2052 2772/1080/2067 2773/1082/2068
f 2766/1057/2061 2765/1053/2060 2780/1081/2075 2781/1083/2076
f 2759/1059/2054 2758/1055/2053 2773/1082/2068 2774/1084/2069
f 2767/1061/2062 2766/1057/2061 2781/1083/2076 2782/1085/2077
f 2760/1063/2055 2759/1059/2054 2774/1084/2069 2775/1086/2070
f 2753/1066/2048 2828/1087/2123 2768/1088/2063
f 3054/1089/2349 2767/1061/2062 2782/1085/2077
f 2761/1069/2056 2760/1063/2055 2775/1086/2070 2776/1090/2071
f 2754/1071/2049 2753/1066/2048 2768/1088/2063 2769/1074/2064
f 2762/1073/2057 2761/1069/2056 2776/1090/2071 2777/1076/2072
f 2774/1084/2069 2773/1082/2068 2788/1091/2083 2789/1092/2084
f 2782/1085/2077 2781/1083/2076 2796/1093/2091 2797/1094/2092
f 2775/1086/2070 2774/1084/2069 2789/1092/2084 2790/1095/2085
f 2768/1088/2063 2828/1096/2123 2783/1097/2078
f 3054/1098/2349 2782/1085/2077 2797/1094/2092
f 2776/1090/2071 2775/1086/2070 2790/1095/2085 2791/1099/2086
f 2769/1074/2064 2768/1088/2063 2783/1097/2078 2784/1100/2079
f 2777/1076/2072 2776/1090/2071 2791/1099/2086 2792/1101/2087
f 2770/1075/2065 2769/1074/2064 2784/1100/2079 2785/1102/2080
f 2778/1077/2073 2777/1076/2072 2792/1101/2087 2793/1103/2088
f 2771/1078/2066 2770/1075/2065 2785/1102/2080 2786/1104/2081
f 2779/1079/2074 2778/1077/2073 2793/1103/2088 2794/1105/2089
f 2772/1080/2067 2771/1078/2066 2786/1104/2081 2787/1106/2082
f 2780/1081/2075 2779/1079/2074 2794/1105/2089 2795/1107/2090
f 2773/1082/2068 2772/1080/2067 2787/1106/2082 2788/1091/2083
f 2781/1083/2076 2780/1081/2075 2795/1107/2090 2796/1093/2091
f 2793/1103/2088 2792/1101/2087 2807/1108/2102 2808/1109/2103
f 2786/1104/2081 2785/1102/2080 2800/1110/2095 2801/1111/2096
f 2794/1105/2089 2793/1103/2088 2808/1109/2103 2809/1112/2104
f 2787/1106/2082 2786/1104/2081 2801/1111/2096 2802/1113/2097
f 2795/1107/2090 2794/1105/2089 2809/1112/2104 2810/1114/2105
f 2788/1091/2083 2787/1106/2082 2802/1113/2097 2803/1115/2098
f 2796/1093/2091 2795/1107/2090 2810/1114/2105 2811/1116/2106
f 2789/1092/2084 2788/1091/2083 2803/1115/2098 2804/1117/2099
f 2797/1094/2092 2796/1093/2091 2811/1116/2106 2812/1118/2107
f 2790/1095/2085 2789/1092/2084 2804/1117/2099 2805/1119/2100
f 2783/1097/2078 2828/1120/2123 2798/1121/2093
f 3054/1122/2349 2797/1094/2092 2812/1118/2107
f 2791/1099/2086 2790/1095/2085 2805/1119/2100 2806/1123/2101
f 2784/1100/2079 2783/1097/2078 2798/1121/2093 2799/1124/2094
f 2792/1101/2087 2791/1099/2086 2806/1123/2101 2807/1108/2102
f 2785/1102/2080 2784/1100/2079 2799/1124/2094 2800/1110/2095
f 2812/1118/2107 2811/1116/2106 2826/1125/2121 2827/1126/2122
f 2805/1119/2100 2804/1117/2099 2819/1127/2114 2820/1128/2115
f 2798/1121/2093 2828/1129/2123 2813/1130/2108
f 3054/1131/2349 2812/1118/2107 2827/1126/2122
f 2806/1123/2101 2805/1119/2100 2820/1128/2115 2821/1132/2116
f 2799/1124/2094 2798/1121/2093 2813/1130/2108 2814/1133/2109
f 2807/1108/2102 2806/1123/2101 2821/1132/2116 2822/1134/2117
f 2800/1110/2095 2799/1124/2094 2814/1133/2109 2815/1135/2110
f 2808/1109/2103 2807/1108/2102 2822/1134/2117 2823/1136/2118
f 2801/1111/2096 2800/1110/2095 2815/1135/2110 2816/1137/2111
f 2809/1112/2104 2808/1109/2103 2823/1136/2118 2824/1138/2119
f 2802/1113/2097 2801/1111/2096 2816/1137/2111 2817/1139/2112
f 2810/1114/2105 2809/1112/2104 2824/1138/2119 2825/1140/2120
f 2803/1115/2098 2802/1113/2097 2817/1139/2112 2818/1141/2113
f 2811/1116/2106 2810/1114/2105 2825/1140/2120 2826/1125/2121
f 2804/1117/2099 2803/1115/2098 2818/1141/2113 2819/1127/2114
f 2816/1137/2111 2815/1135/2110 2831/1142/2126 2832/1143/2127
f 2824/1138/2119 2823/1136/2118 2839/1144/2134 2840/1145/2135
f 2817/1139/2112 2816/1137/2111 2832/1143/2127 2833/1146/2128
f 2825/1140/2120 2824/1138/2119 2840/1145/2135 2841/1147/2136
f 2818/1141/2113 2817/1139/2112 2833/1146/2128 2834/1148/2129
f 2826/1125/2121 2825/1140/2120 2841/1147/2136 2842/1149/2137
f 2819/1127/2114 2818/1141/2113 2834/1148/2129 2835/1150/2130
f 2827/1126/2122 2826/1125/2121 2842/1149/2137 2843/1151/2138
f 2820/1128/2115 2819/1127/2114 2835/1150/2130 2836/1152/2131
f 2813/1130/2108 2828/1153/2123 2829/1154/2124
f 3054/1155/2349 2827/1126/2122 2843/1151/2138
f 2821/1132/2116 2820/1128/2115 2836/1152/2131 2837/1156/2132
f 2814/1133/2109 2813/1130/2108 2829/1154/2124 2830/1157/2125
f 2822/1134/2117 2821/1132/2116 2837/1156/2132 2838/1158/2133
f 2815/1135/2110 2814/1133/2109 2830/1157/2125 2831/1142/2126
f 2823/1136/2118 2822/1134/2117 2838/1158/2133 2839/1144/2134
f 2836/1152/2131 2835/1150/2130 2850/1159/2145 2851/1160/2146
f 2829/1154/2124 2828/1161/2123 2844/1162/2139
f 3054/1163/2349 2843/1151/2138 2858/1164/2153
f 2837/1156/2132 2836/1152/2131 2851/1160/2146 2852/1165/2147
f 2830/1157/2125 2829/1154/2124 2844/1162/2139 2845/1166/2140
f 2838/1158/2133 2837/1156/2132 2852/1165/2147 2853/1167/2148
f 2831/1142/2126 2830/1157/2125 2845/1166/2140 2846/1168/2141
f 2839/1144/2134 2838/1158/2133 2853/1167/2148 2854/1169/2149
f 2832/1143/2127 2831/1142/2126 2846/1168/2141 2847/1170/2142
f 2840/1145/2135 2839/1144/2134 2854/1169/2149 2855/1171/2150
f 2833/1146/2128 2832/1143/2127 2847/1170/2142 2848/1172/2143
f 2841/1147/2136 2840/1145/2135 2855/1171/2150 2856/1173/2151
f 2834/1148/2129 2833/1146/2128 2848/1172/2143 2849/1174/2144
f 2842/1149/2137 2841/1147/2136 2856/1173/2151 2857/1175/2152
f 2835/1150/2130 2834/1148/2129 2849/1174/2144 2850/1159/2145
f 2843/1151/2138 2842/1149/2137 2857/1175/2152 2858/1164/2153
f 2855/1171/2150 2854/1169/2149 2869/1176/2164 2870/1177/2165
f 2848/1172/2143 2847/1170/2142 2862/1178/2157 2863/1179/2158
f 2856/1173/2151 2855/1171/2150 2870/1177/2165 2871/1180/2166
f 2849/1174/2144 2848/1172/2143 2863/1179/2158 2864/1181/2159
f 2857/1175/2152 2856/1173/2151 2871/1180/2166 2872/1182/2167
f 2850/1159/2145 2849/1174/2144 2864/1181/2159 2865/1183/2160
f 2858/1164/2153 2857/1175/2152 2872/1182/2167 2873/1184/2168
f 2851/1160/2146 2850/1159/2145 2865/1183/2160 2866/1185/2161
f 2844/1162/2139 2828/1186/2123 2859/1187/2154
f 3054/1188/2349 2858/1164/2153 2873/1184/2168
f 2852/1165/2147 2851/1160/2146 2866/1185/2161 2867/1189/2162
f 2845/1166/2140 2844/1162/2139 2859/1187/2154 2860/1190/2155
f 2853/1167/2148 2852/1165/2147 2867/1189/2162 2868/1191/2163
f 2846/1168/2141 2845/1166/2140 2860/1190/2155 2861/1192/2156
f 2854/1169/2149 2853/1167/2148 2868/1191/2163 2869/1176/2164
f 2847/1170/2142 2846/1168/2141 2861/1192/2156 2862/1178/2157
f 3054/1193/2349 2873/1184/2168 2888/1194/2183
f 2867/1189/2162 2866/1185/2161 2881/1195/2176 2882/1196/2177
f 2860/1190/2155 2859/1187/2154 2874/1197/2169 2875/1198/2170
f 2868/1191/2163 2867/1189/2162 2882/1196/2177 2883/1199/2178
f 2861/1192/2156 2860/1190/2155 2875/1198/2170 2876/1200/2171
f 2869/1176/2164 2868/1191/2163 2883/1199/2178 2884/1201/2179
f 2862/1178/2157 2861/1192/2156 2876/1200/2171 2877/1202/2172
f 2870/1177/2165 2869/1176/2164 2884/1201/2179 2885/1203/2180
f 2863/1179/2158 2862/1178/2157 2877/1202/2172 2878/1204/2173
f 2871/1180/2166 2870/1177/2165 2885/1203/2180 2886/1205/2181
f 2864/1181/2159 2863/1179/2158 2878/1204/2173 2879/1206/2174
f 2872/1182/2167 2871/1180/2166 2886/1205/2181 2887/1207/2182
f 2865/1183/2160 2864/1181/2159 2879/1206/2174 2880/1208/2175
f 2873/1184/2168 2872/1182/2167 2887/1207/2182 2888/1194/2183
f 2866/1185/2161 2865/1183/2160 2880/1208/2175 2881/1195/2176
f 2859/1187/2154 2828/1209/2123 2874/1197/2169
f 2886/1205/2181 2885/1203/2180 2900/1210/2195 2901/1211/2196
f 2879/1206/2174 2878/1204/2173 2893/1212/2188 2894/1213/2189
f 2887/1207/2182 2886/1205/2181 2901/1211/2196 2902/1214/2197
f 2880/1208/2175 2879/1206/2174 2894/1213/2189 2895/1215/2190
f 2888/1194/2183 2887/1207/2182 2902/1214/2197 2903/1216/2198
f 2881/1195/2176 2880/1208/2175 2895/1215/2190 2896/1217/2191
f 2874/1197/2169 2828/1218/2123 2889/1219/2184
f 3054/1220/2349 2888/1194/2183 2903/1216/2198
f 2882/1196/2177 2881/1195/2176 2896/1217/2191 2897/1221/2192
f 2875/1198/2170 2874/1197/2169 2889/1219/2184 2890/1222/2185
f 2883/1199/2178 2882/1196/2177 2897/1221/2192 2898/1223/2193
f 2876/1200/2171 2875/1198/2170 2890/1222/2185 2891/1224/2186
f 2884/1201/2179 2883/1199/2178 2898/1223/2193 2899/1225/2194
f 2877/1202/2172 2876/1200/2171 2891/1224/2186 2892/1226/2187
f 2885/1203/2180 2884/1201/2179 2899/1225/2194 2900/1210/2195
f 2878/1204/2173 2877/1202/2172 2892/1226/2187 2893/1212/2188
f 2890/1222/2185 2889/1219/2184 2904/1227/2199 2905/1228/2200
f 2898/1223/2193 2897/1221/2192 2912/1229/2207 2913/1230/2208
f 2891/1224/2186 2890/1222/2185 2905/1228/2200 2906/1231/2201
f 2899/1225/2194 2898/1223/2193 2913/1230/2208 2914/1232/2209
f 2892/1226/2187 2891/1224/2186 2906/1231/2201 2907/1233/2202
f 2900/1210/2195 2899/1225/2194 2914/1232/2209 2915/1234/2210
f 2893/1212/2188 2892/1226/2187 2907/1233/2202 2908/1235/2203
f 2901/1211/2196 2900/1210/2195 2915/1234/2210 2916/1236/2211
f 2894/1213/2189 2893/1212/2188 2908/1235/2203 2909/1237/2204
f 2902/1214/2197 2901/1211/2196 2916/1236/2211 2917/1238/2212
f 2895/1215/2190 2894/1213/2189 2909/1237/2204 2910/1239/2205
f 2903/1216/2198 2902/1214/2197 2917/1238/2212 2918/1240/2213
f 2896/1217/2191 2895/1215/2190 2910/1239/2205 2911/1241/2206
f 2889/1219/2184 2828/1242/2123 2904/1227/2199
f 3054/1243/2349 2903/1216/2198 2918/1240/2213
f 2897/1221/2192 2896/1217/2191 2911/1241/2206 2912/1229/2207
f 2909/1237/2204 2908/1235/2203 2923/1244/2218 2924/1245/2219
f 2917/1238/2212 2916/1236/2211 2931/1246/2226 2932/1247/2227
f 2910/1239/2205 2909/1237/2204 2924/1245/2219 2925/1248/2220
f 2918/1240/2213 2917/1238/2212 2932/1247/2227 2933/1249/2228
f 2911/1241/2206 2910/1239/2205 2925/1248/2220 2926/1250/2221
f 2904/1227/2199 2828/1251/2123 2919/1252/2214
f 3054/1253/2349 2918/1240/2213 2933/1249/2228
f 2912/1229/2207 2911/1241/2206 2926/1250/2221 2927/1254/2222
f 2905/1228/2200 2904/1227/2199 2919/1252/2214 2920/1255/2215
f 2913/1230/2208 2912/1229/2207 2927/1254/2222 2928/1256/2223
f 2906/1231/2201 2905/1228/2200 2920/1255/2215 2921/1257/2216
f 2914/1232/2209 2913/1230/2208 2928/1256/2223 2929/1258/2224
f 2907/1233/2202 2906/1231/2201 2921/1257/2216 2922/1259/2217
f 2915/1234/2210 2914/1232/2209 2929/1258/2224 2930/1260/2225
f 2908/1235/2203 2907/1233/2202 2922/1259/2217 2923/1244/2218
f 2916/1236/2211 2915/1234/2210 2930/1260/2225 2931/1246/2226
f 2928/1256/2223 2927/1254/2222 2942/1261/2237 2943/1262/2238
f 2921/1257/2216 2920/1255/2215 2935/1263/2230 2936/1264/2231
f 2929/1258/2224 2928/1256/2223 2943/1262/2238 2944/1265/2239
f 2922/1259/2217 2921/1257/2216 2936/1264/2231 2937/1266/2232
f 2930/1260/2225 2929/1258/2224 2944/1265/2239 2945/1267/2240
f 2923/1244/2218 2922/1259/2217 2937/1266/2232 2938/1268/2233
f 2931/1246/2226 2930/1260/2225 2945/1267/2240 2946/1269/2241
f 2924/1245/2219 2923/1244/2218 2938/1268/2233 2939/1270/2234
f 2932/1247/2227 2931/1246/2226 2946/1269/2241 2947/1271/2242
f 2925/1248/2220 2924/1245/2219 2939/1270/2234 2940/1272/2235
f 2933/1249/2228 2932/1247/2227 2947/1271/2242 2948/1273/2243
f 2926/1250/2221 2925/1248/2220 2940/1272/2235 2941/1274/2236
f 2919/1252/2214 2828/1275/2123 2934/1276/2229
f 3054/1277/2349 2933/1249/2228 2948/1273/2243
f 2927/1254/2222 2926/1250/2221 2941/1274/2236 2942/1261/2237
f 2920/1255/2215 2919/1252/2214 2934/1276/2229 2935/1263/2230
f 2947/1271/2242 2946/1269/2241 2961/1278/2256 2962/1279/2257
f 2940/1272/2235 2939/1270/2234 2954/1280/2249 2955/1281/2250
f 2948/1273/2243 2947/1271/2242 2962/1279/2257 2963/1282/2258
f 2941/1274/2236 2940/1272/2235 2955/1281/2250 2956/1283/2251
f 2934/1276/2229 2828/1284/2123 2949/1285/2244
f 3054/1286/2349 2948/1273/2243 2963/1282/2258
f 2942/1261/2237 2941/1274/2236 2956/1283/2251 2957/1287/2252
f 2935/1263/2230 2934/1276/2229 2949/1285/2244 2950/1288/2245
f 2943/1262/2238 2942/1261/2237 2957/1287/2252 2958/1289/2253
f 2936/1264/2231 2935/1263/2230 2950/1288/2245 2951/1290/2246
f 2944/1265/2239 2943/1262/2238 2958/1289/2253 2959/1291/2254
f 2937/1266/2232 2936/1264/2231 2951/1290/2246 2952/1292/2247
f 2945/1267/2240 2944/1265/2239 2959/1291/2254 2960/1293/2255
f 2938/1268/2233 2937/1266/2232 2952/1292/2247 2953/1294/2248
f 2946/1269/2241 2945/1267/2240 2960/1293/2255 2961/1278/2256
f 2939/1270/2234 2938/1268/2233 2953/1294/2248 2954/1280/2249
f 2951/1290/2246 2950/1288/2245 2965/1295/2260 2966/1296/2261
f 2959/1291/2254 2958/1289/2253 2973/1297/2268 2974/1298/2269
f 2952/1292/2247 2951/1290/2246 2966/1296/2261 2967/1299/2262
f 2960/1293/2255 2959/1291/2254 2974/1298/2269 2975/1300/2270
f 2953/1294/2248 2952/1292/2247 2967/1299/2262 2968/1301/2263
f 2961/1278/2256 2960/1293/2255 2975/1300/2270 2976/1302/2271
f 2954/1280/2249 2953/1294/2248 2968/1301/2263 2969/1303/2264
f 2962/1279/2257 2961/1278/2256 2976/1302/2271 2977/1304/2272
f 2955/1281/2250 2954/1280/2249 2969/1303/2264 2970/1305/2265
f 2963/1282/2258 2962/1279/2257 2977/1304/2272 2978/1306/2273
f 2956/1283/2251 2955/1281/2250 2970/1305/2265 2971/1307/2266
f 2949/1285/2244 2828/1308/2123 2964/1309/2259
f 3054/1310/2349 2963/1282/2258 2978/1306/2273
f 2957/1287/2252 2956/1283/2251 2971/1307/2266 2972/1311/2267
f 2950/1288/2245 2949/1285/2244 2964/1309/2259 2965/1295/2260
f 2958/1289/2253 2957/1287/2252 2972/1311/2267 2973/1297/2268
f 2970/1305/2265 2969/1303/2264 2984/1312/2279 2985/1313/2280
f 2978/1306/2273 2977/1304/2272 2992/1314/2287 2993/1315/2288
f 2971/1307/2266 2970/1305/2265 2985/1313/2280 2986/1316/2281
f 2964/1309/2259 2828/1317/2123 2979/1318/2274
f 3054/1319/2349 2978/1306/2273 2993/1315/2288
f 2972/1311/2267 2971/1307/2266 2986/1316/2281 2987/1320/2282
f 2965/1295/2260 2964/1309/2259 2979/1318/2274 2980/1321/2275
f 2973/1297/2268 2972/1311/2267 2987/1320/2282 2988/1322/2283
f 2966/1296/2261 2965/1295/2260 2980/1321/2275 2981/1323/2276
f 2974/1298/2269 2973/1297/2268 2988/1322/2283 2989/1324/2284
f 2967/1299/2262 2966/1296/2261 2981/1323/2276 2982/1325/2277
f 2975/1300/2270 2974/1298/2269 2989/1324/2284 2990/1326/2285
f 2968/1301/2263 2967/1299/2262 2982/1325/2277 2983/1327/2278
f 2976/1302/2271 2975/1300/2270 2990/1326/2285 2991/1328/2286
f 2969/1303/2264 2968/1301/2263 2983/1327/2278 2984/1312/2279
f 2977/1304/2272 2976/1302/2271 2991/1328/2286 2992/1314/2287
f 2989/1324/2284 2988/1322/2283 3003/1329/2298 3004/1330/2299
f 2982/1325/2277 2981/1323/2276 2996/1331/2291 2997/1332/2292
f 2990/1326/2285 2989/1324/2284 3004/1330/2299 3005/1333/2300
f 2983/1327/2278 2982/1325/2277 2997/1332/2292 2998/1334/2293
f 2991/1328/2286 2990/1326/2285 3005/1333/2300 3006/1335/2301
f 2984/1312/2279 2983/1327/2278 2998/1334/2293 2999/1336/2294
f 2992/1314/2287 2991/1328/2286 3006/1335/2301 3007/1337/2302
f 2985/1313/2280 2984/1312/2279 2999/1336/2294 3000/1338/2295
f 2993/1315/2288 2992/1314/2287 3007/1337/2302 3008/1339/2303
f 2986/1316/2281 2985/1313/2280 3000/1338/2295 3001/1340/2296
f 2979/1318/2274 2828/1341/2123 2994/1342/2289
f 3054/1343/2349 2993/1315/2288 3008/1339/2303
f 2987/1320/2282 2986/1316/2281 3001/1340/2296 3002/1344/2297
f 2980/1321/2275 2979/1318/2274 2994/1342/2289 2995/1345/2290
f 2988/1322/2283 2987/1320/2282 3002/1344/2297 3003/1329/2298
f 2981/1323/2276 2980/1321/2275 2995/1345/2290 2996/1331/2291
f 3008/1339/2303 3007/1337/2302 3022/1346/2317 3023/1347/2318
f 3001/1340/2296 3000/1338/2295 3015/1348/2310 3016/1349/2311
f 2994/1342/2289 2828/1350/2123 3009/1351/2304
f 3054/1352/2349 3008/1339/2303 3023/1347/2318
f 3002/1344/2297 3001/1340/2296 3016/1349/2311 3017/1353/2312
f 2995/1345/2290 2994/1342/2289 3009/1351/2304 3010/1354/2305
f 3003/1329/2298 3002/1344/2297 3017/1353/2312 3018/1355/2313
f 2996/1331/2291 2995/1345/2290 3010/1354/2305 3011/1356/2306
f 3004/1330/2299 3003/1329/2298 3018/1355/2313 3019/1357/2314
f 2997/1332/2292 2996/1331/2291 3011/1356/2306 3012/1358/2307
f 3005/1333/2300 3004/1330/2299 3019/1357/2314 3020/1359/2315
f 2998/1334/2293 2997/1332/2292 3012/1358/2307 3013/1360/2308
f 3006/1335/2301 3005/1333/2300 3020/1359/2315 3021/1361/2316
f 2999/1336/2294 2998/1334/2293 3013/1360/2308 3014/1362/2309
f 3007/1337/2302 3006/1335/2301 3021/1361/2316 3022/1346/2317
f 3000/1338/2295 2999/1336/2294 3014/1362/2309 3015/1348/2310
f 3020/1359/2315 3019/1357/2314 3034/1363/2329 3035/1364/2330
f 3013/1360/2308 3012/1358/2307 3027/1365/2322 3028/1366/2323
f 3021/1361/2316 3020/1359/2315 3035/1364/2330 3036/1367/2331
f 3014/1362/2309 3013/1360/2308 3028/1366/2323 3029/1368/2324
f 3022/1346/2317 3021/1361/2316 3036/1367/2331 3037/1369/2332
f 3015/1348/2310 3014/1362/2309 3029/1368/2324 3030/1370/2325
f 3023/1347/2318 3022/1346/2317 3037/1369/2332 3038/1371/2333
f 3016/1349/2311 3015/1348/2310 3030/1370/2325 3031/1372/2326
f 3009/1351/2304 2828/1373/2123 3024/1374/2319
f 3054/1375/2349 3023/1347/2318 3038/1371/2333
f 3017/1353/2312 3016/1349/2311 3031/1372/2326 3032/1376/2327
f 3010/1354/2305 3009/1351/2304 3024/1374/2319 3025/1377/2320
f 3018/1355/2313 3017/1353/2312 3032/1376/2327 3033/1378/2328
f 3011/1356/2306 3010/1354/2305 3025/1377/2320 3026/1379/2321
f 3019/1357/2314 3018/1355/2313 3033/1378/2328 3034/1363/2329
f 3012/1358/2307 3011/1356/2306 3026/1379/2321 3027/1365/2322
f 3024/1374/2319 2828/1380/2123 3039/1381/2334
f 3054/1382/2349 3038/1371/2333 3053/1383/2348
f 3032/1376/2327 3031/1372/2326 3046/1384/2341 3047/1385/2342
f 3025/1377/2320 3024/1374/2319 3039/1381/2334 3040/1386/2335
f 3033/1378/2328 3032/1376/2327 3047/1385/2342 3048/1387/2343
f 3026/1379/2321 3025/1377/2320 3040/1386/2335 3041/1388/2336
f 3034/1363/2329 3033/1378/2328 3048/1387/2343 3049/1389/2344
f 3027/1365/2322 3026/1379/2321 3041/1388/2336 3042/1390/2337
f 3035/1364/2330 3034/1363/2329 3049/1389/2344 3050/1391/2345
f 3028/1366/2323 3027/1365/2322 3042/1390/2337 3043/1392/2338
f 3036/1367/2331 3035/1364/2330 3050/1391/2345 3051/1393/2346
f 3029/1368/2324 3028/1366/2323 3043/1392/2338 3044/1394/2339
f 3037/1369/2332 3036/1367/2331 3051/1393/2346 3052/1395/2347
f 3030/1370/2325 3029/1368/2324 3044/1394/2339 3045/1396/2340
f 3038/1371/2333 3037/1369/2332 3052/1395/2347 3053/1383/2348
f 3031/1372/2326 3030/1370/2325 3045/1396/2340 3046/1384/2341
f 3043/1392/2338 3042/1390/2337 3058/1397/2353 3059/1398/2354
f 3051/1393/2346 3050/1391/2345 3066/1399/2361 3067/1400/2362
f 3044/1394/2339 3043/1392/2338 3059/1398/2354 3060/1401/2355
f 3052/1395/2347 3051/1393/2346 3067/1400/2362 3068/1402/2363
f 3045/1396/2340 3044/1394/2339 3060/1401/2355 3061/1403/2356
f 3053/1383/2348 3052/1395/2347 3068/1402/2363 3069/1404/2364
f 3046/1384/2341 3045/1396/2340 3061/1403/2356 3062/1405/2357
f 3039/1381/2334 2828/1406/2123 3055/1407/2350
f 3054/1408/2349 3053/1383/2348 3069/1404/2364
f 3047/1385/2342 3046/1384/2341 3062/1405/2357 3063/1409/2358
f 3040/1386/2335 3039/1381/2334 3055/1407/2350 3056/1410/2351
f 3048/1387/2343 3047/1385/2342 3063/1409/2358 3064/1411/2359
f 3041/1388/2336 3040/1386/2335 3056/1410/2351 3057/1412/2352
f 3049/1389/2344 3048/1387/2343 3064/1411/2359 3065/1413/2360
f 3042/1390/2337 3041/1388/2336 3057/1412/2352 3058/1397/2353
f 3050/1391/2345 3049/1389/2344 3065/1413/2360 3066/1399/2361
f 3063/1409/2358 3062/1405/2357 3077/1414/2372 3078/1415/2373
f 3056/1410/2351 3055/1407/2350 3070/1416/2365 3071/1417/2366
f 3064/1411/2359 3063/1409/2358 3078/1415/2373 3079/1418/2374
f 3057/1412/2352 3056/1410/2351 3071/1417/2366 3072/1419/2367
f 3065/1413/2360 3064/1411/2359 3079/1418/2374 3080/1420/2375
f 3058/1397/2353 3057/1412/2352 3072/1419/2367 3073/1421/2368
f 3066/1399/2361 3065/1413/2360 3080/1420/2375 3081/1422/2376
f 3059/1398/2354 3058/1397/2353 3073/1421/2368 3074/1423/2369
f 3067/1400/2362 3066/1399/2361 3081/1422/2376 3082/1424/2377
f 3060/1401/2355 3059/1398/2354 3074/1423/2369 3075/1425/2370
f 3068/1402/2363 3067/1400/2362 3082/1424/2377 3083/1426/2378
f 3061/1403/2356 3060/1401/2355 3075/1425/2370 3076/1427/2371
f 3069/1404/2364 3068/1402/2363 3083/1426/2378 3084/1428/2379
f 3062/1405/2357 3061/1403/2356 3076/1427/2371 3077/1414/2372
f 3055/1407/2350 2828/1429/2123 3070/1416/2365
f 3054/1430/2349 3069/1404/2364 3084/1428/2379
f 3082/1424/2377 3081/1422/2376 3096/1431/2391 3097/1432/2392
f 3075/1425/2370 3074/1423/2369 3089/1433/2384 3090/1434/2385
f 3083/1426/2378 3082/1424/2377 3097/1432/2392 3098/1435/2393
f 3076/1427/2371 3075/1425/2370 3090/1434/2385 3091/1436/2386
f 3084/1428/2379 3083/1426/2378 3098/1435/2393 3099/1437/2394
f 3077/1414/2372 3076/1427/2371 3091/1436/2386 3092/1438/2387
f 3070/1416/2365 2828/1439/2123 3085/1440/2380
f 3054/1441/2349 3084/1428/2379 3099/1437/2394
f 3078/1415/2373 3077/1414/2372 3092/1438/2387 3093/1442/2388
f 3071/1417/2366 3070/1416/2365 3085/1440/2380 3086/1443/2381
f 3079/1418/2374 3078/1415/2373 3093/1442/2388 3094/1444/2389
f 3072/1419/2367 3071/1417/2366 3086/1443/2381 3087/1445/2382
f 3080/1420/2375 3079/1418/2374 3094/1444/2389 3095/1446/2390
f 3073/1421/2368 3072/1419/2367 3087/1445/2382 3088/1447/2383
f 3081/1422/2376 3080/1420/2375 3095/1446/2390 3096/1431/2391
f 3074/1423/2369 3073/1421/2368 3088/1447/2383 3089/1433/2384
f 3086/1443/2381 3085/1440/2380 3100/1448/2395 3101/1449/2396
f 3094/1444/2389 3093/1442/2388 3108/1450/2403 3109/1451/2404
f 3087/1445/2382 3086/1443/2381 3101/1449/2396 3102/1452/2397
f 3095/1446/2390 3094/1444/2389 3109/1451/2404 3110/1453/2405
f 3088/1447/2383 3087/1445/2382 3102/1452/2397 3103/1454/2398
f 3096/1431/2391 3095/1446/2390 3110/1453/2405 3111/1455/2406
f 3089/1433/2384 3088/1447/2383 3103/1454/2398 3104/1456/2399
f 3097/1432/2392 3096/1431/2391 3111/1455/2406 3112/1457/2407
f 3090/1434/2385 3089/1433/2384 3104/1456/2399 3105/1458/2400
f 3098/1435/2393 3097/1432/2392 3112/1457/2407 3113/1459/2408
f 3091/1436/2386 3090/1434/2385 3105/1458/2400 3106/1460/2401
f 3099/1437/2394 3098/1435/2393 3113/1459/2408 3114/1461/2409
f 3092/1438/2387 3091/1436/2386 3106/1460/2401 3107/1462/2402
f 3085/1440/2380 2828/1463/2123 3100/1448/2395
f 3054/1464/2349 3099/1437/2394 3114/1461/2409
f 3093/1442/2388 3092/1438/2387 3107/1462/2402 3108/1450/2403
f 3105/1465/2400 3104/1466/2399 3119/1467/2414 3120/1468/2415
f 3113/1469/2408 3112/1470/2407 3127/1471/2422 3128/1472/2423
f 3106/1473/2401 3105/1465/2400 3120/1468/2415 3121/1474/2416
f 3114/1475/2409 3113/1469/2408 3128/1472/2423 3129/1476/2424
f 3107/1477/2402 3106/1473/2401 3121/1474/2416 3122/1478/2417
f 3100/1479/2395 2828/1480/2123 3115/1481/2410
f 3054/1482/2349 3114/1475/2409 3129/1476/2424
f 3108/1483/2403 3107/1477/2402 3122/1478/2417 3123/1484/2418
f 3101/1485/2396 3100/1479/2395 3115/1481/2410 3116/1486/2411
f 3109/1487/2404 3108/1483/2403 3123/1484/2418 3124/1488/2419
f 3102/1489/2397 3101/1485/2396 3116/1486/2411 3117/1490/2412
f 3110/1491/2405 3109/1487/2404 3124/1488/2419 3125/1492/2420
f 3103/1493/2398 3102/1489/2397 3117/1490/2412 3118/1494/2413
f 3111/1495/2406 3110/1491/2405 3125/1492/2420 3126/1496/2421
f 3104/1466/2399 3103/1493/2398 3118/1494/2413 3119/1467/2414
f 3112/1470/2407 3111/1495/2406 3126/1496/2421 3127/1471/2422
f 3124/1488/2419 3123/1484/2418 3138/1497/2433 3139/1498/2434
f 3117/1490/2412 3116/1486/2411 3131/1499/2426 3132/1500/2427
f 3125/1492/2420 3124/1488/2419 3139/1498/2434 3140/1501/2435
f 3118/1494/2413 3117/1490/2412 3132/1500/2427 3133/1502/2428
f 3126/1496/2421 3125/1492/2420 3140/1501/2435 3141/1503/2436
f 3119/1467/2414 3118/1494/2413 3133/1502/2428 3134/1504/2429
f 3127/1471/2422 3126/1496/2421 3141/1503/2436 3142/1505/2437
f 3120/1468/2415 3119/1467/2414 3134/1504/2429 3135/1506/2430
f 3128/1472/2423 3127/1471/2422 3142/1505/2437 3143/1507/2438
f 3121/1474/2416 3120/1468/2415 3135/1506/2430 3136/1508/2431
f 3129/1476/2424 3128/1472/2423 3143/1507/2438 3144/1509/2439
f 3122/1478/2417 3121/1474/2416 3136/1508/2431 3137/1510/2432
f 3115/1481/2410 2828/1511/2123 3130/1512/2425
f 3054/1513/2349 3129/1476/2424 3144/1509/2439
f 3123/1484/2418 3122/1478/2417 3137/1510/2432 3138/1497/2433
f 3116/1486/2411 3115/1481/2410 3130/1512/2425 3131/1499/2426
f 3143/1507/2438 3142/1505/2437 3157/1514/2452 3158/1515/2453
f 3136/1508/2431 3135/1506/2430 3150/1516/2445 3151/1517/2446
f 3144/1509/2439 3143/1507/2438 3158/1515/2453 3159/1518/2454
f 3137/1510/2432 3136/1508/2431 3151/1517/2446 3152/1519/2447
f 3130/1512/2425 2828/1520/2123 3145/1521/2440
f 3054/1522/2349 3144/1509/2439 3159/1518/2454
f 3138/1497/2433 3137/1510/2432 3152/1519/2447 3153/1523/2448
f 3131/1499/2426 3130/1512/2425 3145/1521/2440 3146/1524/2441
f 3139/1498/2434 3138/1497/2433 3153/1523/2448 3154/1525/2449
f 3132/1500/2427 3131/1499/2426 3146/1524/2441 3147/1526/2442
f 3140/1501/2435 3139/1498/2434 3154/1525/2449 3155/1527/2450
f 3133/1502/2428 3132/1500/2427 3147/1526/2442 3148/1528/2443
f 3141/1503/2436 3140/1501/2435 3155/1527/2450 3156/1529/2451
f 3134/1504/2429 3133/1502/2428 3148/1528/2443 3149/1530/2444
f 3142/1505/2437 3141/1503/2436 3156/1529/2451 3157/1514/2452
f 3135/1506/2430 3134/1504/2429 3149/1530/2444 3150/1516/2445
f 3155/1527/2450 3154/1525/2449 3169/1531/2464 3170/1532/2465
f 3148/1528/2443 3147/1526/2442 3162/1533/2457 3163/1534/2458
f 3156/1529/2451 3155/1527/2450 3170/1532/2465 3171/1535/2466
f 3149/1530/2444 3148/1528/2443 3163/1534/2458 3164/1536/2459
f 3157/1514/2452 3156/1529/2451 3171/1535/2466 3172/1537/2467
f 3150/1516/2445 3149/1530/2444 3164/1536/2459 3165/1538/2460
f 3158/1515/2453 3157/1514/2452 3172/1537/2467 3173/1539/2468
f 3151/1517/2446 3150/1516/2445 3165/1538/2460 3166/1540/2461
f 3159/1518/2454 3158/1515/2453 3173/1539/2468 3174/1541/2469
f 3152/1519/2447 3151/1517/2446 3166/1540/2461 3167/1542/2462
f 3145/1521/2440 2828/1543/2123 3160/1544/2455
f 3054/1545/2349 3159/1518/2454 3174/1541/2469
f 3153/1523/2448 3152/1519/2447 3167/1542/2462 3168/1546/2463
f 3146/1524/2441 3145/1521/2440 3160/1544/2455 3161/1547/2456
f 3154/1525/2449 3153/1523/2448 3168/1546/2463 3169/1531/2464
f 3147/1526/2442 3146/1524/2441 3161/1547/2456 3162/1533/2457
f 3174/1541/2469 3173/1539/2468 3188/1548/2483 3189/1549/2484
f 3167/1542/2462 3166/1540/2461 3181/1550/2476 3182/1551/2477
f 3160/1544/2455 2828/1552/2123 3175/1553/2470
f 3054/1554/2349 3174/1541/2469 3189/1549/2484
f 3168/1546/2463 3167/1542/2462 3182/1551/2477 3183/1555/2478
f 3161/1547/2456 3160/1544/2455 3175/1553/2470 3176/1556/2471
f 3169/1531/2464 3168/1546/2463 3183/1555/2478 3184/1557/2479
f 3162/1533/2457 3161/1547/2456 3176/1556/2471 3177/1558/2472
f 3170/1532/2465 3169/1531/2464 3184/1557/2479 3185/1559/2480
f 3163/1534/2458 3162/1533/2457 3177/1558/2472 3178/1560/2473
f 3171/1535/2466 3170/1532/2465 3185/1559/2480 3186/1561/2481
f 3164/1536/2459 3163/1534/2458 3178/1560/2473 3179/1562/2474
f 3172/1537/2467 3171/1535/2466 3186/1561/2481 3187/1563/2482
f 3165/1538/2460 3164/1536/2459 3179/1562/2474 3180/1564/2475
f 3173/1539/2468 3172/1537/2467 3187/1563/2482 3188/1548/2483
f 3166/1540/2461 3165/1538/2460 3180/1564/2475 3181/1550/2476
f 3178/1560/2473 3177/1558/2472 3192/1565/2487 3193/1566/2488
f 3186/1561/2481 3185/1559/2480 3200/1567/2495 3201/1568/2496
f 3179/1562/2474 3178/1560/2473 3193/1566/2488 3194/1569/2489
f 3187/1563/2482 3186/1561/2481 3201/1568/2496 3202/1570/2497
f 3180/1564/2475 3179/1562/2474 3194/1569/2489 3195/1571/2490
f 3188/1548/2483 3187/1563/2482 3202/1570/2497 3203/1572/2498
f 3181/1550/2476 3180/1564/2475 3195/1571/2490 3196/1573/2491
f 3189/1549/2484 3188/1548/2483 3203/1572/2498 3204/1574/2499
f 3182/1551/2477 3181/1550/2476 3196/1573/2491 3197/1575/2492
f 3175/1553/2470 2828/1576/2123 3190/1577/2485
f 3054/1578/2349 3189/1549/2484 3204/1574/2499
f 3183/1555/2478 3182/1551/2477 3197/1575/2492 3198/1579/2493
f 3176/1556/2471 3175/1553/2470 3190/1577/2485 3191/1580/2486
f 3184/1557/2479 3183/1555/2478 3198/1579/2493 3199/1581/2494
f 3177/1558/2472 3176/1556/2471 3191/1580/2486 3192/1565/2487
f 3185/1559/2480 3184/1557/2479 3199/1581/2494 3200/1567/2495
f 3197/1575/2492 3196/1573/2491 3211/1582/2506 3212/1583/2507
f 3190/1577/2485 2828/1584/2123 3205/1585/2500
f 3054/1586/2349 3204/1574/2499 3219/1587/2514
f 3198/1579/2493 3197/1575/2492 3212/1583/2507 3213/1588/2508
f 3191/1580/2486 3190/1577/2485 3205/1585/2500 3206/1589/2501
f 3199/1581/2494 3198/1579/2493 3213/1588/2508 3214/1590/2509
f 3192/1565/2487 3191/1580/2486 3206/1589/2501 3207/1591/2502
f 3200/1567/2495 3199/1581/2494 3214/1590/2509 3215/1592/2510
f 3193/1566/2488 3192/1565/2487 3207/1591/2502 3208/1593/2503
f 3201/1568/2496 3200/1567/2495 3215/1592/2510 3216/1594/2511
f 3194/1569/2489 3193/1566/2488 3208/1593/2503 3209/1595/2504
f 3202/1570/2497 3201/1568/2496 3216/1594/2511 3217/1596/2512
f 3195/1571/2490 3194/1569/2489 3209/1595/2504 3210/1597/2505
f 3203/1572/2498 3202/1570/2497 3217/1596/2512 3218/1598/2513
f 3196/1573/2491 3195/1571/2490 3210/1597/2505 3211/1582/2506
f 3204/1574/2499 3203/1572/2498 3218/1598/2513 3219/1587/2514
f 3216/1594/2511 3215/1592/2510 2752/1047/2047 3225/1046/2520
f 3209/1595/2504 3208/1593/2503 3222/1042/2517 2748/1050/2043
f 3217/1596/2512 3216/1594/2511 3225/1046/2520 3226/1052/2521
f 3210/1597/2505 3209/1595/2504 2748/1050/2043 3223/1054/2518
f 3218/1598/2513 3217/1596/2512 3226/1052/2521 3227/1056/2522
f 3211/1582/2506 3210/1597/2505 3223/1054/2518 2749/1058/2044
f 3219/1587/2514 3218/1598/2513 3227/1056/2522 3228/1060/2523
f 3212/1583/2507 3211/1582/2506 2749/1058/2044 2750/1062/2045
f 3205/1585/2500 2828/1599/2123 3220/1064/2515
f 3054/1600/2349 3219/1587/2514 3228/1060/2523
f 3213/1588/2508 3212/1583/2507 2750/1062/2045 2751/1068/2046
f 3206/1589/2501 3205/1585/2500 3220/1064/2515 3221/1070/2516
f 3214/1590/2509 3213/1588/2508 2751/1068/2046 3224/1072/2519
f 3207/1591/2502 3206/1589/2501 3221/1070/2516 2747/1043/2042
f 3215/1592/2510 3214/1590/2509 3224/1072/2519 2752/1047/2047
f 3208/1593/2503 3207/1591/2502 2747/1043/2042 3222/1042/2517
f 3704/1042/2517 3238/1045/2503 3237/1044/2502 3229/1043/2042
f 3707/1046/2520 3246/1049/2511 3245/1048/2510 3234/1047/2047
f 3230/1050/2043 3239/1051/2504 3238/1045/2503 3704/1042/2517
f 3708/1052/2521 3247/1053/2512 3246/1049/2511 3707/1046/2520
f 3705/1054/2518 3240/1055/2505 3239/1051/2504 3230/1050/2043
f 3709/1056/2522 3248/1057/2513 3247/1053/2512 3708/1052/2521
f 3231/1058/2044 3241/1059/2506 3240/1055/2505 3705/1054/2518
f 3710/1060/2523 3249/1061/2514 3248/1057/2513 3709/1056/2522
f 3232/1062/2045 3242/1063/2507 3241/1059/2506 3231/1058/2044
f 3702/1064/2515 3235/1066/2500 3310/1065/2123
f 3536/1067/2349 3249/1061/2514 3710/1060/2523
f 3233/1068/2046 3243/1069/2508 3242/1063/2507 3232/1062/2045
f 3703/1070/2516 3236/1071/2501 3235/1066/2500 3702/1064/2515
f 3706/1072/2519 3244/1073/2509 3243/1069/2508 3233/1068/2046
f 3229/1043/2042 3237/1044/2502 3236/1071/2501 3703/1070/2516
f 3234/1047/2047 3245/1048/2510 3244/1073/2509 3706/1072/2519
f 3237/1044/2502 3252/1075/2487 3251/1074/2486 3236/1071/2501
f 3245/1048/2510 3260/1077/2495 3259/1076/2494 3244/1073/2509
f 3238/1045/2503 3253/1078/2488 3252/1075/2487 3237/1044/2502
f 3246/1049/2511 3261/1079/2496 3260/1077/2495 3245/1048/2510
f 3239/1051/2504 3254/1080/2489 3253/1078/2488 3238/1045/2503
f 3247/1053/2512 3262/1081/2497 3261/1079/2496 3246/1049/2511
f 3240/1055/2505 3255/1082/2490 3254/1080/2489 3239/1051/2504
f 3248/1057/2513 3263/1083/2498 3262/1081/2497 3247/1053/2512
f 3241/1059/2506 3256/1084/2491 3255/1082/2490 3240/1055/2505
f 3249/1061/2514 3264/1085/2499 3263/1083/2498 3248/1057/2513
f 3242/1063/2507 3257/1086/2492 3256/1084/2491 3241/1059/2506
f 3235/1066/2500 3250/1088/2485 3310/1087/2123
f 3536/1089/2349 3264/1085/2499 3249/1061/2514
f 3243/1069/2508 3258/1090/2493 3257/1086/2492 3242/1063/2507
f 3236/1071/2501 3251/1074/2486 3250/1088/2485 3235/1066/2500
f 3244/1073/2509 3259/1076/2494 3258/1090/2493 3243/1069/2508
f 3256/1084/2491 3271/1092/2476 3270/1091/2475 3255/1082/2490
f 3264/1085/2499 3279/1094/2484 3278/1093/2483 3263/1083/2498
f 3257/1086/2492 3272/1095/2477 3271/1092/2476 3256/1084/2491
f 3250/1088/2485 3265/1097/2470 3310/1096/2123
f 3536/1098/2349 3279/1094/2484 3264/1085/2499
f 3258/1090/2493 3273/1099/2478 3272/1095/2477 3257/1086/2492
f 3251/1074/2486 3266/1100/2471 3265/1097/2470 3250/1088/2485
f 3259/1076/2494 3274/1101/2479 3273/1099/2478 3258/1090/2493
f 3252/1075/2487 3267/1102/2472 3266/1100/2471 3251/1074/2486
f 3260/1077/2495 3275/1103/2480 3274/1101/2479 3259/1076/2494
f 3253/1078/2488 3268/1104/2473 3267/1102/2472 3252/1075/2487
f 3261/1079/2496 3276/1105/2481 3275/1103/2480 3260/1077/2495
f 3254/1080/2489 3269/1106/2474 3268/1104/2473 3253/1078/2488
f 3262/1081/2497 3277/1107/2482 3276/1105/2481 3261/1079/2496
f 3255/1082/2490 3270/1091/2475 3269/1106/2474 3254/1080/2489
f 3263/1083/2498 3278/1093/2483 3277/1107/2482 3262/1081/2497
f 3275/1103/2480 3290/1109/2465 3289/1108/2464 3274/1101/2479
f 3268/1104/2473 3283/1111/2458 3282/1110/2457 3267/1102/2472
f 3276/1105/2481 3291/1112/2466 3290/1109/2465 3275/1103/2480
f 3269/1106/2474 3284/1113/2459 3283/1111/2458 3268/1104/2473
f 3277/1107/2482 3292/1114/2467 3291/1112/2466 3276/1105/2481
f 3270/1091/2475 3285/1115/2460 3284/1113/2459 3269/1106/2474
f 3278/1093/2483 3293/1116/2468 3292/1114/2467 3277/1107/2482
f 3271/1092/2476 3286/1117/2461 3285/1115/2460 3270/1091/2475
f 3279/1094/2484 3294/1118/2469 3293/1116/2468 3278/1093/2483
f 3272/1095/2477 3287/1119/2462 3286/1117/2461 3271/1092/2476
f 3265/1097/2470 3280/1121/2455 3310/1120/2123
f 3536/1122/2349 3294/1118/2469 3279/1094/2484
f 3273/1099/2478 3288/1123/2463 3287/1119/2462 3272/1095/2477
f 3266/1100/2471 3281/1124/2456 3280/1121/2455 3265/1097/2470
f 3274/1101/2479 3289/1108/2464 3288/1123/2463 3273/1099/2478
f 3267/1102/2472 3282/1110/2457 3281/1124/2456 3266/1100/2471
f 3294/1118/2469 3309/1126/2454 3308/1125/2453 3293/1116/2468
f 3287/1119/2462 3302/1128/2447 3301/1127/2446 3286/1117/2461
f 3280/1121/2455 3295/1130/2440 3310/1129/2123
f 3536/1131/2349 3309/1126/2454 3294/1118/2469
f 3288/1123/2463 3303/1132/2448 3302/1128/2447 3287/1119/2462
f 3281/1124/2456 3296/1133/2441 3295/1130/2440 3280/1121/2455
f 3289/1108/2464 3304/1134/2449 3303/1132/2448 3288/1123/2463
f 3282/1110/2457 3297/1135/2442 3296/1133/2441 3281/1124/2456
f 3290/1109/2465 3305/1136/2450 3304/1134/2449 3289/1108/2464
f 3283/1111/2458 3298/1137/2443 3297/1135/2442 3282/1110/2457
f 3291/1112/2466 3306/1138/2451 3305/1136/2450 3290/1109/2465
f 3284/1113/2459 3299/1139/2444 3298/1137/2443 3283/1111/2458
f 3292/1114/2467 3307/1140/2452 3306/1138/2451 3291/1112/2466
f 3285/1115/2460 3300/1141/2445 3299/1139/2444 3284/1113/2459
f 3293/1116/2468 3308/1125/2453 3307/1140/2452 3292/1114/2467
f 3286/1117/2461 3301/1127/2446 3300/1141/2445 3285/1115/2460
f 3298/1137/2443 3314/1143/2428 3313/1142/2427 3297/1135/2442
f 3306/1138/2451 3322/1145/2436 3321/1144/2435 3305/1136/2450
f 3299/1139/2444 3315/1146/2429 3314/1143/2428 3298/1137/2443
f 3307/1140/2452 3323/1147/2437 3322/1145/2436 3306/1138/2451
f 3300/1141/2445 3316/1148/2430 3315/1146/2429 3299/1139/2444
f 3308/1125/2453 3324/1149/2438 3323/1147/2437 3307/1140/2452
f 3301/1127/2446 3317/1150/2431 3316/1148/2430 3300/1141/2445
f 3309/1126/2454 3325/1151/2439 3324/1149/2438 3308/1125/2453
f 3302/1128/2447 3318/1152/2432 3317/1150/2431 3301/1127/2446
f 3295/1130/2440 3311/1154/2425 3310/1153/2123
f 3536/1155/2349 3325/1151/2439 3309/1126/2454
f 3303/1132/2448 3319/1156/2433 3318/1152/2432 3302/1128/2447
f 3296/1133/2441 3312/1157/2426 3311/1154/2425 3295/1130/2440
f 3304/1134/2449 3320/1158/2434 3319/1156/2433 3303/1132/2448
f 3297/1135/2442 3313/1142/2427 3312/1157/2426 3296/1133/2441
f 3305/1136/2450 3321/1144/2435 3320/1158/2434 3304/1134/2449
f 3318/1152/2432 3333/1160/2417 3332/1159/2416 3317/1150/2431
f 3311/1154/2425 3326/1162/2410 3310/1161/2123
f 3536/1163/2349 3340/1164/2424 3325/1151/2439
f 3319/1156/2433 3334/1165/2418 3333/1160/2417 3318/1152/2432
f 3312/1157/2426 3327/1166/2411 3326/1162/2410 3311/1154/2425
f 3320/1158/2434 3335/1167/2419 3334/1165/2418 3319/1156/2433
f 3313/1142/2427 3328/1168/2412 3327/1166/2411 3312/1157/2426
f 3321/1144/2435 3336/1169/2420 3335/1167/2419 3320/1158/2434
f 3314/1143/2428 3329/1170/2413 3328/1168/2412 3313/1142/2427
f 3322/1145/2436 3337/1171/2421 3336/1169/2420 3321/1144/2435
f 3315/1146/2429 3330/1172/2414 3329/1170/2413 3314/1143/2428
f 3323/1147/2437 3338/1173/2422 3337/1171/2421 3322/1145/2436
f 3316/1148/2430 3331/1174/2415 3330/1172/2414 3315/1146/2429
f 3324/1149/2438 3339/1175/2423 3338/1173/2422 3323/1147/2437
f 3317/1150/2431 3332/1159/2416 3331/1174/2415 3316/1148/2430
f 3325/1151/2439 3340/1164/2424 3339/1175/2423 3324/1149/2438
f 3337/1171/2421 3352/1177/2406 3351/1176/2405 3336/1169/2420
f 3330/1172/2414 3345/1179/2399 3344/1178/2398 3329/1170/2413
f 3338/1173/2422 3353/1180/2407 3352/1177/2406 3337/1171/2421
f 3331/1174/2415 3346/1181/2400 3345/1179/2399 3330/1172/2414
f 3339/1175/2423 3354/1182/2408 3353/1180/2407 3338/1173/2422
f 3332/1159/2416 3347/1183/2401 3346/1181/2400 3331/1174/2415
f 3340/1164/2424 3355/1184/2409 3354/1182/2408 3339/1175/2423
f 3333/1160/2417 3348/1185/2402 3347/1183/2401 3332/1159/2416
f 3326/1162/2410 3341/1187/2395 3310/1186/2123
f 3536/1188/2349 3355/1184/2409 3340/1164/2424
f 3334/1165/2418 3349/1189/2403 3348/1185/2402 3333/1160/2417
f 3327/1166/2411 3342/1190/2396 3341/1187/2395 3326/1162/2410
f 3335/1167/2419 3350/1191/2404 3349/1189/2403 3334/1165/2418
f 3328/1168/2412 3343/1192/2397 3342/1190/2396 3327/1166/2411
f 3336/1169/2420 3351/1176/2405 3350/1191/2404 3335/1167/2419
f 3329/1170/2413 3344/1178/2398 3343/1192/2397 3328/1168/2412
f 3536/1193/2349 3370/1194/2394 3355/1184/2409
f 3349/1189/2403 3364/1196/2388 3363/1195/2387 3348/1185/2402
f 3342/1190/2396 3357/1198/2381 3356/1197/2380 3341/1187/2395
f 3350/1191/2404 3365/1199/2389 3364/1196/2388 3349/1189/2403
f 3343/1192/2397 3358/1200/2382 3357/1198/2381 3342/1190/2396
f 3351/1176/2405 3366/1201/2390 3365/1199/2389 3350/1191/2404
f 3344/1178/2398 3359/1202/2383 3358/1200/2382 3343/1192/2397
f 3352/1177/2406 3367/1203/2391 3366/1201/2390 3351/1176/2405
f 3345/1179/2399 3360/1204/2384 3359/1202/2383 3344/1178/2398
f 3353/1180/2407 3368/1205/2392 3367/1203/2391 3352/1177/2406
f 3346/1181/2400 3361/1206/2385 3360/1204/2384 3345/1179/2399
f 3354/1182/2408 3369/1207/2393 3368/1205/2392 3353/1180/2407
f 3347/1183/2401 3362/1208/2386 3361/1206/2385 3346/1181/2400
f 3355/1184/2409 3370/1194/2394 3369/1207/2393 3354/1182/2408
f 3348/1185/2402 3363/1195/2387 3362/1208/2386 3347/1183/2401
f 3341/1187/2395 3356/1197/2380 3310/1209/2123
f 3368/1205/2392 3383/1211/2377 3382/1210/2376 3367/1203/2391
f 3361/1206/2385 3376/1213/2370 3375/1212/2369 3360/1204/2384
f 3369/1207/2393 3384/1214/2378 3383/1211/2377 3368/1205/2392
f 3362/1208/2386 3377/1215/2371 3376/1213/2370 3361/1206/2385
f 3370/1194/2394 3385/1216/2379 3384/1214/2378 3369/1207/2393
f 3363/1195/2387 3378/1217/2372 3377/1215/2371 3362/1208/2386
f 3356/1197/2380 3371/1219/2365 3310/1218/2123
f 3536/1220/2349 3385/1216/2379 3370/1194/2394
f 3364/1196/2388 3379/1221/2373 3378/1217/2372 3363/1195/2387
f 3357/1198/2381 3372/1222/2366 3371/1219/2365 3356/1197/2380
f 3365/1199/2389 3380/1223/2374 3379/1221/2373 3364/1196/2388
f 3358/1200/2382 3373/1224/2367 3372/1222/2366 3357/1198/2381
f 3366/1201/2390 3381/1225/2375 3380/1223/2374 3365/1199/2389
f 3359/1202/2383 3374/1226/2368 3373/1224/2367 3358/1200/2382
f 3367/1203/2391 3382/1210/2376 3381/1225/2375 3366/1201/2390
f 3360/1204/2384 3375/1212/2369 3374/1226/2368 3359/1202/2383
f 3372/1222/2366 3387/1228/2351 3386/1227/2350 3371/1219/2365
f 3380/1223/2374 3395/1230/2359 3394/1229/2358 3379/1221/2373
f 3373/1224/2367 3388/1231/2352 3387/1228/2351 3372/1222/2366
f 3381/1225/2375 3396/1232/2360 3395/1230/2359 3380/1223/2374
f 3374/1226/2368 3389/1233/2353 3388/1231/2352 3373/1224/2367
f 3382/1210/2376 3397/1234/2361 3396/1232/2360 3381/1225/2375
f 3375/1212/2369 3390/1235/2354 3389/1233/2353 3374/1226/2368
f 3383/1211/2377 3398/1236/2362 3397/1234/2361 3382/1210/2376
f 3376/1213/2370 3391/1237/2355 3390/1235/2354 3375/1212/2369
f 3384/1214/2378 3399/1238/2363 3398/1236/2362 3383/1211/2377
f 3377/1215/2371 3392/1239/2356 3391/1237/2355 3376/1213/2370
f 3385/1216/2379 3400/1240/2364 3399/1238/2363 3384/1214/2378
f 3378/1217/2372 3393/1241/2357 3392/1239/2356 3377/1215/2371
f 3371/1219/2365 3386/1227/2350 3310/1242/2123
f 3536/1243/2349 3400/1240/2364 3385/1216/2379
f 3379/1221/2373 3394/1229/2358 3393/1241/2357 3378/1217/2372
f 3391/1237/2355 3406/1245/2339 3405/1244/2338 3390/1235/2354
f 3399/1238/2363 3414/1247/2347 3413/1246/2346 3398/1236/2362
f 3392/1239/2356 3407/1248/2340 3406/1245/2339 3391/1237/2355
f 3400/1240/2364 3415/1249/2348 3414/1247/2347 3399/1238/2363
f 3393/1241/2357 3408/1250/2341 3407/1248/2340 3392/1239/2356
f 3386/1227/2350 3401/1252/2334 3310/1251/2123
f 3536/1253/2349 3415/1249/2348 3400/1240/2364
f 3394/1229/2358 3409/1254/2342 3408/1250/2341 3393/1241/2357
f 3387/1228/2351 3402/1255/2335 3401/1252/2334 3386/1227/2350
f 3395/1230/2359 3410/1256/2343 3409/1254/2342 3394/1229/2358
f 3388/1231/2352 3403/1257/2336 3402/1255/2335 3387/1228/2351
f 3396/1232/2360 3411/1258/2344 3410/1256/2343 3395/1230/2359
f 3389/1233/2353 3404/1259/2337 3403/1257/2336 3388/1231/2352
f 3397/1234/2361 3412/1260/2345 3411/1258/2344 3396/1232/2360
f 3390/1235/2354 3405/1244/2338 3404/1259/2337 3389/1233/2353
f 3398/1236/2362 3413/1246/2346 3412/1260/2345 3397/1234/2361
f 3410/1256/2343 3425/1262/2328 3424/1261/2327 3409/1254/2342
f 3403/1257/2336 3418/1264/2321 3417/1263/2320 3402/1255/2335
f 3411/1258/2344 3426/1265/2329 3425/1262/2328 3410/1256/2343
f 3404/1259/2337 3419/1266/2322 3418/1264/2321 3403/1257/2336
f 3412/1260/2345 3427/1267/2330 3426/1265/2329 3411/1258/2344
f 3405/1244/2338 3420/1268/2323 3419/1266/2322 3404/1259/2337
f 3413/1246/2346 3428/1269/2331 3427/1267/2330 3412/1260/2345
f 3406/1245/2339 3421/1270/2324 3420/1268/2323 3405/1244/2338
f 3414/1247/2347 3429/1271/2332 3428/1269/2331 3413/1246/2346
f 3407/1248/2340 3422/1272/2325 3421/1270/2324 3406/1245/2339
f 3415/1249/2348 3430/1273/2333 3429/1271/2332 3414/1247/2347
f 3408/1250/2341 3423/1274/2326 3422/1272/2325 3407/1248/2340
f 3401/1252/2334 3416/1276/2319 3310/1275/2123
f 3536/1277/2349 3430/1273/2333 3415/1249/2348
f 3409/1254/2342 3424/1261/2327 3423/1274/2326 3408/1250/2341
f 3402/1255/2335 3417/1263/2320 3416/1276/2319 3401/1252/2334
f 3429/1271/2332 3444/1279/2317 3443/1278/2316 3428/1269/2331
f 3422/1272/2325 3437/1281/2310 3436/1280/2309 3421/1270/2324
f 3430/1273/2333 3445/1282/2318 3444/1279/2317 3429/1271/2332
f 3423/1274/2326 3438/1283/2311 3437/1281/2310 3422/1272/2325
f 3416/1276/2319 3431/1285/2304 3310/1284/2123
f 3536/1286/2349 3445/1282/2318 3430/1273/2333
f 3424/1261/2327 3439/1287/2312 3438/1283/2311 3423/1274/2326
f 3417/1263/2320 3432/1288/2305 3431/1285/2304 3416/1276/2319
f 3425/1262/2328 3440/1289/2313 3439/1287/2312 3424/1261/2327
f 3418/1264/2321 3433/1290/2306 3432/1288/2305 3417/1263/2320
f 3426/1265/2329 3441/1291/2314 3440/1289/2313 3425/1262/2328
f 3419/1266/2322 3434/1292/2307 3433/1290/2306 3418/1264/2321
f 3427/1267/2330 3442/1293/2315 3441/1291/2314 3426/1265/2329
f 3420/1268/2323 3435/1294/2308 3434/1292/2307 3419/1266/2322
f 3428/1269/2331 3443/1278/2316 3442/1293/2315 3427/1267/2330
f 3421/1270/2324 3436/1280/2309 3435/1294/2308 3420/1268/2323
f 3433/1290/2306 3448/1296/2291 3447/1295/2290 3432/1288/2305
f 3441/1291/2314 3456/1298/2299 3455/1297/2298 3440/1289/2313
f 3434/1292/2307 3449/1299/2292 3448/1296/2291 3433/1290/2306
f 3442/1293/2315 3457/1300/2300 3456/1298/2299 3441/1291/2314
f 3435/1294/2308 3450/1301/2293 3449/1299/2292 3434/1292/2307
f 3443/1278/2316 3458/1302/2301 3457/1300/2300 3442/1293/2315
f 3436/1280/2309 3451/1303/2294 3450/1301/2293 3435/1294/2308
f 3444/1279/2317 3459/1304/2302 3458/1302/2301 3443/1278/2316
f 3437/1281/2310 3452/1305/2295 3451/1303/2294 3436/1280/2309
f 3445/1282/2318 3460/1306/2303 3459/1304/2302 3444/1279/2317
f 3438/1283/2311 3453/1307/2296 3452/1305/2295 3437/1281/2310
f 3431/1285/2304 3446/1309/2289 3310/1308/2123
f 3536/1310/2349 3460/1306/2303 3445/1282/2318
f 3439/1287/2312 3454/1311/2297 3453/1307/2296 3438/1283/2311
f 3432/1288/2305 3447/1295/2290 3446/1309/2289 3431/1285/2304
f 3440/1289/2313 3455/1297/2298 3454/1311/2297 3439/1287/2312
f 3452/1305/2295 3467/1313/2280 3466/1312/2279 3451/1303/2294
f 3460/1306/2303 3475/1315/2288 3474/1314/2287 3459/1304/2302
f 3453/1307/2296 3468/1316/2281 3467/1313/2280 3452/1305/2295
f 3446/1309/2289 3461/1318/2274 3310/1317/2123
f 3536/1319/2349 3475/1315/2288 3460/1306/2303
f 3454/1311/2297 3469/1320/2282 3468/1316/2281 3453/1307/2296
f 3447/1295/2290 3462/1321/2275 3461/1318/2274 3446/1309/2289
f 3455/1297/2298 3470/1322/2283 3469/1320/2282 3454/1311/2297
f 3448/1296/2291 3463/1323/2276 3462/1321/2275 3447/1295/2290
f 3456/1298/2299 3471/1324/2284 3470/1322/2283 3455/1297/2298
f 3449/1299/2292 3464/1325/2277 3463/1323/2276 3448/1296/2291
f 3457/1300/2300 3472/1326/2285 3471/1324/2284 3456/1298/2299
f 3450/1301/2293 3465/1327/2278 3464/1325/2277 3449/1299/2292
f 3458/1302/2301 3473/1328/2286 3472/1326/2285 3457/1300/2300
f 3451/1303/2294 3466/1312/2279 3465/1327/2278 3450/1301/2293
f 3459/1304/2302 3474/1314/2287 3473/1328/2286 3458/1302/2301
f 3471/1324/2284 3486/1330/2269 3485/1329/2268 3470/1322/2283
f 3464/1325/2277 3479/1332/2262 3478/1331/2261 3463/1323/2276
f 3472/1326/2285 3487/1333/2270 3486/1330/2269 3471/1324/2284
f 3465/1327/2278 3480/1334/2263 3479/1332/2262 3464/1325/2277
f 3473/1328/2286 3488/1335/2271 3487/1333/2270 3472/1326/2285
f 3466/1312/2279 3481/1336/2264 3480/1334/2263 3465/1327/2278
f 3474/1314/2287 3489/1337/2272 3488/1335/2271 3473/1328/2286
f 3467/1313/2280 3482/1338/2265 3481/1336/2264 3466/1312/2279
f 3475/1315/2288 3490/1339/2273 3489/1337/2272 3474/1314/2287
f 3468/1316/2281 3483/1340/2266 3482/1338/2265 3467/1313/2280
f 3461/1318/2274 3476/1342/2259 3310/1341/2123
f 3536/1343/2349 3490/1339/2273 3475/1315/2288
f 3469/1320/2282 3484/1344/2267 3483/1340/2266 3468/1316/2281
f 3462/1321/2275 3477/1345/2260 3476/1342/2259 3461/1318/2274
f 3470/1322/2283 3485/1329/2268 3484/1344/2267 3469/1320/2282
f 3463/1323/2276 3478/1331/2261 3477/1345/2260 3462/1321/2275
f 3490/1339/2273 3505/1347/2258 3504/1346/2257 3489/1337/2272
f 3483/1340/2266 3498/1349/2251 3497/1348/2250 3482/1338/2265
f 3476/1342/2259 3491/1351/2244 3310/1350/2123
f 3536/1352/2349 3505/1347/2258 3490/1339/2273
f 3484/1344/2267 3499/1353/2252 3498/1349/2251 3483/1340/2266
f 3477/1345/2260 3492/1354/2245 3491/1351/2244 3476/1342/2259
f 3485/1329/2268 3500/1355/2253 3499/1353/2252 3484/1344/2267
f 3478/1331/2261 3493/1356/2246 3492/1354/2245 3477/1345/2260
f 3486/1330/2269 3501/1357/2254 3500/1355/2253 3485/1329/2268
f 3479/1332/2262 3494/1358/2247 3493/1356/2246 3478/1331/2261
f 3487/1333/2270 3502/1359/2255 3501/1357/2254 3486/1330/2269
f 3480/1334/2263 3495/1360/2248 3494/1358/2247 3479/1332/2262
f 3488/1335/2271 3503/1361/2256 3502/1359/2255 3487/1333/2270
f 3481/1336/2264 3496/1362/2249 3495/1360/2248 3480/1334/2263
f 3489/1337/2272 3504/1346/2257 3503/1361/2256 3488/1335/2271
f 3482/1338/2265 3497/1348/2250 3496/1362/2249 3481/1336/2264
f 3502/1359/2255 3517/1364/2240 3516/1363/2239 3501/1357/2254
f 3495/1360/2248 3510/1366/2233 3509/1365/2232 3494/1358/2247
f 3503/1361/2256 3518/1367/2241 3517/1364/2240 3502/1359/2255
f 3496/1362/2249 3511/1368/2234 3510/1366/2233 3495/1360/2248
f 3504/1346/2257 3519/1369/2242 3518/1367/2241 3503/1361/2256
f 3497/1348/2250 3512/1370/2235 3511/1368/2234 3496/1362/2249
f 3505/1347/2258 3520/1371/2243 3519/1369/2242 3504/1346/2257
f 3498/1349/2251 3513/1372/2236 3512/1370/2235 3497/1348/2250
f 3491/1351/2244 3506/1374/2229 3310/1373/2123
f 3536/1375/2349 3520/1371/2243 3505/1347/2258
f 3499/1353/2252 3514/1376/2237 3513/1372/2236 3498/1349/2251
f 3492/1354/2245 3507/1377/2230 3506/1374/2229 3491/1351/2244
f 3500/1355/2253 3515/1378/2238 3514/1376/2237 3499/1353/2252
f 3493/1356/2246 3508/1379/2231 3507/1377/2230 3492/1354/2245
f 3501/1357/2254 3516/1363/2239 3515/1378/2238 3500/1355/2253
f 3494/1358/2247 3509/1365/2232 3508/1379/2231 3493/1356/2246
f 3506/1374/2229 3521/1381/2214 3310/1380/2123
f 3536/1382/2349 3535/1383/2228 3520/1371/2243
f 3514/1376/2237 3529/1385/2222 3528/1384/2221 3513/1372/2236
f 3507/1377/2230 3522/1386/2215 3521/1381/2214 3506/1374/2229
f 3515/1378/2238 3530/1387/2223 3529/1385/2222 3514/1376/2237
f 3508/1379/2231 3523/1388/2216 3522/1386/2215 3507/1377/2230
f 3516/1363/2239 3531/1389/2224 3530/1387/2223 3515/1378/2238
f 3509/1365/2232 3524/1390/2217 3523/1388/2216 3508/1379/2231
f 3517/1364/2240 3532/1391/2225 3531/1389/2224 3516/1363/2239
f 3510/1366/2233 3525/1392/2218 3524/1390/2217 3509/1365/2232
f 3518/1367/2241 3533/1393/2226 3532/1391/2225 3517/1364/2240
f 3511/1368/2234 3526/1394/2219 3525/1392/2218 3510/1366/2233
f 3519/1369/2242 3534/1395/2227 3533/1393/2226 3518/1367/2241
f 3512/1370/2235 3527/1396/2220 3526/1394/2219 3511/1368/2234
f 3520/1371/2243 3535/1383/2228 3534/1395/2227 3519/1369/2242
f 3513/1372/2236 3528/1384/2221 3527/1396/2220 3512/1370/2235
f 3525/1392/2218 3541/1398/2203 3540/1397/2202 3524/1390/2217
f 3533/1393/2226 3549/1400/2211 3548/1399/2210 3532/1391/2225
f 3526/1394/2219 3542/1401/2204 3541/1398/2203 3525/1392/2218
f 3534/1395/2227 3550/1402/2212 3549/1400/2211 3533/1393/2226
f 3527/1396/2220 3543/1403/2205 3542/1401/2204 3526/1394/2219
f 3535/1383/2228 3551/1404/2213 3550/1402/2212 3534/1395/2227
f 3528/1384/2221 3544/1405/2206 3543/1403/2205 3527/1396/2220
f 3521/1381/2214 3537/1407/2199 3310/1406/2123
f 3536/1408/2349 3551/1404/2213 3535/1383/2228
f 3529/1385/2222 3545/1409/2207 3544/1405/2206 3528/1384/2221
f 3522/1386/2215 3538/1410/2200 3537/1407/2199 3521/1381/2214
f 3530/1387/2223 3546/1411/2208 3545/1409/2207 3529/1385/2222
f 3523/1388/2216 3539/1412/2201 3538/1410/2200 3522/1386/2215
f 3531/1389/2224 3547/1413/2209 3546/1411/2208 3530/1387/2223
f 3524/1390/2217 3540/1397/2202 3539/1412/2201 3523/1388/2216
f 3532/1391/2225 3548/1399/2210 3547/1413/2209 3531/1389/2224
f 3545/1409/2207 3560/1415/2192 3559/1414/2191 3544/1405/2206
f 3538/1410/2200 3553/1417/2185 3552/1416/2184 3537/1407/2199
f 3546/1411/2208 3561/1418/2193 3560/1415/2192 3545/1409/2207
f 3539/1412/2201 3554/1419/2186 3553/1417/2185 3538/1410/2200
f 3547/1413/2209 3562/1420/2194 3561/1418/2193 3546/1411/2208
f 3540/1397/2202 3555/1421/2187 3554/1419/2186 3539/1412/2201
f 3548/1399/2210 3563/1422/2195 3562/1420/2194 3547/1413/2209
f 3541/1398/2203 3556/1423/2188 3555/1421/2187 3540/1397/2202
f 3549/1400/2211 3564/1424/2196 3563/1422/2195 3548/1399/2210
f 3542/1401/2204 3557/1425/2189 3556/1423/2188 3541/1398/2203
f 3550/1402/2212 3565/1426/2197 3564/1424/2196 3549/1400/2211
f 3543/1403/2205 3558/1427/2190 3557/1425/2189 3542/1401/2204
f 3551/1404/2213 3566/1428/2198 3565/1426/2197 3550/1402/2212
f 3544/1405/2206 3559/1414/2191 3558/1427/2190 3543/1403/2205
f 3537/1407/2199 3552/1416/2184 3310/1429/2123
f 3536/1430/2349 3566/1428/2198 3551/1404/2213
f 3564/1424/2196 3579/1432/2181 3578/1431/2180 3563/1422/2195
f 3557/1425/2189 3572/1434/2174 3571/1433/2173 3556/1423/2188
f 3565/1426/2197 3580/1435/2182 3579/1432/2181 3564/1424/2196
f 3558/1427/2190 3573/1436/2175 3572/1434/2174 3557/1425/2189
f 3566/1428/2198 3581/1437/2183 3580/1435/2182 3565/1426/2197
f 3559/1414/2191 3574/1438/2176 3573/1436/2175 3558/1427/2190
f 3552/1416/2184 3567/1440/2169 3310/1439/2123
f 3536/1441/2349 3581/1437/2183 3566/1428/2198
f 3560/1415/2192 3575/1442/2177 3574/1438/2176 3559/1414/2191
f 3553/1417/2185 3568/1443/2170 3567/1440/2169 3552/1416/2184
f 3561/1418/2193 3576/1444/2178 3575/1442/2177 3560/1415/2192
f 3554/1419/2186 3569/1445/2171 3568/1443/2170 3553/1417/2185
f 3562/1420/2194 3577/1446/2179 3576/1444/2178 3561/1418/2193
f 3555/1421/2187 3570/1447/2172 3569/1445/2171 3554/1419/2186
f 3563/1422/2195 3578/1431/2180 3577/1446/2179 3562/1420/2194
f 3556/1423/2188 3571/1433/2173 3570/1447/2172 3555/1421/2187
f 3568/1443/2170 3583/1449/2155 3582/1448/2154 3567/1440/2169
f 3576/1444/2178 3591/1451/2163 3590/1450/2162 3575/1442/2177
f 3569/1445/2171 3584/1452/2156 3583/1449/2155 3568/1443/2170
f 3577/1446/2179 3592/1453/2164 3591/1451/2163 3576/1444/2178
f 3570/1447/2172 3585/1454/2157 3584/1452/2156 3569/1445/2171
f 3578/1431/2180 3593/1455/2165 3592/1453/2164 3577/1446/2179
f 3571/1433/2173 3586/1456/2158 3585/1454/2157 3570/1447/2172
f 3579/1432/2181 3594/1457/2166 3593/1455/2165 3578/1431/2180
f 3572/1434/2174 3587/1458/2159 3586/1456/2158 3571/1433/2173
f 3580/1435/2182 3595/1459/2167 3594/1457/2166 3579/1432/2181
f 3573/1436/2175 3588/1460/2160 3587/1458/2159 3572/1434/2174
f 3581/1437/2183 3596/1461/2168 3595/1459/2167 3580/1435/2182
f 3574/1438/2176 3589/1462/2161 3588/1460/2160 3573/1436/2175
f 3567/1440/2169 3582/1448/2154 3310/1463/2123
f 3536/1464/2349 3596/1461/2168 3581/1437/2183
f 3575/1442/2177 3590/1450/2162 3589/1462/2161 3574/1438/2176
f 3587/1465/2159 3602/1468/2144 3601/1467/2143 3586/1466/2158
f 3595/1469/2167 3610/1472/2152 3609/1471/2151 3594/1470/2166
f 3588/1473/2160 3603/1474/2145 3602/1468/2144 3587/1465/2159
f 3596/1475/2168 3611/1476/2153 3610/1472/2152 3595/1469/2167
f 3589/1477/2161 3604/1478/2146 3603/1474/2145 3588/1473/2160
f 3582/1479/2154 3597/1481/2139 3310/1480/2123
f 3536/1482/2349 3611/1476/2153 3596/1475/2168
f 3590/1483/2162 3605/1484/2147 3604/1478/2146 3589/1477/2161
f 3583/1485/2155 3598/1486/2140 3597/1481/2139 3582/1479/2154
f 3591/1487/2163 3606/1488/2148 3605/1484/2147 3590/1483/2162
f 3584/1489/2156 3599/1490/2141 3598/1486/2140 3583/1485/2155
f 3592/1491/2164 3607/1492/2149 3606/1488/2148 3591/1487/2163
f 3585/1493/2157 3600/1494/2142 3599/1490/2141 3584/1489/2156
f 3593/1495/2165 3608/1496/2150 3607/1492/2149 3592/1491/2164
f 3586/1466/2158 3601/1467/2143 3600/1494/2142 3585/1493/2157
f 3594/1470/2166 3609/1471/2151 3608/1496/2150 3593/1495/2165
f 3606/1488/2148 3621/1498/2133 3620/1497/2132 3605/1484/2147
f 3599/1490/2141 3614/1500/2126 3613/1499/2125 3598/1486/2140
f 3607/1492/2149 3622/1501/2134 3621/1498/2133 3606/1488/2148
f 3600/1494/2142 3615/1502/2127 3614/1500/2126 3599/1490/2141
f 3608/1496/2150 3623/1503/2135 3622/1501/2134 3607/1492/2149
f 3601/1467/2143 3616/1504/2128 3615/1502/2127 3600/1494/2142
f 3609/1471/2151 3624/1505/2136 3623/1503/2135 3608/1496/2150
f 3602/1468/2144 3617/1506/2129 3616/1504/2128 3601/1467/2143
f 3610/1472/2152 3625/1507/2137 3624/1505/2136 3609/1471/2151
f 3603/1474/2145 3618/1508/2130 3617/1506/2129 3602/1468/2144
f 3611/1476/2153 3626/1509/2138 3625/1507/2137 3610/1472/2152
f 3604/1478/2146 3619/1510/2131 3618/1508/2130 3603/1474/2145
f 3597/1481/2139 3612/1512/2124 3310/1511/2123
f 3536/1513/2349 3626/1509/2138 3611/1476/2153
f 3605/1484/2147 3620/1497/2132 3619/1510/2131 3604/1478/2146
f 3598/1486/2140 3613/1499/2125 3612/1512/2124 3597/1481/2139
f 3625/1507/2137 3640/1515/2121 3639/1514/2120 3624/1505/2136
f 3618/1508/2130 3633/1517/2114 3632/1516/2113 3617/1506/2129
f 3626/1509/2138 3641/1518/2122 3640/1515/2121 3625/1507/2137
f 3619/1510/2131 3634/1519/2115 3633/1517/2114 3618/1508/2130
f 3612/1512/2124 3627/1521/2108 3310/1520/2123
f 3536/1522/2349 3641/1518/2122 3626/1509/2138
f 3620/1497/2132 3635/1523/2116 3634/1519/2115 3619/1510/2131
f 3613/1499/2125 3628/1524/2109 3627/1521/2108 3612/1512/2124
f 3621/1498/2133 3636/1525/2117 3635/1523/2116 3620/1497/2132
f 3614/1500/2126 3629/1526/2110 3628/1524/2109 3613/1499/2125
f 3622/1501/2134 3637/1527/2118 3636/1525/2117 3621/1498/2133
f 3615/1502/2127 3630/1528/2111 3629/1526/2110 3614/1500/2126
f 3623/1503/2135 3638/1529/2119 3637/1527/2118 3622/1501/2134
f 3616/1504/2128 3631/1530/2112 3630/1528/2111 3615/1502/2127
f 3624/1505/2136 3639/1514/2120 3638/1529/2119 3623/1503/2135
f 3617/1506/2129 3632/1516/2113 3631/1530/2112 3616/1504/2128
f 3637/1527/2118 3652/1532/2103 3651/1531/2102 3636/1525/2117
f 3630/1528/2111 3645/1534/2096 3644/1533/2095 3629/1526/2110
f 3638/1529/2119 3653/1535/2104 3652/1532/2103 3637/1527/2118
f 3631/1530/2112 3646/1536/2097 3645/1534/2096 3630/1528/2111
f 3639/1514/2120 3654/1537/2105 3653/1535/2104 3638/1529/2119
f 3632/1516/2113 3647/1538/2098 3646/1536/2097 3631/1530/2112
f 3640/1515/2121 3655/1539/2106 3654/1537/2105 3639/1514/2120
f 3633/1517/2114 3648/1540/2099 3647/1538/2098 3632/1516/2113
f 3641/1518/2122 3656/1541/2107 3655/1539/2106 3640/1515/2121
f 3634/1519/2115 3649/1542/2100 3648/1540/2099 3633/1517/2114
f 3627/1521/2108 3642/1544/2093 3310/1543/2123
f 3536/1545/2349 3656/1541/2107 3641/1518/2122
f 3635/1523/2116 3650/1546/2101 3649/1542/2100 3634/1519/2115
f 3628/1524/2109 3643/1547/2094 3642/1544/2093 3627/1521/2108
f 3636/1525/2117 3651/1531/2102 3650/1546/2101 3635/1523/2116
f 3629/1526/2110 3644/1533/2095 3643/1547/2094 3628/1524/2109
f 3656/1541/2107 3671/1549/2092 3670/1548/2091 3655/1539/2106
f 3649/1542/2100 3664/1551/2085 3663/1550/2084 3648/1540/2099
f 3642/1544/2093 3657/1553/2078 3310/1552/2123
f 3536/1554/2349 3671/1549/2092 3656/1541/2107
f 3650/1546/2101 3665/1555/2086 3664/1551/2085 3649/1542/2100
f 3643/1547/2094 3658/1556/2079 3657/1553/2078 3642/1544/2093
f 3651/1531/2102 3666/1557/2087 3665/1555/2086 3650/1546/2101
f 3644/1533/2095 3659/1558/2080 3658/1556/2079 3643/1547/2094
f 3652/1532/2103 3667/1559/2088 3666/1557/2087 3651/1531/2102
f 3645/1534/2096 3660/1560/2081 3659/1558/2080 3644/1533/2095
f 3653/1535/2104 3668/1561/2089 3667/1559/2088 3652/1532/2103
f 3646/1536/2097 3661/1562/2082 3660/1560/2081 3645/1534/2096
f 3654/1537/2105 3669/1563/2090 3668/1561/2089 3653/1535/2104
f 3647/1538/2098 3662/1564/2083 3661/1562/2082 3646/1536/2097
f 3655/1539/2106 3670/1548/2091 3669/1563/2090 3654/1537/2105
f 3648/1540/2099 3663/1550/2084 3662/1564/2083 3647/1538/2098
f 3660/1560/2081 3675/1566/2066 3674/1565/2065 3659/1558/2080
f 3668/1561/2089 3683/1568/2074 3682/1567/2073 3667/1559/2088
f 3661/1562/2082 3676/1569/2067 3675/1566/2066 3660/1560/2081
f 3669/1563/2090 3684/1570/2075 3683/1568/2074 3668/1561/2089
f 3662/1564/2083 3677/1571/2068 3676/1569/2067 3661/1562/2082
f 3670/1548/2091 3685/1572/2076 3684/1570/2075 3669/1563/2090
f 3663/1550/2084 3678/1573/2069 3677/1571/2068 3662/1564/2083
f 3671/1549/2092 3686/1574/2077 3685/1572/2076 3670/1548/2091
f 3664/1551/2085 3679/1575/2070 3678/1573/2069 3663/1550/2084
f 3657/1553/2078 3672/1577/2063 3310/1576/2123
f 3536/1578/2349 3686/1574/2077 3671/1549/2092
f 3665/1555/2086 3680/1579/2071 3679/1575/2070 3664/1551/2085
f 3658/1556/2079 3673/1580/2064 3672/1577/2063 3657/1553/2078
f 3666/1557/2087 3681/1581/2072 3680/1579/2071 3665/1555/2086
f 3659/1558/2080 3674/1565/2065 3673/1580/2064 3658/1556/2079
f 3667/1559/2088 3682/1567/2073 3681/1581/2072 3666/1557/2087
f 3679/1575/2070 3694/1583/2055 3693/1582/2054 3678/1573/2069
f 3672/1577/2063 3687/1585/2048 3310/1584/2123
f 3536/1586/2349 3701/1587/2062 3686/1574/2077
f 3680/1579/2071 3695/1588/2056 3694/1583/2055 3679/1575/2070
f 3673/1580/2064 3688/1589/2049 3687/1585/2048 3672/1577/2063
f 3681/1581/2072 3696/1590/2057 3695/1588/2056 3680/1579/2071
f 3674/1565/2065 3689/1591/2050 3688/1589/2049 3673/1580/2064
f 3682/1567/2073 3697/1592/2058 3696/1590/2057 3681/1581/2072
f 3675/1566/2066 3690/1593/2051 3689/1591/2050 3674/1565/2065
f 3683/1568/2074 3698/1594/2059 3697/1592/2058 3682/1567/2073
f 3676/1569/2067 3691/1595/2052 3690/1593/2051 3675/1566/2066
f 3684/1570/2075 3699/1596/2060 3698/1594/2059 3683/1568/2074
f 3677/1571/2068 3692/1597/2053 3691/1595/2052 3676/1569/2067
f 3685/1572/2076 3700/1598/2061 3699/1596/2060 3684/1570/2075
f 3678/1573/2069 3693/1582/2054 3692/1597/2053 3677/1571/2068
f 3686/1574/2077 3701/1587/2062 3700/1598/2061 3685/1572/2076
f 3698/1594/2059 3707/1046/2520 3234/1047/2047 3697/1592/2058
f 3691/1595/2052 3230/1050/2043 3704/1042/2517 3690/1593/2051
f 3699/1596/2060 3708/1052/2521 3707/1046/2520 3698/1594/2059
f 3692/1597/2053 3705/1054/2518 3230/1050/2043 3691/1595/2052
f 3700/1598/2061 3709/1056/2522 3708/1052/2521 3699/1596/2060
f 3693/1582/2054 3231/1058/2044 3705/1054/2518 3692/1597/2053
f 3701/1587/2062 3710/1060/2523 3709/1056/2522 3700/1598/2061
f 3694/1583/2055 3232/1062/2045 3231/1058/2044 3693/1582/2054
f 3687/1585/2048 3702/1064/2515 3310/1599/2123
f 3536/1600/2349 3710/1060/2523 3701/1587/2062
f 3695/1588/2056 3233/1068/2046 3232/1062/2045 3694/1583/2055
f 3688/1589/2049 3703/1070/2516 3702/1064/2515 3687/1585/2048
f 3696/1590/2057 3706/1072/2519 3233/1068/2046 3695/1588/2056
f 3689/1591/2050 3229/1043/2042 3703/1070/2516 3688/1589/2049
f 3697/1592/2058 3234/1047/2047 3706/1072/2519 3696/1590/2057
f 3690/1593/2051 3704/1042/2517 3229/1043/2042 3689/1591/2050
o head
v 0.000000 2.788319 -0.658663
v 0.000000 2.461223 -0.985759
v 0.000000 2.033852 -1.162782
v 0.000000 1.802560 -1.185562
v 0.000000 1.571268 -1.162782
v 0.000000 1.122955 -0.973303
v 0.000000 2.988122 0.000000
v 0.000000 2.965342 0.231292
v 0.000000 2.897877 0.453695
v 0.000000 2.788319 0.658663
v 0.000000 2.640861 0.838323
v 0.000000 2.452968 0.987562
v 0.000000 2.240487 1.098761
v 0.000000 2.023241 1.165099
v 0.000000 1.935928 1.185780
v 0.000000 1.571268 1.162782
v 0.000000 1.348865 1.095317
v 0.000000 1.143950 0.985753
v 0.000000 0.969191 0.837774
v 0.000000 0.818724 0.658451
v 0.000000 0.707243 0.453695
v 0.000000 0.639778 0.231292
v -0.045123 2.965342 0.226847
v -0.088512 2.897877 0.444977
v -0.128499 2.788319 0.646007
v -0.160878 2.634260 0.823657
v -0.277802 2.402879 0.974599
v -0.188798 2.200146 1.076993
v -0.209077 1.997247 1.139910
v -0.304540 1.927568 1.174625
v -0.219079 1.574829 1.142859
v -0.213686 1.348865 1.074270
v -0.187712 1.157202 0.965352
v -0.153658 0.968462 0.819060
v -0.123720 0.830621 0.644484
v -0.088512 0.707243 0.444977
v -0.045123 0.639778 0.226847
v -0.088511 2.965342 0.213686
v -0.173622 2.897877 0.419159
v -0.252059 2.788319 0.608525
v -0.314883 2.626184 0.777716
v -0.315406 2.455940 0.888413
v -0.276089 2.217479 0.761139
v -0.330240 1.968712 0.875799
v -0.409015 1.866941 1.051652
v -0.423003 1.582256 1.080514
v -0.418822 1.349841 1.011833
v -0.366784 1.174118 0.907393
v -0.303094 0.968538 0.768052
v -0.243633 0.841172 0.605840
v -0.173620 0.707249 0.419159
v -0.088511 0.639778 0.213686
v -0.128499 2.965342 0.192312
v -0.252059 2.897877 0.377234
v -0.365934 2.788319 0.547658
v -0.460035 2.626723 0.700129
v -0.492321 2.497012 0.745269
v -0.619064 2.258930 0.559942
v -0.632489 2.012549 0.645351
v -0.684154 1.892428 0.858930
v -0.676357 1.622594 0.944562
v -0.609556 1.352819 0.909552
v -0.537923 1.172052 0.816526
v -0.458885 0.974181 0.668662
v -0.349555 0.860395 0.538492
v -0.252059 0.707244 0.377234
v -0.128499 0.639778 0.192312
v -0.163548 2.965342 0.163548
v -0.320811 2.897877 0.320811
v -0.465745 2.788319 0.465745
v -0.590517 2.635265 0.594007
v -0.678971 2.443710 0.675055
v -0.762341 2.261494 0.647709
v -0.797647 2.053292 0.724731
v -0.770822 1.928684 0.810709
v -0.847225 1.680770 0.792388
v -0.777683 1.357179 0.771735
v -0.692715 1.154314 0.696095
v -0.563206 0.974036 0.557147
v -0.442260 0.863032 0.455615
v -0.320811 0.707243 0.320811
v -0.163548 0.639778 0.163548
v 0.000000 0.614108 -0.000240
v -0.192312 2.965342 0.128499
v -0.377234 2.897877 0.252059
v -0.547658 2.788319 0.365933
v -0.697037 2.640879 0.465745
v -0.817142 2.455059 0.549004
v -0.890615 2.256155 0.612200
v -0.918685 2.056357 0.659931
v -0.967749 1.871564 0.653220
v -0.976687 1.603892 0.636165
v -0.910722 1.348865 0.608525
v -0.814031 1.146203 0.549027
v -0.634775 0.960104 0.446940
v -0.531912 0.830121 0.366516
v -0.377234 0.707243 0.252059
v -0.192312 0.639778 0.128499
v -0.213686 2.965342 0.088511
v -0.419159 2.897877 0.173621
v -0.608525 2.788319 0.252059
v -0.774506 2.640879 0.320811
v -0.910722 2.461223 0.377233
v -1.011940 2.256255 0.419159
v -1.071960 2.035213 0.445644
v -1.095148 1.802659 0.453743
v -1.074270 1.571268 0.444977
v -1.011940 1.348865 0.419159
v -0.910722 1.143897 0.377233
v -0.755950 0.971887 0.325350
v -0.608288 0.816899 0.252117
v -0.419159 0.707243 0.173621
v -0.213686 0.639778 0.088511
v -0.226847 2.965342 0.045123
v -0.444977 2.897877 0.088511
v -0.646007 2.788319 0.128499
v -0.822211 2.640879 0.163548
v -0.966817 2.461223 0.192312
v -1.074270 2.256255 0.213686
v -1.140439 2.033852 0.226847
v -1.162781 1.802560 0.231291
v -1.140439 1.571268 0.226847
v -1.074270 1.348865 0.213686
v -0.966817 1.143897 0.192312
v -0.822211 0.964241 0.163548
v -0.646007 0.816801 0.128499
v -0.444977 0.707243 0.088511
v -0.226847 0.639778 0.045123
v -0.231292 2.965342 -0.000000
v -0.453695 2.897877 -0.000000
v -0.658663 2.788319 -0.000000
v -0.838319 2.640879 -0.000000
v -0.985759 2.461223 -0.000000
v -1.095316 2.256255 -0.000000
v -1.162782 2.033852 -0.000000
v -1.185561 1.802560 -0.000001
v -1.162782 1.571268 -0.000000
v -1.095316 1.348865 -0.000000
v -0.985759 1.143897 -0.000000
v -0.838319 0.964241 -0.000000
v -0.658663 0.816801 -0.000000
v -0.453695 0.707243 -0.000000
v -0.231292 0.639778 -0.000000
v -0.226847 2.965342 -0.045123
v -0.444977 2.897877 -0.088512
v -0.646007 2.788319 -0.128499
v -0.822211 2.640879 -0.163548
v -0.966817 2.461223 -0.192312
v -1.074270 2.256255 -0.213686
v -1.140439 2.033852 -0.226848
v -1.162781 1.802560 -0.231292
v -1.140439 1.571268 -0.226848
v -1.074270 1.348865 -0.213686
v -0.966817 1.143897 -0.192312
v -0.822211 0.964241 -0.163548
v -0.646007 0.816801 -0.128499
v -0.444977 0.707243 -0.088512
v -0.226848 0.639763 -0.045124
v -0.213685 2.965342 -0.088511
v -0.419159 2.897877 -0.173622
v -0.608525 2.788319 -0.252059
v -0.774506 2.640879 -0.320811
v -0.910722 2.461223 -0.377234
v -1.011940 2.256255 -0.419159
v -1.074270 2.033852 -0.444978
v -1.095315 1.802560 -0.453695
v -1.074270 1.571268 -0.444978
v -1.011940 1.348865 -0.419159
v -0.910722 1.143897 -0.377234
v -0.774506 0.964241 -0.320811
v -0.608525 0.816801 -0.252059
v -0.419159 0.707243 -0.173622
v -0.213751 0.638630 -0.088607
v -0.192312 2.965342 -0.128499
v -0.377233 2.897877 -0.252059
v -0.547658 2.788319 -0.365933
v -0.697037 2.640879 -0.465745
v -0.819628 2.461223 -0.547658
v -0.910722 2.256255 -0.608525
v -0.966817 2.033852 -0.646007
v -0.985758 1.802560 -0.658663
v -0.966817 1.571268 -0.646007
v -0.910722 1.348865 -0.608525
v -0.819628 1.143897 -0.547658
v -0.697037 0.964241 -0.465745
v -0.547658 0.816801 -0.365933
v -0.377104 0.706630 -0.251760
v -0.192301 0.635003 -0.128294
v -0.163548 2.965342 -0.163548
v -0.320811 2.897877 -0.320811
v -0.465745 2.788319 -0.465745
v -0.592781 2.640879 -0.592781
v -0.697036 2.461223 -0.697037
v -0.774506 2.256255 -0.774506
v -0.822210 2.033852 -0.822211
v -0.838318 1.802560 -0.838319
v -0.822210 1.571268 -0.822211
v -0.774506 1.348865 -0.774506
v -0.697036 1.143897 -0.697037
v -0.592781 0.964241 -0.592781
v -0.463863 0.813471 -0.463433
v -0.314367 0.690424 -0.313184
v -0.162634 0.627227 -0.161126
v -0.128499 2.965342 -0.192312
v -0.252059 2.897877 -0.377234
v -0.365933 2.788319 -0.547658
v -0.465745 2.640879 -0.697037
v -0.547658 2.461223 -0.819628
v -0.608525 2.256255 -0.910722
v -0.646007 2.033852 -0.966818
v -0.658662 1.802560 -0.985758
v -0.646007 1.571268 -0.966818
v -0.608525 1.348865 -0.910722
v -0.547658 1.143897 -0.819628
v -0.464423 0.961186 -0.694616
v -0.344294 0.779067 -0.526795
v -0.231113 0.655472 -0.354471
v -0.125450 0.615874 -0.186162
v -0.088511 2.965342 -0.213685
v -0.173621 2.897877 -0.419159
v -0.252059 2.788319 -0.608525
v -0.320811 2.640879 -0.774506
v -0.377233 2.461223 -0.910722
v -0.419159 2.256255 -1.011940
v -0.444977 2.033852 -1.074270
v -0.453694 1.802560 -1.095316
v -0.444977 1.571268 -1.074270
v -0.419159 1.348865 -1.011940
v -0.377219 1.143859 -0.910690
v -0.301314 0.930873 -0.752764
v -0.193061 0.713259 -0.556356
v -0.126875 0.608777 -0.376758
v -0.080860 0.602844 -0.203083
v -0.045123 2.965342 -0.226847
v -0.088511 2.897877 -0.444977
v -0.128498 2.788319 -0.646006
v -0.163548 2.640879 -0.822211
v -0.192312 2.461223 -0.966817
v -0.213686 2.256255 -1.074270
v -0.226847 2.033852 -1.140439
v -0.231291 1.802560 -1.162781
v -0.226847 1.571268 -1.140439
v -0.213686 1.348865 -1.074270
v -0.189707 1.136920 -0.960983
v -0.102343 0.872668 -0.769722
v 0.001190 0.635730 -0.553437
v -0.005818 0.563708 -0.384541
v -0.029529 0.590855 -0.212073
v 0.000000 2.965342 -0.231291
v 0.000000 2.897877 -0.453695
v 0.000000 2.640879 -0.838319
v 0.000000 2.256255 -1.095316
v 0.000000 1.348865 -1.095316
v 0.000000 0.830393 -0.760213
v 0.000000 0.603575 -0.550924
v 0.000000 0.549534 -0.386007
v 0.000000 0.584420 -0.214182
v 0.045123 2.965342 0.226847
v 0.088512 2.897877 0.444977
v 0.128499 2.788319 0.646007
v 0.160878 2.634260 0.823657
v 0.277802 2.402879 0.974599
v 0.188798 2.200146 1.076993
v 0.209077 1.997247 1.139910
v 0.304540 1.927568 1.174625
v 0.219079 1.574829 1.142859
v 0.213686 1.348865 1.074270
v 0.187712 1.157202 0.965352
v 0.153658 0.968462 0.819060
v 0.123720 0.830621 0.644484
v 0.088512 0.707243 0.444977
v 0.045123 0.639778 0.226847
v 0.088511 2.965342 0.213686
v 0.173622 2.897877 0.419159
v 0.252059 2.788319 0.608525
v 0.314883 2.626184 0.777716
v 0.315406 2.455940 0.888413
v 0.276089 2.217479 0.761139
v 0.330240 1.968712 0.875799
v 0.409015 1.866941 1.051652
v 0.423003 1.582256 1.080514
v 0.418822 1.349841 1.011833
v 0.366784 1.174118 0.907393
v 0.303094 0.968538 0.768052
v 0.243633 0.841172 0.605840
v 0.173620 0.707249 0.419159
v 0.088511 0.639778 0.213686
v 0.128499 2.965342 0.192312
v 0.252059 2.897877 0.377234
v 0.365934 2.788319 0.547658
v 0.460035 2.626723 0.700129
v 0.492321 2.497012 0.745269
v 0.619064 2.258930 0.559942
v 0.632489 2.012549 0.645351
v 0.684154 1.892428 0.858930
v 0.676357 1.622594 0.944562
v 0.609556 1.352819 0.909552
v 0.537923 1.172052 0.816526
v 0.458885 0.974181 0.668662
v 0.349555 0.860395 0.538492
v 0.252059 0.707244 0.377234
v 0.128499 0.639778 0.192312
v 0.163548 2.965342 0.163548
v 0.320811 2.897877 0.320811
v 0.465745 2.788319 0.465745
v 0.590517 2.635265 0.594007
v 0.678971 2.443710 0.675055
v 0.762341 2.261494 0.647709
v 0.797647 2.053292 0.724731
v 0.770822 1.928684 0.810709
v 0.847225 1.680770 0.792388
v 0.777683 1.357179 0.771735
v 0.692715 1.154314 0.696095
v 0.563206 0.974036 0.557147
v 0.442260 0.863032 0.455615
v 0.320811 0.707243 0.320811
v 0.163548 0.639778 0.163548
v 0.192312 2.965342 0.128499
v 0.377234 2.897877 0.252059
v 0.547658 2.788319 0.365933
v 0.697037 2.640879 0.465745
v 0.817142 2.455059 0.549004
v 0.890615 2.256155 0.612200
v 0.918685 2.056357 0.659931
v 0.967749 1.871564 0.653220
v 0.976687 1.603892 0.636165
v 0.910722 1.348865 0.608525
v 0.814031 1.146203 0.549027
v 0.634775 0.960104 0.446940
v 0.531912 0.830121 0.366516
v 0.377234 0.707243 0.252059
v 0.192312 0.639778 0.128499
v 0.213686 2.965342 0.088511
v 0.419159 2.897877 0.173621
v 0.608525 2.788319 0.252059
v 0.774506 2.640879 0.320811
v 0.910722 2.461223 0.377233
v 1.011940 2.256255 0.419159
v 1.071960 2.035213 0.445644
v 1.095148 1.802659 0.453743
v 1.074270 1.571268 0.444977
v 1.011940 1.348865 0.419159
v 0.910722 1.143897 0.377233
v 0.755950 0.971887 0.325350
v 0.608288 0.816899 0.252117
v 0.419159 0.707243 0.173621
v 0.213686 0.639778 0.088511
v 0.226847 2.965342 0.045123
v 0.444977 2.897877 0.088511
v 0.646007 2.788319 0.128499
v 0.822211 2.640879 0.163548
v 0.966817 2.461223 0.192312
v 1.074270 2.256255 0.213686
v 1.140439 2.033852 0.226847
v 1.162781 1.802560 0.231291
v 1.140439 1.571268 0.226847
v 1.074270 1.348865 0.213686
v 0.966817 1.143897 0.192312
v 0.822211 0.964241 0.163548
v 0.646007 0.816801 0.128499
v 0.444977 0.707243 0.088511
v 0.226847 0.639778 0.045123
v 0.231292 2.965342 -0.000000
v 0.453695 2.897877 -0.000000
v 0.658663 2.788319 -0.000000
v 0.838319 2.640879 -0.000000
v 0.985759 2.461223 -0.000000
v 1.095316 2.256255 -0.000000
v 1.162782 2.033852 -0.000000
v 1.185561 1.802560 -0.000001
v 1.162782 1.571268 -0.000000
v 1.095316 1.348865 -0.000000
v 0.985759 1.143897 -0.000000
v 0.838319 0.964241 -0.000000
v 0.658663 0.816801 -0.000000
v 0.453695 0.707243 -0.000000
v 0.231292 0.639778 -0.000000
v 0.226847 2.965342 -0.045123
v 0.444977 2.897877 -0.088512
v 0.646007 2.788319 -0.128499
v 0.822211 2.640879 -0.163548
v 0.966817 2.461223 -0.192312
v 1.074270 2.256255 -0.213686
v 1.140439 2.033852 -0.226848
v 1.162781 1.802560 -0.231292
v 1.140439 1.571268 -0.226848
v 1.074270 1.348865 -0.213686
v 0.966817 1.143897 -0.192312
v 0.822211 0.964241 -0.163548
v 0.646007 0.816801 -0.128499
v 0.444977 0.707243 -0.088512
v 0.226848 0.639763 -0.045124
v 0.213685 2.965342 -0.088511
v 0.419159 2.897877 -0.173622
v 0.608525 2.788319 -0.252059
v 0.774506 2.640879 -0.320811
v 0.910722 2.461223 -0.377234
v 1.011940 2.256255 -0.419159
v 1.074270 2.033852 -0.444978
v 1.095315 1.802560 -0.453695
v 1.074270 1.571268 -0.444978
v 1.011940 1.348865 -0.419159
v 0.910722 1.143897 -0.377234
v 0.774506 0.964241 -0.320811
v 0.608525 0.816801 -0.252059
v 0.419159 0.707243 -0.173622
v 0.213751 0.638630 -0.088607
v 0.192312 2.965342 -0.128499
v 0.377233 2.897877 -0.252059
v 0.547658 2.788319 -0.365933
v 0.697037 2.640879 -0.465745
v 0.819628 2.461223 -0.547658
v 0.910722 2.256255 -0.608525
v 0.966817 2.033852 -0.646007
v 0.985758 1.802560 -0.658663
v 0.966817 1.571268 -0.646007
v 0.910722 1.348865 -0.608525
v 0.819628 1.143897 -0.547658
v 0.697037 0.964241 -0.465745
v 0.547658 0.816801 -0.365933
v 0.377104 0.706630 -0.251760
v 0.192301 0.635003 -0.128294
v 0.163548 2.965342 -0.163548
v 0.320811 2.897877 -0.320811
v 0.465745 2.788319 -0.465745
v 0.592781 2.640879 -0.592781
v 0.697036 2.461223 -0.697037
v 0.774506 2.256255 -0.774506
v 0.822210 2.033852 -0.822211
v 0.838318 1.802560 -0.838319
v 0.822210 1.571268 -0.822211
v 0.774506 1.348865 -0.774506
v 0.697036 1.143897 -0.697037
v 0.592781 0.964241 -0.592781
v 0.463863 0.813471 -0.463433
v 0.314367 0.690424 -0.313184
v 0.162634 0.627227 -0.161126
v 0.128499 2.965342 -0.192312
v 0.252059 2.897877 -0.377234
v 0.365933 2.788319 -0.547658
v 0.465745 2.640879 -0.697037
v 0.547658 2.461223 -0.819628
v 0.608525 2.256255 -0.910722
v 0.646007 2.033852 -0.966818
v 0.658662 1.802560 -0.985758
v 0.646007 1.571268 -0.966818
v 0.608525 1.348865 -0.910722
v 0.547658 1.143897 -0.819628
v 0.464423 0.961186 -0.694616
v 0.344294 0.779067 -0.526795
v 0.231113 0.655472 -0.354471
v 0.125450 0.615874 -0.186162
v 0.088511 2.965342 -0.213685
v 0.173621 2.897877 -0.419159
v 0.252059 2.788319 -0.608525
v 0.320811 2.640879 -0.774506
v 0.377233 2.461223 -0.910722
v 0.419159 2.256255 -1.011940
v 0.444977 2.033852 -1.074270
v 0.453694 1.802560 -1.095316
v 0.444977 1.571268 -1.074270
v 0.419159 1.348865 -1.011940
v 0.377219 1.143859 -0.910690
v 0.301314 0.930873 -0.752764
v 0.193061 0.713259 -0.556356
v 0.126875 0.608777 -0.376758
v 0.080860 0.602844 -0.203083
v 0.045123 2.965342 -0.226847
v 0.088511 2.897877 -0.444977
v 0.128498 2.788319 -0.646006
v 0.163548 2.640879 -0.822211
v 0.192312 2.461223 -0.966817
v 0.213686 2.256255 -1.074270
v 0.226847 2.033852 -1.140439
v 0.231291 1.802560 -1.162781
v 0.226847 1.571268 -1.140439
v 0.213686 1.348865 -1.074270
v 0.189707 1.136920 -0.960983
v 0.102343 0.872668 -0.769722
v -0.001190 0.635730 -0.553437
v 0.005818 0.563708 -0.384541
v 0.029529 0.590855 -0.212073
vn -0.0000 0.8286 -0.5598
vn -0.0000 0.5528 -0.8333
vn -0.0000 0.1939 -0.9810
vn -0.0000 -0.0000 -1.0000
vn -0.0000 -0.1939 -0.9810
vn -0.0000 -0.5411 -0.8410
vn -0.0000 1.0000 -0.0000
vn -0.0000 0.9796 0.2010
vn -0.0000 0.9217 0.3879
vn -0.0000 0.8262 0.5633
vn -0.0000 0.6894 0.7244
vn -0.0000 0.5284 0.8490
vn -0.0000 0.3737 0.9275
vn -0.0000 0.3396 0.9406
vn -0.0000 0.1569 0.9876
vn -0.0000 -0.1881 0.9821
vn -0.0000 -0.3894 0.9211
vn -0.0000 -0.5638 0.8259
vn -0.0000 -0.7072 0.7070
vn -0.0000 -0.8255 0.5643
vn -0.0000 -0.9160 0.4012
vn -0.0000 -0.9784 0.2066
vn -0.0392 0.9796 0.1971
vn -0.0757 0.9217 0.3804
vn -0.1204 0.8225 0.5559
vn -0.1874 0.6795 0.7093
vn -0.6704 0.2087 0.7121
vn -0.5831 0.2830 0.7615
vn -0.4481 0.5006 0.7407
vn -0.4649 0.3922 0.7937
vn -0.2236 -0.1826 0.9574
vn -0.1939 -0.3976 0.8968
vn -0.1938 -0.5636 0.8029
vn -0.1801 -0.7051 0.6859
vn -0.1576 -0.8191 0.5515
vn -0.1080 -0.9095 0.4015
vn -0.0403 -0.9784 0.2026
vn -0.0769 0.9796 0.1857
vn -0.1484 0.9217 0.3584
vn -0.2259 0.8167 0.5310
vn -0.3513 0.6296 0.6929
vn -0.6476 0.1712 0.7425
vn -0.7716 0.0051 0.6361
vn -0.6021 0.6355 0.4832
vn -0.5451 0.4876 0.6819
vn -0.4504 -0.1107 0.8859
vn -0.3682 -0.4012 0.8388
vn -0.3382 -0.5750 0.7450
vn -0.3198 -0.7129 0.6241
vn -0.2907 -0.8130 0.5045
vn -0.2065 -0.8964 0.3921
vn -0.0791 -0.9784 0.1909
vn -0.1117 0.9796 0.1671
vn -0.2155 0.9217 0.3225
vn -0.3155 0.8165 0.4835
vn -0.4247 0.6061 0.6725
vn -0.4899 0.0876 0.8674
vn -0.0765 -0.0730 0.9944
vn -0.0061 0.5949 0.8038
vn -0.3304 0.5559 0.7628
vn -0.5704 -0.0319 0.8208
vn -0.5204 -0.3835 0.7630
vn -0.4467 -0.5900 0.6726
vn -0.4142 -0.7376 0.5332
vn -0.3909 -0.8009 0.4536
vn -0.2917 -0.8801 0.3746
vn -0.1148 -0.9784 0.1718
vn -0.1421 0.9796 0.1421
vn -0.2743 0.9217 0.2743
vn -0.3949 0.8221 0.4101
vn -0.4940 0.6455 0.5825
vn -0.3455 0.1241 0.9302
vn -0.0809 0.1513 0.9852
vn -0.0982 0.4291 0.8979
vn -0.3164 0.4445 0.8380
vn -0.6765 -0.0213 0.7361
vn -0.6520 -0.3598 0.6674
vn -0.5484 -0.6065 0.5756
vn -0.4522 -0.7515 0.4803
vn -0.4003 -0.7872 0.4692
vn -0.3087 -0.8800 0.3610
vn -0.1461 -0.9784 0.1461
vn -0.0000 -0.9971 0.0765
vn -0.1671 0.9796 0.1117
vn -0.3225 0.9217 0.2155
vn -0.4645 0.8273 0.3159
vn -0.5848 0.6882 0.4294
vn -0.6496 0.4920 0.5797
vn -0.6326 0.3418 0.6950
vn -0.6541 0.2551 0.7121
vn -0.7669 0.1038 0.6333
vn -0.7993 -0.1340 0.5858
vn -0.7588 -0.3701 0.5360
vn -0.6422 -0.6065 0.4688
vn -0.5051 -0.7318 0.4575
vn -0.4313 -0.7849 0.4448
vn -0.3203 -0.9014 0.2912
vn -0.1718 -0.9784 0.1148
vn -0.1857 0.9796 0.0769
vn -0.3584 0.9217 0.1484
vn -0.5172 0.8286 0.2142
vn -0.6563 0.7022 0.2760
vn -0.7674 0.5473 0.3340
vn -0.8451 0.3689 0.3870
vn -0.8880 0.1986 0.4147
vn -0.9122 0.0172 0.4093
vn -0.9030 -0.1843 0.3882
vn -0.8521 -0.3804 0.3594
vn -0.7374 -0.5832 0.3406
vn -0.6126 -0.7119 0.3433
vn -0.5143 -0.8067 0.2912
vn -0.3568 -0.9182 0.1720
vn -0.1909 -0.9784 0.0791
vn -0.1971 0.9796 0.0392
vn -0.3804 0.9217 0.0757
vn -0.5490 0.8286 0.1092
vn -0.6965 0.7041 0.1385
vn -0.8173 0.5528 0.1626
vn -0.9071 0.3798 0.1814
vn -0.9618 0.1939 0.1933
vn -0.9806 0.0010 0.1962
vn -0.9622 -0.1938 0.1915
vn -0.9070 -0.3805 0.1804
vn -0.8100 -0.5605 0.1722
vn -0.6897 -0.7055 0.1630
vn -0.5523 -0.8241 0.1257
vn -0.3805 -0.9217 0.0759
vn -0.2027 -0.9784 0.0403
vn -0.2010 0.9796 -0.0000
vn -0.3879 0.9217 -0.0000
vn -0.5598 0.8286 -0.0000
vn -0.7101 0.7041 -0.0000
vn -0.8333 0.5528 -0.0000
vn -0.9248 0.3805 -0.0000
vn -0.9810 0.1939 -0.0000
vn -1.0000 -0.0000 -0.0000
vn -0.9810 -0.1939 -0.0000
vn -0.9248 -0.3805 -0.0000
vn -0.8333 -0.5528 -0.0000
vn -0.7101 -0.7041 -0.0000
vn -0.5598 -0.8286 -0.0000
vn -0.3879 -0.9217 -0.0000
vn -0.2067 -0.9784 0.0001
vn -0.1971 0.9796 -0.0392
vn -0.3804 0.9217 -0.0757
vn -0.5490 0.8286 -0.1092
vn -0.6965 0.7041 -0.1385
vn -0.8173 0.5528 -0.1626
vn -0.9070 0.3805 -0.1804
vn -0.9622 0.1939 -0.1914
vn -0.9808 -0.0000 -0.1951
vn -0.9622 -0.1939 -0.1914
vn -0.9070 -0.3805 -0.1804
vn -0.8173 -0.5528 -0.1626
vn -0.6965 -0.7041 -0.1385
vn -0.5490 -0.8286 -0.1092
vn -0.3815 -0.9214 -0.0739
vn -0.2051 -0.9782 -0.0325
vn -0.1857 0.9796 -0.0769
vn -0.3584 0.9217 -0.1484
vn -0.5172 0.8286 -0.2142
vn -0.6561 0.7041 -0.2718
vn -0.7699 0.5528 -0.3189
vn -0.8544 0.3805 -0.3539
vn -0.9063 0.1939 -0.3754
vn -0.9239 -0.0000 -0.3827
vn -0.9063 -0.1939 -0.3754
vn -0.8544 -0.3805 -0.3539
vn -0.7699 -0.5528 -0.3189
vn -0.6561 -0.7041 -0.2718
vn -0.5175 -0.8285 -0.2139
vn -0.3653 -0.9201 -0.1415
vn -0.2061 -0.9773 -0.0483
vn -0.1671 0.9796 -0.1117
vn -0.3225 0.9217 -0.2155
vn -0.4654 0.8286 -0.3110
vn -0.5905 0.7041 -0.3945
vn -0.6929 0.5528 -0.4630
vn -0.7689 0.3805 -0.5138
vn -0.8157 0.1939 -0.5450
vn -0.8315 -0.0000 -0.5556
vn -0.8157 -0.1939 -0.5450
vn -0.7689 -0.3805 -0.5138
vn -0.6929 -0.5528 -0.4630
vn -0.5910 -0.7038 -0.3942
vn -0.4771 -0.8246 -0.3039
vn -0.3648 -0.9133 -0.1811
vn -0.2294 -0.9730 -0.0261
vn -0.1421 0.9796 -0.1421
vn -0.2743 0.9217 -0.2743
vn -0.3958 0.8286 -0.3958
vn -0.5021 0.7041 -0.5021
vn -0.5893 0.5528 -0.5893
vn -0.6539 0.3805 -0.6539
vn -0.6937 0.1939 -0.6937
vn -0.7071 -0.0000 -0.7071
vn -0.6937 -0.1939 -0.6937
vn -0.6539 -0.3805 -0.6539
vn -0.5891 -0.5528 -0.5893
vn -0.5104 -0.6997 -0.5000
vn -0.4484 -0.8105 -0.3769
vn -0.3911 -0.9029 -0.1785
vn -0.2713 -0.9621 0.0290
vn -0.1117 0.9796 -0.1671
vn -0.2155 0.9217 -0.3225
vn -0.3110 0.8286 -0.4654
vn -0.3945 0.7041 -0.5905
vn -0.4630 0.5528 -0.6929
vn -0.5138 0.3805 -0.7689
vn -0.5450 0.1939 -0.8157
vn -0.5556 -0.0000 -0.8315
vn -0.5450 -0.1939 -0.8157
vn -0.5138 -0.3805 -0.7689
vn -0.4624 -0.5533 -0.6929
vn -0.4201 -0.6880 -0.5918
vn -0.4224 -0.7959 -0.4337
vn -0.4090 -0.8976 -0.1643
vn -0.2965 -0.9523 0.0728
vn -0.0769 0.9796 -0.1857
vn -0.1484 0.9217 -0.3584
vn -0.2142 0.8286 -0.5172
vn -0.2718 0.7041 -0.6561
vn -0.3189 0.5528 -0.7699
vn -0.3539 0.3805 -0.8544
vn -0.3754 0.1939 -0.9063
vn -0.3827 -0.0000 -0.9239
vn -0.3754 -0.1939 -0.9063
vn -0.3525 -0.3817 -0.8544
vn -0.3200 -0.5512 -0.7706
vn -0.3128 -0.6769 -0.6663
vn -0.3565 -0.7921 -0.4954
vn -0.3669 -0.9160 -0.1620
vn -0.2797 -0.9552 0.0965
vn -0.0392 0.9796 -0.1971
vn -0.0757 0.9217 -0.3804
vn -0.1092 0.8286 -0.5490
vn -0.1385 0.7041 -0.6965
vn -0.1626 0.5528 -0.8173
vn -0.1804 0.3805 -0.9070
vn -0.1914 0.1939 -0.9622
vn -0.1951 -0.0000 -0.9808
vn -0.1914 -0.1939 -0.9622
vn -0.1797 -0.3830 -0.9061
vn -0.1769 -0.5439 -0.8203
vn -0.2350 -0.6545 -0.7186
vn -0.5201 -0.6885 -0.5055
vn -0.6414 -0.7647 -0.0621
vn -0.2975 -0.9477 0.1155
vn -0.0000 0.9796 -0.2010
vn -0.0000 0.9217 -0.3879
vn -0.0000 0.7041 -0.7101
vn -0.0000 0.3805 -0.9248
vn -0.0000 -0.3835 -0.9236
vn -0.0000 -0.6793 -0.7339
vn -0.0000 -0.7698 -0.6383
vn -0.0000 -0.9982 0.0608
vn -0.0000 -0.9904 0.1385
vn 0.0392 0.9796 0.1971
vn 0.0757 0.9217 0.3804
vn 0.1204 0.8225 0.5559
vn 0.1874 0.6795 0.7093
vn 0.6704 0.2087 0.7121
vn 0.5831 0.2830 0.7615
vn 0.4481 0.5006 0.7407
vn 0.4649 0.3922 0.7937
vn 0.2236 -0.1826 0.9574
vn 0.1939 -0.3976 0.8968
vn 0.1938 -0.5636 0.8029
vn 0.1801 -0.7051 0.6859
vn 0.1576 -0.8191 0.5515
vn 0.1080 -0.9095 0.4015
vn 0.0403 -0.9784 0.2026
vn 0.0769 0.9796 0.1857
vn 0.1484 0.9217 0.3584
vn 0.2259 0.8167 0.5310
vn 0.3513 0.6296 0.6929
vn 0.6476 0.1712 0.7425
vn 0.7716 0.0051 0.6361
vn 0.6021 0.6355 0.4832
vn 0.5451 0.4876 0.6819
vn 0.4504 -0.1107 0.8859
vn 0.3682 -0.4012 0.8388
vn 0.3382 -0.5750 0.7450
vn 0.3198 -0.7129 0.6241
vn 0.2907 -0.8130 0.5045
vn 0.2065 -0.8964 0.3921
vn 0.0791 -0.9784 0.1909
vn 0.1117 0.9796 0.1671
vn 0.2155 0.9217 0.3225
vn 0.3155 0.8165 0.4835
vn 0.4247 0.6061 0.6725
vn 0.4899 0.0876 0.8674
vn 0.0765 -0.0730 0.9944
vn 0.0061 0.5949 0.8038
vn 0.3304 0.5559 0.7628
vn 0.5704 -0.0319 0.8208
vn 0.5204 -0.3835 0.7630
vn 0.4467 -0.5900 0.6726
vn 0.4142 -0.7376 0.5332
vn 0.3909 -0.8009 0.4536
vn 0.2917 -0.8801 0.3746
vn 0.1148 -0.9784 0.1718
vn 0.1421 0.9796 0.1421
vn 0.2743 0.9217 0.2743
vn 0.3949 0.8221 0.4101
vn 0.4940 0.6455 0.5825
vn 0.3455 0.1241 0.9302
vn 0.0809 0.1513 0.9852
vn 0.0982 0.4291 0.8979
vn 0.3164 0.4445 0.8380
vn 0.6765 -0.0213 0.7361
vn 0.6520 -0.3598 0.6674
vn 0.5484 -0.6065 0.5756
vn 0.4522 -0.7515 0.4803
vn 0.4003 -0.7872 0.4692
vn 0.3087 -0.8800 0.3610
vn 0.1461 -0.9784 0.1461
vn 0.1671 0.9796 0.1117
vn 0.3225 0.9217 0.2155
vn 0.4645 0.8273 0.3159
vn 0.5848 0.6882 0.4294
vn 0.6496 0.4920 0.5797
vn 0.6326 0.3418 0.6950
vn 0.6541 0.2551 0.7121
vn 0.7669 0.1038 0.6333
vn 0.7993 -0.1340 0.5858
vn 0.7588 -0.3701 0.5360
vn 0.6422 -0.6065 0.4688
vn 0.5051 -0.7318 0.4575
vn 0.4313 -0.7849 0.4448
vn 0.3203 -0.9014 0.2912
vn 0.1718 -0.9784 0.1148
vn 0.1857 0.9796 0.0769
vn 0.3584 0.9217 0.1484
vn 0.5172 0.8286 0.2142
vn 0.6563 0.7022 0.2760
vn 0.7674 0.5473 0.3340
vn 0.8451 0.3689 0.3870
vn 0.8880 0.1986 0.4147
vn 0.9122 0.0172 0.4093
vn 0.9030 -0.1843 0.3882
vn 0.8521 -0.3804 0.3594
vn 0.7374 -0.5832 0.3406
vn 0.6126 -0.7119 0.3433
vn 0.5143 -0.8067 0.2912
vn 0.3568 -0.9182 0.1720
vn 0.1909 -0.9784 0.0791
vn 0.1971 0.9796 0.0392
vn 0.3804 0.9217 0.0757
vn 0.5490 0.8286 0.1092
vn 0.6965 0.7041 0.1385
vn 0.8173 0.5528 0.1626
vn 0.9071 0.3798 0.1814
vn 0.9618 0.1939 0.1933
vn 0.9806 0.0010 0.1962
vn 0.9622 -0.1938 0.1915
vn 0.9070 -0.3805 0.1804
vn 0.8100 -0.5605 0.1722
vn 0.6897 -0.7055 0.1630
vn 0.5523 -0.8241 0.1257
vn 0.3805 -0.9217 0.0759
vn 0.2027 -0.9784 0.0403
vn 0.2010 0.9796 -0.0000
vn 0.3879 0.9217 -0.0000
vn 0.5598 0.8286 -0.0000
vn 0.7101 0.7041 -0.0000
vn 0.8333 0.5528 -0.0000
vn 0.9248 0.3805 -0.0000
vn 0.9810 0.1939 -0.0000
vn 1.0000 -0.0000 -0.0000
vn 0.9810 -0.1939 -0.0000
vn 0.9248 -0.3805 -0.0000
vn 0.8333 -0.5528 -0.0000
vn 0.7101 -0.7041 -0.0000
vn 0.5598 -0.8286 -0.0000
vn 0.3879 -0.9217 -0.0000
vn 0.2067 -0.9784 0.0001
vn 0.1971 0.9796 -0.0392
vn 0.3804 0.9217 -0.0757
vn 0.5490 0.8286 -0.1092
vn 0.6965 0.7041 -0.1385
vn 0.8173 0.5528 -0.1626
vn 0.9070 0.3805 -0.1804
vn 0.9622 0.1939 -0.1914
vn 0.9808 -0.0000 -0.1951
vn 0.9622 -0.1939 -0.1914
vn 0.9070 -0.3805 -0.1804
vn 0.8173 -0.5528 -0.1626
vn 0.6965 -0.7041 -0.1385
vn 0.5490 -0.8286 -0.1092
vn 0.3815 -0.9214 -0.0739
vn 0.2051 -0.9782 -0.0325
vn 0.1857 0.9796 -0.0769
vn 0.3584 0.9217 -0.1484
vn 0.5172 0.8286 -0.2142
vn 0.6561 0.7041 -0.2718
vn 0.7699 0.5528 -0.3189
vn 0.8544 0.3805 -0.3539
vn 0.9063 0.1939 -0.3754
vn 0.9239 -0.0000 -0.3827
vn 0.9063 -0.1939 -0.3754
vn 0.8544 -0.3805 -0.3539
vn 0.7699 -0.5528 -0.3189
vn 0.6561 -0.7041 -0.2718
vn 0.5175 -0.8285 -0.2139
vn 0.3653 -0.9201 -0.1415
vn 0.2061 -0.9773 -0.0483
vn 0.1671 0.9796 -0.1117
vn 0.3225 0.9217 -0.2155
vn 0.4654 0.8286 -0.3110
vn 0.5905 0.7041 -0.3945
vn 0.6929 0.5528 -0.4630
vn 0.7689 0.3805 -0.5138
vn 0.8157 0.1939 -0.5450
vn 0.8315 -0.0000 -0.5556
vn 0.8157 -0.1939 -0.5450
vn 0.7689 -0.3805 -0.5138
vn 0.6929 -0.5528 -0.4630
vn 0.5910 -0.7038 -0.3942
vn 0.4771 -0.8246 -0.3039
vn 0.3648 -0.9133 -0.1811
vn 0.2294 -0.9730 -0.0261
vn 0.1421 0.9796 -0.1421
vn 0.2743 0.9217 -0.2743
vn 0.3958 0.8286 -0.3958
vn 0.5021 0.7041 -0.5021
vn 0.5893 0.5528 -0.5893
vn 0.6539 0.3805 -0.6539
vn 0.6937 0.1939 -0.6937
vn 0.7071 -0.0000 -0.7071
vn 0.6937 -0.1939 -0.6937
vn 0.6539 -0.3805 -0.6539
vn 0.5891 -0.5528 -0.5893
vn 0.5104 -0.6997 -0.5000
vn 0.4484 -0.8105 -0.3769
vn 0.3911 -0.9029 -0.1785
vn 0.2713 -0.9621 0.0290
vn 0.1117 0.9796 -0.1671
vn 0.2155 0.9217 -0.3225
vn 0.3110 0.8286 -0.4654
vn 0.3945 0.7041 -0.5905
vn 0.4630 0.5528 -0.6929
vn 0.5138 0.3805 -0.7689
vn 0.5450 0.1939 -0.8157
vn 0.5556 -0.0000 -0.8315
vn 0.5450 -0.1939 -0.8157
vn 0.5138 -0.3805 -0.7689
vn 0.4624 -0.5533 -0.6929
vn 0.4201 -0.6880 -0.5918
vn 0.4224 -0.7959 -0.4337
vn 0.4090 -0.8976 -0.1643
vn 0.2965 -0.9523 0.0728
vn 0.0769 0.9796 -0.1857
vn 0.1484 0.9217 -0.3584
vn 0.2142 0.8286 -0.5172
vn 0.2718 0.7041 -0.6561
vn 0.3189 0.5528 -0.7699
vn 0.3539 0.3805 -0.8544
vn 0.3754 0.1939 -0.9063
vn 0.3827 -0.0000 -0.9239
vn 0.3754 -0.1939 -0.9063
vn 0.3525 -0.3817 -0.8544
vn 0.3200 -0.5512 -0.7706
vn 0.3128 -0.6769 -0.6663
vn 0.3565 -0.7921 -0.4954
vn 0.3669 -0.9160 -0.1620
vn 0.2797 -0.9552 0.0965
vn 0.0392 0.9796 -0.1971
vn 0.0757 0.9217 -0.3804
vn 0.1092 0.8286 -0.5490
vn 0.1385 0.7041 -0.6965
vn 0.1626 0.5528 -0.8173
vn 0.1804 0.3805 -0.9070
vn 0.1914 0.1939 -0.9622
vn 0.1951 -0.0000 -0.9808
vn 0.1914 -0.1939 -0.9622
vn 0.1797 -0.3830 -0.9061
vn 0.1769 -0.5439 -0.8203
vn 0.2350 -0.6545 -0.7186
vn 0.5201 -0.6885 -0.5055
vn 0.6414 -0.7647 -0.0621
vn 0.2975 -0.9477 0.1155
vt 0.250000 0.062500
vt 0.250000 0.125000
vt 0.218750 0.125000
vt 0.218750 0.062500
vt 0.250000 0.500000
vt 0.250000 0.562500
vt 0.218750 0.562500
vt 0.218750 0.500000
vt 0.250000 0.937500
vt 0.234375 1.000000
vt 0.218750 0.937500
vt 0.234375 0.000000
vt 0.250000 0.437500
vt 0.218750 0.437500
vt 0.250000 0.875000
vt 0.218750 0.875000
vt 0.250000 0.375000
vt 0.218750 0.375000
vt 0.250000 0.812500
vt 0.218750 0.812500
vt 0.250000 0.312500
vt 0.218750 0.312500
vt 0.250000 0.750000
vt 0.218750 0.750000
vt 0.250000 0.250000
vt 0.218750 0.250000
vt 0.250000 0.687500
vt 0.218750 0.687500
vt 0.250000 0.187500
vt 0.218750 0.187500
vt 0.250000 0.625000
vt 0.218750 0.625000
vt 0.187500 0.812500
vt 0.187500 0.750000
vt 0.187500 0.312500
vt 0.187500 0.250000
vt 0.187500 0.687500
vt 0.187500 0.187500
vt 0.187500 0.625000
vt 0.187500 0.125000
vt 0.187500 0.562500
vt 0.187500 0.062500
vt 0.187500 0.500000
vt 0.203125 1.000000
vt 0.187500 0.937500
vt 0.203125 0.000000
vt 0.187500 0.437500
vt 0.187500 0.875000
vt 0.187500 0.375000
vt 0.156250 0.562500
vt 0.156250 0.500000
vt 0.171875 1.000000
vt 0.156250 0.937500
vt 0.171875 0.000000
vt 0.156250 0.062500
vt 0.156250 0.437500
vt 0.156250 0.875000
vt 0.156250 0.375000
vt 0.156250 0.812500
vt 0.156250 0.312500
vt 0.156250 0.750000
vt 0.156250 0.250000
vt 0.156250 0.687500
vt 0.156250 0.187500
vt 0.156250 0.625000
vt 0.156250 0.125000
vt 0.125000 0.312500
vt 0.125000 0.250000
vt 0.125000 0.750000
vt 0.125000 0.687500
vt 0.125000 0.187500
vt 0.125000 0.625000
vt 0.125000 0.125000
vt 0.125000 0.562500
vt 0.125000 0.062500
vt 0.125000 0.500000
vt 0.140625 1.000000
vt 0.125000 0.937500
vt 0.140625 0.000000
vt 0.125000 0.437500
vt 0.125000 0.875000
vt 0.125000 0.375000
vt 0.125000 0.812500
vt 0.109375 0.000000
vt 0.093750 0.062500
vt 0.093750 0.500000
vt 0.093750 0.437500
vt 0.093750 0.937500
vt 0.093750 0.875000
vt 0.093750 0.375000
vt 0.093750 0.812500
vt 0.093750 0.312500
vt 0.093750 0.750000
vt 0.093750 0.250000
vt 0.093750 0.687500
vt 0.093750 0.187500
vt 0.093750 0.625000
vt 0.093750 0.125000
vt 0.093750 0.562500
vt 0.109375 1.000000
vt 0.062500 0.250000
vt 0.062500 0.187500
vt 0.062500 0.687500
vt 0.062500 0.625000
vt 0.062500 0.125000
vt 0.062500 0.562500
vt 0.062500 0.062500
vt 0.062500 0.500000
vt 0.078125 1.000000
vt 0.062500 0.937500
vt 0.078125 0.000000
vt 0.062500 0.437500
vt 0.062500 0.875000
vt 0.062500 0.375000
vt 0.062500 0.812500
vt 0.062500 0.312500
vt 0.062500 0.750000
vt 0.031250 0.937500
vt 0.031250 0.875000
vt 0.031250 0.437500
vt 0.031250 0.375000
vt 0.031250 0.812500
vt 0.031250 0.312500
vt 0.031250 0.750000
vt 0.031250 0.250000
vt 0.031250 0.687500
vt 0.031250 0.187500
vt 0.031250 0.625000
vt 0.031250 0.125000
vt 0.031250 0.562500
vt 0.031250 0.062500
vt 0.031250 0.500000
vt 0.046875 1.000000
vt 0.046875 0.000000
vt 0.000000 0.687500
vt 0.000000 0.625000
vt 0.000000 0.187500
vt 0.000000 0.125000
vt 0.000000 0.562500
vt 0.000000 0.062500
vt 0.000000 0.500000
vt 0.015625 1.000000
vt 0.000000 0.937500
vt 0.015625 0.000000
vt 0.000000 0.437500
vt 0.000000 0.875000
vt 0.000000 0.375000
vt 0.000000 0.812500
vt 0.000000 0.312500
vt 0.000000 0.750000
vt 0.000000 0.250000
vt 1.000000 0.375000
vt 1.000000 0.437500
vt 0.968750 0.437500
vt 0.968750 0.375000
vt 1.000000 0.812500
vt 1.000000 0.875000
vt 0.968750 0.875000
vt 0.968750 0.812500
vt 1.000000 0.312500
vt 0.968750 0.312500
vt 1.000000 0.750000
vt 0.968750 0.750000
vt 1.000000 0.250000
vt 0.968750 0.250000
vt 1.000000 0.687500
vt 0.968750 0.687500
vt 1.000000 0.187500
vt 0.968750 0.187500
vt 1.000000 0.625000
vt 0.968750 0.625000
vt 1.000000 0.125000
vt 0.968750 0.125000
vt 1.000000 0.562500
vt 0.968750 0.562500
vt 1.000000 0.062500
vt 0.968750 0.062500
vt 1.000000 0.500000
vt 0.968750 0.500000
vt 1.000000 0.937500
vt 0.984375 1.000000
vt 0.968750 0.937500
vt 0.984375 0.000000
vt 0.937500 0.187500
vt 0.937500 0.125000
vt 0.937500 0.625000
vt 0.937500 0.562500
vt 0.937500 0.062500
vt 0.937500 0.500000
vt 0.953125 1.000000
vt 0.937500 0.937500
vt 0.953125 0.000000
vt 0.937500 0.437500
vt 0.937500 0.875000
vt 0.937500 0.375000
vt 0.937500 0.812500
vt 0.937500 0.312500
vt 0.937500 0.750000
vt 0.937500 0.250000
vt 0.937500 0.687500
vt 0.906250 0.875000
vt 0.906250 0.812500
vt 0.906250 0.375000
vt 0.906250 0.312500
vt 0.906250 0.750000
vt 0.906250 0.250000
vt 0.906250 0.687500
vt 0.906250 0.187500
vt 0.906250 0.625000
vt 0.906250 0.125000
vt 0.906250 0.562500
vt 0.906250 0.062500
vt 0.906250 0.500000
vt 0.921875 1.000000
vt 0.906250 0.937500
vt 0.921875 0.000000
vt 0.906250 0.437500
vt 0.875000 0.625000
vt 0.875000 0.562500
vt 0.875000 0.125000
vt 0.875000 0.062500
vt 0.875000 0.500000
vt 0.890625 1.000000
vt 0.875000 0.937500
vt 0.890625 0.000000
vt 0.875000 0.437500
vt 0.875000 0.875000
vt 0.875000 0.375000
vt 0.875000 0.812500
vt 0.875000 0.312500
vt 0.875000 0.750000
vt 0.875000 0.250000
vt 0.875000 0.687500
vt 0.875000 0.187500
vt 0.843750 0.375000
vt 0.843750 0.312500
vt 0.843750 0.812500
vt 0.843750 0.750000
vt 0.843750 0.250000
vt 0.843750 0.687500
vt 0.843750 0.187500
vt 0.843750 0.625000
vt 0.843750 0.125000
vt 0.843750 0.562500
vt 0.843750 0.062500
vt 0.843750 0.500000
vt 0.859375 1.000000
vt 0.843750 0.937500
vt 0.859375 0.000000
vt 0.843750 0.437500
vt 0.843750 0.875000
vt 0.812500 0.125000
vt 0.812500 0.062500
vt 0.812500 0.562500
vt 0.812500 0.500000
vt 0.828125 1.000000
vt 0.812500 0.937500
vt 0.828125 0.000000
vt 0.812500 0.437500
vt 0.812500 0.875000
vt 0.812500 0.375000
vt 0.812500 0.812500
vt 0.812500 0.312500
vt 0.812500 0.750000
vt 0.812500 0.250000
vt 0.812500 0.687500
vt 0.812500 0.187500
vt 0.812500 0.625000
vt 0.781250 0.312500
vt 0.781250 0.250000
vt 0.781250 0.750000
vt 0.781250 0.687500
vt 0.781250 0.187500
vt 0.781250 0.625000
vt 0.781250 0.125000
vt 0.781250 0.562500
vt 0.781250 0.062500
vt 0.781250 0.500000
vt 0.796875 1.000000
vt 0.781250 0.937500
vt 0.796875 0.000000
vt 0.781250 0.437500
vt 0.781250 0.875000
vt 0.781250 0.375000
vt 0.781250 0.812500
vt 0.765625 1.000000
vt 0.750000 0.937500
vt 0.765625 0.000000
vt 0.750000 0.062500
vt 0.750000 0.500000
vt 0.750000 0.437500
vt 0.750000 0.875000
vt 0.750000 0.375000
vt 0.750000 0.812500
vt 0.750000 0.312500
vt 0.750000 0.750000
vt 0.750000 0.250000
vt 0.750000 0.687500
vt 0.750000 0.187500
vt 0.750000 0.625000
vt 0.750000 0.125000
vt 0.750000 0.562500
s 1
f 3732/1601/2545 3731/1602/2544 3746/1603/2559 3747/1604/2560
f 3725/1605/2538 3724/1606/2537 3739/1607/2552 3740/1608/2553
f 3718/1609/2531 3717/1610/2530 3733/1611/2546
f 3793/1612/2606 3732/1601/2545 3747/1604/2560
f 3726/1613/2539 3725/1605/2538 3740/1608/2553 3741/1614/2554
f 3719/1615/2532 3718/1609/2531 3733/1611/2546 3734/1616/2547
f 3727/1617/2540 3726/1613/2539 3741/1614/2554 3742/1618/2555
f 3720/1619/2533 3719/1615/2532 3734/1616/2547 3735/1620/2548
f 3728/1621/2541 3727/1617/2540 3742/1618/2555 3743/1622/2556
f 3721/1623/2534 3720/1619/2533 3735/1620/2548 3736/1624/2549
f 3729/1625/2542 3728/1621/2541 3743/1622/2556 3744/1626/2557
f 3722/1627/2535 3721/1623/2534 3736/1624/2549 3737/1628/2550
f 3730/1629/2543 3729/1625/2542 3744/1626/2557 3745/1630/2558
f 3723/1631/2536 3722/1627/2535 3737/1628/2550 3738/1632/2551
f 3731/1602/2544 3730/1629/2543 3745/1630/2558 3746/1603/2559
f 3724/1606/2537 3723/1631/2536 3738/1632/2551 3739/1607/2552
f 3736/1624/2549 3735/1620/2548 3750/1633/2563 3751/1634/2564
f 3744/1626/2557 3743/1622/2556 3758/1635/2571 3759/1636/2572
f 3737/1628/2550 3736/1624/2549 3751/1634/2564 3752/1637/2565
f 3745/1630/2558 3744/1626/2557 3759/1636/2572 3760/1638/2573
f 3738/1632/2551 3737/1628/2550 3752/1637/2565 3753/1639/2566
f 3746/1603/2559 3745/1630/2558 3760/1638/2573 3761/1640/2574
f 3739/1607/2552 3738/1632/2551 3753/1639/2566 3754/1641/2567
f 3747/1604/2560 3746/1603/2559 3761/1640/2574 3762/1642/2575
f 3740/1608/2553 3739/1607/2552 3754/1641/2567 3755/1643/2568
f 3733/1611/2546 3717/1644/2530 3748/1645/2561
f 3793/1646/2606 3747/1604/2560 3762/1642/2575
f 3741/1614/2554 3740/1608/2553 3755/1643/2568 3756/1647/2569
f 3734/1616/2547 3733/1611/2546 3748/1645/2561 3749/1648/2562
f 3742/1618/2555 3741/1614/2554 3756/1647/2569 3757/1649/2570
f 3735/1620/2548 3734/1616/2547 3749/1648/2562 3750/1633/2563
f 3743/1622/2556 3742/1618/2555 3757/1649/2570 3758/1635/2571
f 3755/1643/2568 3754/1641/2567 3769/1650/2582 3770/1651/2583
f 3748/1645/2561 3717/1652/2530 3763/1653/2576
f 3793/1654/2606 3762/1642/2575 3777/1655/2590
f 3756/1647/2569 3755/1643/2568 3770/1651/2583 3771/1656/2584
f 3749/1648/2562 3748/1645/2561 3763/1653/2576 3764/1657/2577
f 3757/1649/2570 3756/1647/2569 3771/1656/2584 3772/1658/2585
f 3750/1633/2563 3749/1648/2562 3764/1657/2577 3765/1659/2578
f 3758/1635/2571 3757/1649/2570 3772/1658/2585 3773/1660/2586
f 3751/1634/2564 3750/1633/2563 3765/1659/2578 3766/1661/2579
f 3759/1636/2572 3758/1635/2571 3773/1660/2586 3774/1662/2587
f 3752/1637/2565 3751/1634/2564 3766/1661/2579 3767/1663/2580
f 3760/1638/2573 3759/1636/2572 3774/1662/2587 3775/1664/2588
f 3753/1639/2566 3752/1637/2565 3767/1663/2580 3768/1665/2581
f 3761/1640/2574 3760/1638/2573 3775/1664/2588 3776/1666/2589
f 3754/1641/2567 3753/1639/2566 3768/1665/2581 3769/1650/2582
f 3762/1642/2575 3761/1640/2574 3776/1666/2589 3777/1655/2590
f 3774/1662/2587 3773/1660/2586 3788/1667/2601 3789/1668/2602
f 3767/1663/2580 3766/1661/2579 3781/1669/2594 3782/1670/2595
f 3775/1664/2588 3774/1662/2587 3789/1668/2602 3790/1671/2603
f 3768/1665/2581 3767/1663/2580 3782/1670/2595 3783/1672/2596
f 3776/1666/2589 3775/1664/2588 3790/1671/2603 3791/1673/2604
f 3769/1650/2582 3768/1665/2581 3783/1672/2596 3784/1674/2597
f 3777/1655/2590 3776/1666/2589 3791/1673/2604 3792/1675/2605
f 3770/1651/2583 3769/1650/2582 3784/1674/2597 3785/1676/2598
f 3763/1653/2576 3717/1677/2530 3778/1678/2591
f 3793/1679/2606 3777/1655/2590 3792/1675/2605
f 3771/1656/2584 3770/1651/2583 3785/1676/2598 3786/1680/2599
f 3764/1657/2577 3763/1653/2576 3778/1678/2591 3779/1681/2592
f 3772/1658/2585 3771/1656/2584 3786/1680/2599 3787/1682/2600
f 3765/1659/2578 3764/1657/2577 3779/1681/2592 3780/1683/2593
f 3773/1660/2586 3772/1658/2585 3787/1682/2600 3788/1667/2601
f 3766/1661/2579 3765/1659/2578 3780/1683/2593 3781/1669/2594
f 3793/1684/2606 3792/1675/2605 3808/1685/2621
f 3786/1680/2599 3785/1676/2598 3801/1686/2614 3802/1687/2615
f 3779/1681/2592 3778/1678/2591 3794/1688/2607 3795/1689/2608
f 3787/1682/2600 3786/1680/2599 3802/1687/2615 3803/1690/2616
f 3780/1683/2593 3779/1681/2592 3795/1689/2608 3796/1691/2609
f 3788/1667/2601 3787/1682/2600 3803/1690/2616 3804/1692/2617
f 3781/1669/2594 3780/1683/2593 3796/1691/2609 3797/1693/2610
f 3789/1668/2602 3788/1667/2601 3804/1692/2617 3805/1694/2618
f 3782/1670/2595 3781/1669/2594 3797/1693/2610 3798/1695/2611
f 3790/1671/2603 3789/1668/2602 3805/1694/2618 3806/1696/2619
f 3783/1672/2596 3782/1670/2595 3798/1695/2611 3799/1697/2612
f 3791/1673/2604 3790/1671/2603 3806/1696/2619 3807/1698/2620
f 3784/1674/2597 3783/1672/2596 3799/1697/2612 3800/1699/2613
f 3792/1675/2605 3791/1673/2604 3807/1698/2620 3808/1685/2621
f 3785/1676/2598 3784/1674/2597 3800/1699/2613 3801/1686/2614
f 3778/1678/2591 3717/1700/2530 3794/1688/2607
f 3806/1696/2619 3805/1694/2618 3820/1701/2633 3821/1702/2634
f 3799/1697/2612 3798/1695/2611 3813/1703/2626 3814/1704/2627
f 3807/1698/2620 3806/1696/2619 3821/1702/2634 3822/1705/2635
f 3800/1699/2613 3799/1697/2612 3814/1704/2627 3815/1706/2628
f 3808/1685/2621 3807/1698/2620 3822/1705/2635 3823/1707/2636
f 3801/1686/2614 3800/1699/2613 3815/1706/2628 3816/1708/2629
f 3794/1688/2607 3717/1709/2530 3809/1710/2622
f 3793/1711/2606 3808/1685/2621 3823/1707/2636
f 3802/1687/2615 3801/1686/2614 3816/1708/2629 3817/1712/2630
f 3795/1689/2608 3794/1688/2607 3809/1710/2622 3810/1713/2623
f 3803/1690/2616 3802/1687/2615 3817/1712/2630 3818/1714/2631
f 3796/1691/2609 3795/1689/2608 3810/1713/2623 3811/1715/2624
f 3804/1692/2617 3803/1690/2616 3818/1714/2631 3819/1716/2632
f 3797/1693/2610 3796/1691/2609 3811/1715/2624 3812/1717/2625
f 3805/1694/2618 3804/1692/2617 3819/1716/2632 3820/1701/2633
f 3798/1695/2611 3797/1693/2610 3812/1717/2625 3813/1703/2626
f 3810/1713/2623 3809/1710/2622 3824/1718/2637 3825/1719/2638
f 3818/1714/2631 3817/1712/2630 3832/1720/2645 3833/1721/2646
f 3811/1715/2624 3810/1713/2623 3825/1719/2638 3826/1722/2639
f 3819/1716/2632 3818/1714/2631 3833/1721/2646 3834/1723/2647
f 3812/1717/2625 3811/1715/2624 3826/1722/2639 3827/1724/2640
f 3820/1701/2633 3819/1716/2632 3834/1723/2647 3835/1725/2648
f 3813/1703/2626 3812/1717/2625 3827/1724/2640 3828/1726/2641
f 3821/1702/2634 3820/1701/2633 3835/1725/2648 3836/1727/2649
f 3814/1704/2627 3813/1703/2626 3828/1726/2641 3829/1728/2642
f 3822/1705/2635 3821/1702/2634 3836/1727/2649 3837/1729/2650
f 3815/1706/2628 3814/1704/2627 3829/1728/2642 3830/1730/2643
f 3823/1707/2636 3822/1705/2635 3837/1729/2650 3838/1731/2651
f 3816/1708/2629 3815/1706/2628 3830/1730/2643 3831/1732/2644
f 3809/1710/2622 3717/1733/2530 3824/1718/2637
f 3793/1734/2606 3823/1707/2636 3838/1731/2651
f 3817/1712/2630 3816/1708/2629 3831/1732/2644 3832/1720/2645
f 3829/1728/2642 3828/1726/2641 3843/1735/2656 3844/1736/2657
f 3837/1729/2650 3836/1727/2649 3851/1737/2664 3852/1738/2665
f 3830/1730/2643 3829/1728/2642 3844/1736/2657 3845/1739/2658
f 3838/1731/2651 3837/1729/2650 3852/1738/2665 3853/1740/2666
f 3831/1732/2644 3830/1730/2643 3845/1739/2658 3846/1741/2659
f 3824/1718/2637 3717/1742/2530 3839/1743/2652
f 3793/1744/2606 3838/1731/2651 3853/1740/2666
f 3832/1720/2645 3831/1732/2644 3846/1741/2659 3847/1745/2660
f 3825/1719/2638 3824/1718/2637 3839/1743/2652 3840/1746/2653
f 3833/1721/2646 3832/1720/2645 3847/1745/2660 3848/1747/2661
f 3826/1722/2639 3825/1719/2638 3840/1746/2653 3841/1748/2654
f 3834/1723/2647 3833/1721/2646 3848/1747/2661 3849/1749/2662
f 3827/1724/2640 3826/1722/2639 3841/1748/2654 3842/1750/2655
f 3835/1725/2648 3834/1723/2647 3849/1749/2662 3850/1751/2663
f 3828/1726/2641 3827/1724/2640 3842/1750/2655 3843/1735/2656
f 3836/1727/2649 3835/1725/2648 3850/1751/2663 3851/1737/2664
f 3848/1752/2661 3847/1753/2660 3862/1754/2675 3863/1755/2676
f 3841/1756/2654 3840/1757/2653 3855/1758/2668 3856/1759/2669
f 3849/1760/2662 3848/1752/2661 3863/1755/2676 3864/1761/2677
f 3842/1762/2655 3841/1756/2654 3856/1759/2669 3857/1763/2670
f 3850/1764/2663 3849/1760/2662 3864/1761/2677 3865/1765/2678
f 3843/1766/2656 3842/1762/2655 3857/1763/2670 3858/1767/2671
f 3851/1768/2664 3850/1764/2663 3865/1765/2678 3866/1769/2679
f 3844/1770/2657 3843/1766/2656 3858/1767/2671 3859/1771/2672
f 3852/1772/2665 3851/1768/2664 3866/1769/2679 3867/1773/2680
f 3845/1774/2658 3844/1770/2657 3859/1771/2672 3860/1775/2673
f 3853/1776/2666 3852/1772/2665 3867/1773/2680 3868/1777/2681
f 3846/1778/2659 3845/1774/2658 3860/1775/2673 3861/1779/2674
f 3839/1780/2652 3717/1781/2530 3854/1782/2667
f 3793/1783/2606 3853/1776/2666 3868/1777/2681
f 3847/1753/2660 3846/1778/2659 3861/1779/2674 3862/1754/2675
f 3840/1757/2653 3839/1780/2652 3854/1782/2667 3855/1758/2668
f 3867/1773/2680 3866/1769/2679 3881/1784/2694 3882/1785/2695
f 3860/1775/2673 3859/1771/2672 3874/1786/2687 3875/1787/2688
f 3868/1777/2681 3867/1773/2680 3882/1785/2695 3883/1788/2696
f 3861/1779/2674 3860/1775/2673 3875/1787/2688 3876/1789/2689
f 3854/1782/2667 3717/1790/2530 3869/1791/2682
f 3793/1792/2606 3868/1777/2681 3883/1788/2696
f 3862/1754/2675 3861/1779/2674 3876/1789/2689 3877/1793/2690
f 3855/1758/2668 3854/1782/2667 3869/1791/2682 3870/1794/2683
f 3863/1755/2676 3862/1754/2675 3877/1793/2690 3878/1795/2691
f 3856/1759/2669 3855/1758/2668 3870/1794/2683 3871/1796/2684
f 3864/1761/2677 3863/1755/2676 3878/1795/2691 3879/1797/2692
f 3857/1763/2670 3856/1759/2669 3871/1796/2684 3872/1798/2685
f 3865/1765/2678 3864/1761/2677 3879/1797/2692 3880/1799/2693
f 3858/1767/2671 3857/1763/2670 3872/1798/2685 3873/1800/2686
f 3866/1769/2679 3865/1765/2678 3880/1799/2693 3881/1784/2694
f 3859/1771/2672 3858/1767/2671 3873/1800/2686 3874/1786/2687
f 3871/1796/2684 3870/1794/2683 3885/1801/2698 3886/1802/2699
f 3879/1797/2692 3878/1795/2691 3893/1803/2706 3894/1804/2707
f 3872/1798/2685 3871/1796/2684 3886/1802/2699 3887/1805/2700
f 3880/1799/2693 3879/1797/2692 3894/1804/2707 3895/1806/2708
f 3873/1800/2686 3872/1798/2685 3887/1805/2700 3888/1807/2701
f 3881/1784/2694 3880/1799/2693 3895/1806/2708 3896/1808/2709
f 3874/1786/2687 3873/1800/2686 3888/1807/2701 3889/1809/2702
f 3882/1785/2695 3881/1784/2694 3896/1808/2709 3897/1810/2710
f 3875/1787/2688 3874/1786/2687 3889/1809/2702 3890/1811/2703
f 3883/1788/2696 3882/1785/2695 3897/1810/2710 3898/1812/2711
f 3876/1789/2689 3875/1787/2688 3890/1811/2703 3891/1813/2704
f 3869/1791/2682 3717/1814/2530 3884/1815/2697
f 3793/1816/2606 3883/1788/2696 3898/1812/2711
f 3877/1793/2690 3876/1789/2689 3891/1813/2704 3892/1817/2705
f 3870/1794/2683 3869/1791/2682 3884/1815/2697 3885/1801/2698
f 3878/1795/2691 3877/1793/2690 3892/1817/2705 3893/1803/2706
f 3890/1811/2703 3889/1809/2702 3904/1818/2717 3905/1819/2718
f 3898/1812/2711 3897/1810/2710 3912/1820/2725 3913/1821/2726
f 3891/1813/2704 3890/1811/2703 3905/1819/2718 3906/1822/2719
f 3884/1815/2697 3717/1823/2530 3899/1824/2712
f 3793/1825/2606 3898/1812/2711 3913/1821/2726
f 3892/1817/2705 3891/1813/2704 3906/1822/2719 3907/1826/2720
f 3885/1801/2698 3884/1815/2697 3899/1824/2712 3900/1827/2713
f 3893/1803/2706 3892/1817/2705 3907/1826/2720 3908/1828/2721
f 3886/1802/2699 3885/1801/2698 3900/1827/2713 3901/1829/2714
f 3894/1804/2707 3893/1803/2706 3908/1828/2721 3909/1830/2722
f 3887/1805/2700 3886/1802/2699 3901/1829/2714 3902/1831/2715
f 3895/1806/2708 3894/1804/2707 3909/1830/2722 3910/1832/2723
f 3888/1807/2701 3887/1805/2700 3902/1831/2715 3903/1833/2716
f 3896/1808/2709 3895/1806/2708 3910/1832/2723 3911/1834/2724
f 3889/1809/2702 3888/1807/2701 3903/1833/2716 3904/1818/2717
f 3897/1810/2710 3896/1808/2709 3911/1834/2724 3912/1820/2725
f 3909/1830/2722 3908/1828/2721 3923/1835/2736 3924/1836/2737
f 3902/1831/2715 3901/1829/2714 3916/1837/2729 3917/1838/2730
f 3910/1832/2723 3909/1830/2722 3924/1836/2737 3925/1839/2738
f 3903/1833/2716 3902/1831/2715 3917/1838/2730 3918/1840/2731
f 3911/1834/2724 3910/1832/2723 3925/1839/2738 3926/1841/2739
f 3904/1818/2717 3903/1833/2716 3918/1840/2731 3919/1842/2732
f 3912/1820/2725 3911/1834/2724 3926/1841/2739 3927/1843/2740
f 3905/1819/2718 3904/1818/2717 3919/1842/2732 3920/1844/2733
f 3913/1821/2726 3912/1820/2725 3927/1843/2740 3928/1845/2741
f 3906/1822/2719 3905/1819/2718 3920/1844/2733 3921/1846/2734
f 3899/1824/2712 3717/1847/2530 3914/1848/2727
f 3793/1849/2606 3913/1821/2726 3928/1845/2741
f 3907/1826/2720 3906/1822/2719 3921/1846/2734 3922/1850/2735
f 3900/1827/2713 3899/1824/2712 3914/1848/2727 3915/1851/2728
f 3908/1828/2721 3907/1826/2720 3922/1850/2735 3923/1835/2736
f 3901/1829/2714 3900/1827/2713 3915/1851/2728 3916/1837/2729
f 3928/1845/2741 3927/1843/2740 3942/1852/2755 3943/1853/2756
f 3921/1846/2734 3920/1844/2733 3935/1854/2748 3936/1855/2749
f 3914/1848/2727 3717/1856/2530 3929/1857/2742
f 3793/1858/2606 3928/1845/2741 3943/1853/2756
f 3922/1850/2735 3921/1846/2734 3936/1855/2749 3937/1859/2750
f 3915/1851/2728 3914/1848/2727 3929/1857/2742 3930/1860/2743
f 3923/1835/2736 3922/1850/2735 3937/1859/2750 3938/1861/2751
f 3916/1837/2729 3915/1851/2728 3930/1860/2743 3931/1862/2744
f 3924/1836/2737 3923/1835/2736 3938/1861/2751 3939/1863/2752
f 3917/1838/2730 3916/1837/2729 3931/1862/2744 3932/1864/2745
f 3925/1839/2738 3924/1836/2737 3939/1863/2752 3940/1865/2753
f 3918/1840/2731 3917/1838/2730 3932/1864/2745 3933/1866/2746
f 3926/1841/2739 3925/1839/2738 3940/1865/2753 3941/1867/2754
f 3919/1842/2732 3918/1840/2731 3933/1866/2746 3934/1868/2747
f 3927/1843/2740 3926/1841/2739 3941/1867/2754 3942/1852/2755
f 3920/1844/2733 3919/1842/2732 3934/1868/2747 3935/1854/2748
f 3940/1865/2753 3939/1863/2752 3954/1869/2767 3955/1870/2768
f 3933/1866/2746 3932/1864/2745 3947/1871/2760 3948/1872/2761
f 3941/1867/2754 3940/1865/2753 3955/1870/2768 3956/1873/2769
f 3934/1868/2747 3933/1866/2746 3948/1872/2761 3949/1874/2762
f 3942/1852/2755 3941/1867/2754 3956/1873/2769 3957/1875/2770
f 3935/1854/2748 3934/1868/2747 3949/1874/2762 3950/1876/2763
f 3943/1853/2756 3942/1852/2755 3957/1875/2770 3958/1877/2771
f 3936/1855/2749 3935/1854/2748 3950/1876/2763 3951/1878/2764
f 3929/1857/2742 3717/1879/2530 3944/1880/2757
f 3793/1881/2606 3943/1853/2756 3958/1877/2771
f 3937/1859/2750 3936/1855/2749 3951/1878/2764 3952/1882/2765
f 3930/1860/2743 3929/1857/2742 3944/1880/2757 3945/1883/2758
f 3938/1861/2751 3937/1859/2750 3952/1882/2765 3953/1884/2766
f 3931/1862/2744 3930/1860/2743 3945/1883/2758 3946/1885/2759
f 3939/1863/2752 3938/1861/2751 3953/1884/2766 3954/1869/2767
f 3932/1864/2745 3931/1862/2744 3946/1885/2759 3947/1871/2760
f 3944/1880/2757 3717/1886/2530 3959/1887/2772
f 3793/1888/2606 3958/1877/2771 3967/1889/2780
f 3952/1882/2765 3951/1878/2764 3714/1890/2527 3715/1891/2528
f 3945/1883/2758 3944/1880/2757 3959/1887/2772 3960/1892/2773
f 3953/1884/2766 3952/1882/2765 3715/1891/2528 3963/1893/2776
f 3946/1885/2759 3945/1883/2758 3960/1892/2773 3711/1894/2524
f 3954/1869/2767 3953/1884/2766 3963/1893/2776 3716/1895/2529
f 3947/1871/2760 3946/1885/2759 3711/1894/2524 3961/1896/2774
f 3955/1870/2768 3954/1869/2767 3716/1895/2529 3964/1897/2777
f 3948/1872/2761 3947/1871/2760 3961/1896/2774 3712/1898/2525
f 3956/1873/2769 3955/1870/2768 3964/1897/2777 3965/1899/2778
f 3949/1874/2762 3948/1872/2761 3712/1898/2525 3962/1900/2775
f 3957/1875/2770 3956/1873/2769 3965/1899/2778 3966/1901/2779
f 3950/1876/2763 3949/1874/2762 3962/1900/2775 3713/1902/2526
f 3958/1877/2771 3957/1875/2770 3966/1901/2779 3967/1889/2780
f 3951/1878/2764 3950/1876/2763 3713/1902/2526 3714/1890/2527
f 3732/1601/2545 3982/1604/2795 3981/1603/2794 3731/1602/2544
f 3725/1605/2538 3975/1608/2788 3974/1607/2787 3724/1606/2537
f 3718/1609/2531 3968/1611/2781 3717/1610/2530
f 3793/1612/2606 3982/1604/2795 3732/1601/2545
f 3726/1613/2539 3976/1614/2789 3975/1608/2788 3725/1605/2538
f 3719/1615/2532 3969/1616/2782 3968/1611/2781 3718/1609/2531
f 3727/1617/2540 3977/1618/2790 3976/1614/2789 3726/1613/2539
f 3720/1619/2533 3970/1620/2783 3969/1616/2782 3719/1615/2532
f 3728/1621/2541 3978/1622/2791 3977/1618/2790 3727/1617/2540
f 3721/1623/2534 3971/1624/2784 3970/1620/2783 3720/1619/2533
f 3729/1625/2542 3979/1626/2792 3978/1622/2791 3728/1621/2541
f 3722/1627/2535 3972/1628/2785 3971/1624/2784 3721/1623/2534
f 3730/1629/2543 3980/1630/2793 3979/1626/2792 3729/1625/2542
f 3723/1631/2536 3973/1632/2786 3972/1628/2785 3722/1627/2535
f 3731/1602/2544 3981/1603/2794 3980/1630/2793 3730/1629/2543
f 3724/1606/2537 3974/1607/2787 3973/1632/2786 3723/1631/2536
f 3971/1624/2784 3986/1634/2799 3985/1633/2798 3970/1620/2783
f 3979/1626/2792 3994/1636/2807 3993/1635/2806 3978/1622/2791
f 3972/1628/2785 3987/1637/2800 3986/1634/2799 3971/1624/2784
f 3980/1630/2793 3995/1638/2808 3994/1636/2807 3979/1626/2792
f 3973/1632/2786 3988/1639/2801 3987/1637/2800 3972/1628/2785
f 3981/1603/2794 3996/1640/2809 3995/1638/2808 3980/1630/2793
f 3974/1607/2787 3989/1641/2802 3988/1639/2801 3973/1632/2786
f 3982/1604/2795 3997/1642/2810 3996/1640/2809 3981/1603/2794
f 3975/1608/2788 3990/1643/2803 3989/1641/2802 3974/1607/2787
f 3968/1611/2781 3983/1645/2796 3717/1644/2530
f 3793/1646/2606 3997/1642/2810 3982/1604/2795
f 3976/1614/2789 3991/1647/2804 3990/1643/2803 3975/1608/2788
f 3969/1616/2782 3984/1648/2797 3983/1645/2796 3968/1611/2781
f 3977/1618/2790 3992/1649/2805 3991/1647/2804 3976/1614/2789
f 3970/1620/2783 3985/1633/2798 3984/1648/2797 3969/1616/2782
f 3978/1622/2791 3993/1635/2806 3992/1649/2805 3977/1618/2790
f 3990/1643/2803 4005/1651/2818 4004/1650/2817 3989/1641/2802
f 3983/1645/2796 3998/1653/2811 3717/1652/2530
f 3793/1654/2606 4012/1655/2825 3997/1642/2810
f 3991/1647/2804 4006/1656/2819 4005/1651/2818 3990/1643/2803
f 3984/1648/2797 3999/1657/2812 3998/1653/2811 3983/1645/2796
f 3992/1649/2805 4007/1658/2820 4006/1656/2819 3991/1647/2804
f 3985/1633/2798 4000/1659/2813 3999/1657/2812 3984/1648/2797
f 3993/1635/2806 4008/1660/2821 4007/1658/2820 3992/1649/2805
f 3986/1634/2799 4001/1661/2814 4000/1659/2813 3985/1633/2798
f 3994/1636/2807 4009/1662/2822 4008/1660/2821 3993/1635/2806
f 3987/1637/2800 4002/1663/2815 4001/1661/2814 3986/1634/2799
f 3995/1638/2808 4010/1664/2823 4009/1662/2822 3994/1636/2807
f 3988/1639/2801 4003/1665/2816 4002/1663/2815 3987/1637/2800
f 3996/1640/2809 4011/1666/2824 4010/1664/2823 3995/1638/2808
f 3989/1641/2802 4004/1650/2817 4003/1665/2816 3988/1639/2801
f 3997/1642/2810 4012/1655/2825 4011/1666/2824 3996/1640/2809
f 4009/1662/2822 4024/1668/2837 4023/1667/2836 4008/1660/2821
f 4002/1663/2815 4017/1670/2830 4016/1669/2829 4001/1661/2814
f 4010/1664/2823 4025/1671/2838 4024/1668/2837 4009/1662/2822
f 4003/1665/2816 4018/1672/2831 4017/1670/2830 4002/1663/2815
f 4011/1666/2824 4026/1673/2839 4025/1671/2838 4010/1664/2823
f 4004/1650/2817 4019/1674/2832 4018/1672/2831 4003/1665/2816
f 4012/1655/2825 4027/1675/2840 4026/1673/2839 4011/1666/2824
f 4005/1651/2818 4020/1676/2833 4019/1674/2832 4004/1650/2817
f 3998/1653/2811 4013/1678/2826 3717/1677/2530
f 3793/1679/2606 4027/1675/2840 4012/1655/2825
f 4006/1656/2819 4021/1680/2834 4020/1676/2833 4005/1651/2818
f 3999/1657/2812 4014/1681/2827 4013/1678/2826 3998/1653/2811
f 4007/1658/2820 4022/1682/2835 4021/1680/2834 4006/1656/2819
f 4000/1659/2813 4015/1683/2828 4014/1681/2827 3999/1657/2812
f 4008/1660/2821 4023/1667/2836 4022/1682/2835 4007/1658/2820
f 4001/1661/2814 4016/1669/2829 4015/1683/2828 4000/1659/2813
f 3793/1684/2606 4042/1685/2855 4027/1675/2840
f 4021/1680/2834 4036/1687/2849 4035/1686/2848 4020/1676/2833
f 4014/1681/2827 4029/1689/2842 4028/1688/2841 4013/1678/2826
f 4022/1682/2835 4037/1690/2850 4036/1687/2849 4021/1680/2834
f 4015/1683/2828 4030/1691/2843 4029/1689/2842 4014/1681/2827
f 4023/1667/2836 4038/1692/2851 4037/1690/2850 4022/1682/2835
f 4016/1669/2829 4031/1693/2844 4030/1691/2843 4015/1683/2828
f 4024/1668/2837 4039/1694/2852 4038/1692/2851 4023/1667/2836
f 4017/1670/2830 4032/1695/2845 4031/1693/2844 4016/1669/2829
f 4025/1671/2838 4040/1696/2853 4039/1694/2852 4024/1668/2837
f 4018/1672/2831 4033/1697/2846 4032/1695/2845 4017/1670/2830
f 4026/1673/2839 4041/1698/2854 4040/1696/2853 4025/1671/2838
f 4019/1674/2832 4034/1699/2847 4033/1697/2846 4018/1672/2831
f 4027/1675/2840 4042/1685/2855 4041/1698/2854 4026/1673/2839
f 4020/1676/2833 4035/1686/2848 4034/1699/2847 4019/1674/2832
f 4013/1678/2826 4028/1688/2841 3717/1700/2530
f 4040/1696/2853 4055/1702/2868 4054/1701/2867 4039/1694/2852
f 4033/1697/2846 4048/1704/2861 4047/1703/2860 4032/1695/2845
f 4041/1698/2854 4056/1705/2869 4055/1702/2868 4040/1696/2853
f 4034/1699/2847 4049/1706/2862 4048/1704/2861 4033/1697/2846
f 4042/1685/2855 4057/1707/2870 4056/1705/2869 4041/1698/2854
f 4035/1686/2848 4050/1708/2863 4049/1706/2862 4034/1699/2847
f 4028/1688/2841 4043/1710/2856 3717/1709/2530
f 3793/1711/2606 4057/1707/2870 4042/1685/2855
f 4036/1687/2849 4051/1712/2864 4050/1708/2863 4035/1686/2848
f 4029/1689/2842 4044/1713/2857 4043/1710/2856 4028/1688/2841
f 4037/1690/2850 4052/1714/2865 4051/1712/2864 4036/1687/2849
f 4030/1691/2843 4045/1715/2858 4044/1713/2857 4029/1689/2842
f 4038/1692/2851 4053/1716/2866 4052/1714/2865 4037/1690/2850
f 4031/1693/2844 4046/1717/2859 4045/1715/2858 4030/1691/2843
f 4039/1694/2852 4054/1701/2867 4053/1716/2866 4038/1692/2851
f 4032/1695/2845 4047/1703/2860 4046/1717/2859 4031/1693/2844
f 4044/1713/2857 4059/1719/2872 4058/1718/2871 4043/1710/2856
f 4052/1714/2865 4067/1721/2880 4066/1720/2879 4051/1712/2864
f 4045/1715/2858 4060/1722/2873 4059/1719/2872 4044/1713/2857
f 4053/1716/2866 4068/1723/2881 4067/1721/2880 4052/1714/2865
f 4046/1717/2859 4061/1724/2874 4060/1722/2873 4045/1715/2858
f 4054/1701/2867 4069/1725/2882 4068/1723/2881 4053/1716/2866
f 4047/1703/2860 4062/1726/2875 4061/1724/2874 4046/1717/2859
f 4055/1702/2868 4070/1727/2883 4069/1725/2882 4054/1701/2867
f 4048/1704/2861 4063/1728/2876 4062/1726/2875 4047/1703/2860
f 4056/1705/2869 4071/1729/2884 4070/1727/2883 4055/1702/2868
f 4049/1706/2862 4064/1730/2877 4063/1728/2876 4048/1704/2861
f 4057/1707/2870 4072/1731/2885 4071/1729/2884 4056/1705/2869
f 4050/1708/2863 4065/1732/2878 4064/1730/2877 4049/1706/2862
f 4043/1710/2856 4058/1718/2871 3717/1733/2530
f 3793/1734/2606 4072/1731/2885 4057/1707/2870
f 4051/1712/2864 4066/1720/2879 4065/1732/2878 4050/1708/2863
f 4063/1728/2876 4078/1736/2891 4077/1735/2890 4062/1726/2875
f 4071/1729/2884 4086/1738/2899 4085/1737/2898 4070/1727/2883
f 4064/1730/2877 4079/1739/2892 4078/1736/2891 4063/1728/2876
f 4072/1731/2885 4087/1740/2900 4086/1738/2899 4071/1729/2884
f 4065/1732/2878 4080/1741/2893 4079/1739/2892 4064/1730/2877
f 4058/1718/2871 4073/1743/2886 3717/1742/2530
f 3793/1744/2606 4087/1740/2900 4072/1731/2885
f 4066/1720/2879 4081/1745/2894 4080/1741/2893 4065/1732/2878
f 4059/1719/2872 4074/1746/2887 4073/1743/2886 4058/1718/2871
f 4067/1721/2880 4082/1747/2895 4081/1745/2894 4066/1720/2879
f 4060/1722/2873 4075/1748/2888 4074/1746/2887 4059/1719/2872
f 4068/1723/2881 4083/1749/2896 4082/1747/2895 4067/1721/2880
f 4061/1724/2874 4076/1750/2889 4075/1748/2888 4060/1722/2873
f 4069/1725/2882 4084/1751/2897 4083/1749/2896 4068/1723/2881
f 4062/1726/2875 4077/1735/2890 4076/1750/2889 4061/1724/2874
f 4070/1727/2883 4085/1737/2898 4084/1751/2897 4069/1725/2882
f 4082/1752/2895 4097/1755/2910 4096/1754/2909 4081/1753/2894
f 4075/1756/2888 4090/1759/2903 4089/1758/2902 4074/1757/2887
f 4083/1760/2896 4098/1761/2911 4097/1755/2910 4082/1752/2895
f 4076/1762/2889 4091/1763/2904 4090/1759/2903 4075/1756/2888
f 4084/1764/2897 4099/1765/2912 4098/1761/2911 4083/1760/2896
f 4077/1766/2890 4092/1767/2905 4091/1763/2904 4076/1762/2889
f 4085/1768/2898 4100/1769/2913 4099/1765/2912 4084/1764/2897
f 4078/1770/2891 4093/1771/2906 4092/1767/2905 4077/1766/2890
f 4086/1772/2899 4101/1773/2914 4100/1769/2913 4085/1768/2898
f 4079/1774/2892 4094/1775/2907 4093/1771/2906 4078/1770/2891
f 4087/1776/2900 4102/1777/2915 4101/1773/2914 4086/1772/2899
f 4080/1778/2893 4095/1779/2908 4094/1775/2907 4079/1774/2892
f 4073/1780/2886 4088/1782/2901 3717/1781/2530
f 3793/1783/2606 4102/1777/2915 4087/1776/2900
f 4081/1753/2894 4096/1754/2909 4095/1779/2908 4080/1778/2893
f 4074/1757/2887 4089/1758/2902 4088/1782/2901 4073/1780/2886
f 4101/1773/2914 4116/1785/2929 4115/1784/2928 4100/1769/2913
f 4094/1775/2907 4109/1787/2922 4108/1786/2921 4093/1771/2906
f 4102/1777/2915 4117/1788/2930 4116/1785/2929 4101/1773/2914
f 4095/1779/2908 4110/1789/2923 4109/1787/2922 4094/1775/2907
f 4088/1782/2901 4103/1791/2916 3717/1790/2530
f 3793/1792/2606 4117/1788/2930 4102/1777/2915
f 4096/1754/2909 4111/1793/2924 4110/1789/2923 4095/1779/2908
f 4089/1758/2902 4104/1794/2917 4103/1791/2916 4088/1782/2901
f 4097/1755/2910 4112/1795/2925 4111/1793/2924 4096/1754/2909
f 4090/1759/2903 4105/1796/2918 4104/1794/2917 4089/1758/2902
f 4098/1761/2911 4113/1797/2926 4112/1795/2925 4097/1755/2910
f 4091/1763/2904 4106/1798/2919 4105/1796/2918 4090/1759/2903
f 4099/1765/2912 4114/1799/2927 4113/1797/2926 4098/1761/2911
f 4092/1767/2905 4107/1800/2920 4106/1798/2919 4091/1763/2904
f 4100/1769/2913 4115/1784/2928 4114/1799/2927 4099/1765/2912
f 4093/1771/2906 4108/1786/2921 4107/1800/2920 4092/1767/2905
f 4105/1796/2918 4120/1802/2933 4119/1801/2932 4104/1794/2917
f 4113/1797/2926 4128/1804/2941 4127/1803/2940 4112/1795/2925
f 4106/1798/2919 4121/1805/2934 4120/1802/2933 4105/1796/2918
f 4114/1799/2927 4129/1806/2942 4128/1804/2941 4113/1797/2926
f 4107/1800/2920 4122/1807/2935 4121/1805/2934 4106/1798/2919
f 4115/1784/2928 4130/1808/2943 4129/1806/2942 4114/1799/2927
f 4108/1786/2921 4123/1809/2936 4122/1807/2935 4107/1800/2920
f 4116/1785/2929 4131/1810/2944 4130/1808/2943 4115/1784/2928
f 4109/1787/2922 4124/1811/2937 4123/1809/2936 4108/1786/2921
f 4117/1788/2930 4132/1812/2945 4131/1810/2944 4116/1785/2929
f 4110/1789/2923 4125/1813/2938 4124/1811/2937 4109/1787/2922
f 4103/1791/2916 4118/1815/2931 3717/1814/2530
f 3793/1816/2606 4132/1812/2945 4117/1788/2930
f 4111/1793/2924 4126/1817/2939 4125/1813/2938 4110/1789/2923
f 4104/1794/2917 4119/1801/2932 4118/1815/2931 4103/1791/2916
f 4112/1795/2925 4127/1803/2940 4126/1817/2939 4111/1793/2924
f 4124/1811/2937 4139/1819/2952 4138/1818/2951 4123/1809/2936
f 4132/1812/2945 4147/1821/2960 4146/1820/2959 4131/1810/2944
f 4125/1813/2938 4140/1822/2953 4139/1819/2952 4124/1811/2937
f 4118/1815/2931 4133/1824/2946 3717/1823/2530
f 3793/1825/2606 4147/1821/2960 4132/1812/2945
f 4126/1817/2939 4141/1826/2954 4140/1822/2953 4125/1813/2938
f 4119/1801/2932 4134/1827/2947 4133/1824/2946 4118/1815/2931
f 4127/1803/2940 4142/1828/2955 4141/1826/2954 4126/1817/2939
f 4120/1802/2933 4135/1829/2948 4134/1827/2947 4119/1801/2932
f 4128/1804/2941 4143/1830/2956 4142/1828/2955 4127/1803/2940
f 4121/1805/2934 4136/1831/2949 4135/1829/2948 4120/1802/2933
f 4129/1806/2942 4144/1832/2957 4143/1830/2956 4128/1804/2941
f 4122/1807/2935 4137/1833/2950 4136/1831/2949 4121/1805/2934
f 4130/1808/2943 4145/1834/2958 4144/1832/2957 4129/1806/2942
f 4123/1809/2936 4138/1818/2951 4137/1833/2950 4122/1807/2935
f 4131/1810/2944 4146/1820/2959 4145/1834/2958 4130/1808/2943
f 4143/1830/2956 4158/1836/2971 4157/1835/2970 4142/1828/2955
f 4136/1831/2949 4151/1838/2964 4150/1837/2963 4135/1829/2948
f 4144/1832/2957 4159/1839/2972 4158/1836/2971 4143/1830/2956
f 4137/1833/2950 4152/1840/2965 4151/1838/2964 4136/1831/2949
f 4145/1834/2958 4160/1841/2973 4159/1839/2972 4144/1832/2957
f 4138/1818/2951 4153/1842/2966 4152/1840/2965 4137/1833/2950
f 4146/1820/2959 4161/1843/2974 4160/1841/2973 4145/1834/2958
f 4139/1819/2952 4154/1844/2967 4153/1842/2966 4138/1818/2951
f 4147/1821/2960 4162/1845/2975 4161/1843/2974 4146/1820/2959
f 4140/1822/2953 4155/1846/2968 4154/1844/2967 4139/1819/2952
f 4133/1824/2946 4148/1848/2961 3717/1847/2530
f 3793/1849/2606 4162/1845/2975 4147/1821/2960
f 4141/1826/2954 4156/1850/2969 4155/1846/2968 4140/1822/2953
f 4134/1827/2947 4149/1851/2962 4148/1848/2961 4133/1824/2946
f 4142/1828/2955 4157/1835/2970 4156/1850/2969 4141/1826/2954
f 4135/1829/2948 4150/1837/2963 4149/1851/2962 4134/1827/2947
f 4162/1845/2975 4177/1853/2990 4176/1852/2989 4161/1843/2974
f 4155/1846/2968 4170/1855/2983 4169/1854/2982 4154/1844/2967
f 4148/1848/2961 4163/1857/2976 3717/1856/2530
f 3793/1858/2606 4177/1853/2990 4162/1845/2975
f 4156/1850/2969 4171/1859/2984 4170/1855/2983 4155/1846/2968
f 4149/1851/2962 4164/1860/2977 4163/1857/2976 4148/1848/2961
f 4157/1835/2970 4172/1861/2985 4171/1859/2984 4156/1850/2969
f 4150/1837/2963 4165/1862/2978 4164/1860/2977 4149/1851/2962
f 4158/1836/2971 4173/1863/2986 4172/1861/2985 4157/1835/2970
f 4151/1838/2964 4166/1864/2979 4165/1862/2978 4150/1837/2963
f 4159/1839/2972 4174/1865/2987 4173/1863/2986 4158/1836/2971
f 4152/1840/2965 4167/1866/2980 4166/1864/2979 4151/1838/2964
f 4160/1841/2973 4175/1867/2988 4174/1865/2987 4159/1839/2972
f 4153/1842/2966 4168/1868/2981 4167/1866/2980 4152/1840/2965
f 4161/1843/2974 4176/1852/2989 4175/1867/2988 4160/1841/2973
f 4154/1844/2967 4169/1854/2982 4168/1868/2981 4153/1842/2966
f 4174/1865/2987 4189/1870/3002 4188/1869/3001 4173/1863/2986
f 4167/1866/2980 4182/1872/2995 4181/1871/2994 4166/1864/2979
f 4175/1867/2988 4190/1873/3003 4189/1870/3002 4174/1865/2987
f 4168/1868/2981 4183/1874/2996 4182/1872/2995 4167/1866/2980
f 4176/1852/2989 4191/1875/3004 4190/1873/3003 4175/1867/2988
f 4169/1854/2982 4184/1876/2997 4183/1874/2996 4168/1868/2981
f 4177/1853/2990 4192/1877/3005 4191/1875/3004 4176/1852/2989
f 4170/1855/2983 4185/1878/2998 4184/1876/2997 4169/1854/2982
f 4163/1857/2976 4178/1880/2991 3717/1879/2530
f 3793/1881/2606 4192/1877/3005 4177/1853/2990
f 4171/1859/2984 4186/1882/2999 4185/1878/2998 4170/1855/2983
f 4164/1860/2977 4179/1883/2992 4178/1880/2991 4163/1857/2976
f 4172/1861/2985 4187/1884/3000 4186/1882/2999 4171/1859/2984
f 4165/1862/2978 4180/1885/2993 4179/1883/2992 4164/1860/2977
f 4173/1863/2986 4188/1869/3001 4187/1884/3000 4172/1861/2985
f 4166/1864/2979 4181/1871/2994 4180/1885/2993 4165/1862/2978
f 4178/1880/2991 3959/1887/2772 3717/1886/2530
f 3793/1888/2606 3967/1889/2780 4192/1877/3005
f 4186/1882/2999 3715/1891/2528 3714/1890/2527 4185/1878/2998
f 4179/1883/2992 3960/1892/2773 3959/1887/2772 4178/1880/2991
f 4187/1884/3000 3963/1893/2776 3715/1891/2528 4186/1882/2999
f 4180/1885/2993 3711/1894/2524 3960/1892/2773 4179/1883/2992
f 4188/1869/3001 3716/1895/2529 3963/1893/2776 4187/1884/3000
f 4181/1871/2994 3961/1896/2774 3711/1894/2524 4180/1885/2993
f 4189/1870/3002 3964/1897/2777 3716/1895/2529 4188/1869/3001
f 4182/1872/2995 3712/1898/2525 3961/1896/2774 4181/1871/2994
f 4190/1873/3003 3965/1899/2778 3964/1897/2777 4189/1870/3002
f 4183/1874/2996 3962/1900/2775 3712/1898/2525 4182/1872/2995
f 4191/1875/3004 3966/1901/2779 3965/1899/2778 4190/1873/3003
f 4184/1876/2997 3713/1902/2526 3962/1900/2775 4183/1874/2996
f 4192/1877/3005 3967/1889/2780 3966/1901/2779 4191/1875/3004
f 4185/1878/2998 3714/1890/2527 3713/1902/2526 4184/1876/2997
