# Blender 4.5.1 LTS
# www.blender.org
o body
v 0.000000 0.919550 -0.579329
v 0.000000 0.575569 -0.813855
v 0.000000 0.186225 -0.938439
v 0.000000 0.039316 -0.933057
v 0.000000 -0.096984 -0.962550
v 0.000000 -0.462844 -0.899022
v 0.000000 1.102621 -0.072825
v 0.000000 1.088192 0.119104
v 0.000000 1.012853 0.319945
v 0.000000 0.888045 0.515909
v 0.000000 0.735568 0.680624
v 0.000000 0.576515 0.786268
v 0.000000 0.407913 0.850013
v 0.000000 0.224675 0.893299
v 0.000000 0.022994 0.932044
v 0.000000 -0.184283 0.947563
v 0.000000 -0.380602 0.915797
v 0.000000 -0.556642 0.832938
v 0.000000 -0.689834 0.717424
v 0.000000 -0.800310 0.572350
v 0.000000 -0.911683 0.383899
v 0.000000 -1.019688 0.150042
v -0.303407 1.089123 0.114699
v -0.314667 1.014462 0.311494
v -0.291004 0.889935 0.503933
v -0.261050 0.736315 0.667317
v -0.254362 0.574778 0.768717
v -0.266664 0.404200 0.821680
v -0.280785 0.221333 0.856005
v -0.275872 0.023449 0.889776
v -0.254582 -0.180935 0.910719
v -0.226788 -0.383290 0.889689
v -0.203476 -0.574683 0.819869
v -0.211216 -0.732516 0.714129
v -0.205188 -0.865924 0.568725
v -0.168841 -0.997984 0.372784
v -0.119150 -1.077019 0.137009
v -0.343567 1.089697 0.103258
v -0.397148 1.015533 0.289113
v -0.415916 0.891062 0.471602
v -0.421237 0.734070 0.630265
v -0.437625 0.565883 0.725255
v -0.466182 0.389989 0.771409
v -0.488314 0.207550 0.794234
v -0.486530 0.015214 0.816751
v -0.464413 -0.190011 0.838172
v -0.430892 -0.404557 0.831795
v -0.411609 -0.637100 0.781478
v -0.387955 -0.835896 0.686198
v -0.324772 -1.024163 0.538560
v -0.242208 -1.158752 0.344091
v -0.159124 -1.143359 0.117698
v -0.378890 1.089549 0.085402
v -0.493004 1.019741 0.255437
v -0.571604 0.898604 0.423469
v -0.599773 0.737852 0.565095
v -0.609896 0.556350 0.655095
v -0.651736 0.373916 0.695977
v -0.679293 0.189665 0.705032
v -0.681917 -0.004965 0.716593
v -0.665013 -0.218961 0.739929
v -0.636055 -0.469059 0.758851
v -0.605764 -0.756192 0.723173
v -0.528666 -1.026009 0.628743
v -0.429084 -1.272052 0.482392
v -0.312738 -1.351315 0.297347
v -0.195721 -1.209984 0.088990
v -0.412351 1.089632 0.061960
v -0.596910 1.024790 0.214317
v -0.755653 0.909539 0.367321
v -0.854400 0.757234 0.490765
v -0.864118 0.570555 0.559663
v -0.836069 0.367543 0.574633
v -0.863045 0.176952 0.568208
v -0.864533 -0.037882 0.585176
v -0.847222 -0.265049 0.624595
v -0.831255 -0.576648 0.670328
v -0.757669 -0.930858 0.634425
v -0.662711 -1.280615 0.537403
v -0.563421 -1.521000 0.400446
v -0.396119 -1.515590 0.232984
v -0.229197 -1.265143 0.051521
v 0.000000 -1.037151 -0.114438
v -0.441861 1.089900 0.033711
v -0.689934 1.027377 0.166680
v -0.965463 0.922314 0.303971
v -1.702935 0.921614 0.308086
v -1.710953 0.727016 0.354257
v -1.594618 0.539745 0.436191
v -1.058615 0.199238 0.414628
v -1.026644 -0.073631 0.452252
v -1.007589 -0.327519 0.503538
v -0.982493 -0.699182 0.550506
v -0.882585 -1.125614 0.502242
v -0.827314 -1.494464 0.413785
v -0.720285 -1.678627 0.293506
v -0.483021 -1.610530 0.152153
v -0.258480 -1.299531 0.006342
v -0.462614 1.089901 0.001616
v -0.759690 1.027838 0.110980
v -1.251487 0.965796 0.168944
v -2.606802 0.996960 0.182266
v -2.677633 0.929815 0.171089
v -2.626123 0.739112 0.206004
v -1.280094 0.213107 0.292613
v -1.137939 -0.099172 0.308629
v -1.126421 -0.383999 0.357856
v -1.082272 -0.804152 0.384725
v -0.998618 -1.261949 0.333193
v -0.959541 -1.592889 0.259216
v -0.816873 -1.727295 0.163836
v -0.539983 -1.628289 0.056519
v -0.281265 -1.308818 -0.045066
v -0.471426 1.089509 -0.033165
v -0.794996 1.028206 0.044558
v -1.400560 0.990066 0.006827
v -2.489461 1.013337 -0.103583
v -2.682483 0.860295 -0.062019
v -2.577751 0.632495 -0.104615
v -1.371548 0.186535 0.219393
v -1.197458 -0.114198 0.150215
v -1.193737 -0.415958 0.180305
v -1.140949 -0.844037 0.179258
v -1.061646 -1.281249 0.132115
v -0.995516 -1.569651 0.078546
v -0.826169 -1.673780 0.014826
v -0.556934 -1.576213 -0.050921
v -0.295287 -1.293887 -0.100783
v -0.466981 1.088582 -0.069306
v -0.780904 1.035127 -0.043011
v -1.330546 0.955748 -0.078064
v -2.044623 0.934120 -0.189655
v -2.301687 0.734860 -0.212099
v -1.734111 0.536734 -0.146348
v -1.328119 0.179303 -0.007631
v -1.218202 -0.118646 -0.023843
v -1.225550 -0.418778 -0.014423
v -1.168299 -0.804626 -0.043168
v -1.048607 -1.174388 -0.092035
v -0.949458 -1.428546 -0.122521
v -0.779946 -1.529305 -0.149167
v -0.545071 -1.468182 -0.166003
v -0.299192 -1.259705 -0.158483
v -0.449848 1.086941 -0.105196
v -0.717093 1.047494 -0.143085
v -1.120519 0.941985 -0.259166
v -1.482002 0.865587 -0.324998
v -1.559432 0.687287 -0.344790
v -1.457894 0.457280 -0.177735
v -1.176405 0.168656 -0.198884
v -1.191144 -0.106856 -0.201521
v -1.213477 -0.405328 -0.216993
v -1.155191 -0.714200 -0.265874
v -0.985611 -0.993571 -0.326955
v -0.861974 -1.202331 -0.328253
v -0.723252 -1.321825 -0.308349
v -0.521367 -1.329512 -0.274074
v -0.292477 -1.213547 -0.215509
v -0.422266 1.084400 -0.139306
v -0.618254 1.062569 -0.232731
v -0.821419 1.000997 -0.374166
v -1.072891 0.828951 -0.432270
v -1.119212 0.648809 -0.445146
v -1.026778 0.464833 -0.397318
v -1.052561 0.180003 -0.373350
v -1.106856 -0.079335 -0.387871
v -1.130615 -0.361728 -0.431302
v -1.091902 -0.614276 -0.500785
v -0.942622 -0.851676 -0.538989
v -0.785739 -1.045875 -0.502429
v -0.659405 -1.165278 -0.424975
v -0.491406 -1.204004 -0.350748
v -0.275481 -1.163259 -0.267438
v -0.387744 1.081056 -0.170603
v -0.515157 1.060751 -0.292745
v -0.592513 1.035766 -0.429427
v -0.661846 0.910954 -0.527185
v -0.773782 0.633056 -0.529770
v -0.871863 0.358057 -0.520537
v -0.930713 0.173952 -0.540606
v -0.969529 -0.046019 -0.569115
v -0.966411 -0.276903 -0.635645
v -0.947789 -0.491898 -0.712890
v -0.883776 -0.735459 -0.710651
v -0.708304 -0.978837 -0.624853
v -0.597560 -1.094827 -0.524612
v -0.439146 -1.120646 -0.425118
v -0.249550 -1.115709 -0.312214
v -0.351442 1.077458 -0.197794
v -0.421558 1.038779 -0.332464
v -0.432897 0.984013 -0.484634
v -0.457588 0.805244 -0.609270
v -0.604693 0.522888 -0.615649
v -0.746433 0.291921 -0.626455
v -0.797898 0.147527 -0.660748
v -0.798502 0.010973 -0.719532
v -0.769000 -0.152966 -0.816957
v -0.775642 -0.386652 -0.906087
v -0.783405 -0.627025 -0.872146
v -0.639653 -0.941300 -0.718934
v -0.531083 -1.063012 -0.594130
v -0.388590 -1.078278 -0.480914
v -0.214457 -1.073195 -0.350188
v -0.315242 1.073994 -0.219694
v -0.337827 1.023635 -0.364411
v -0.314466 0.953279 -0.521933
v -0.323804 0.788853 -0.656849
v -0.454249 0.519433 -0.686085
v -0.590344 0.272071 -0.698719
v -0.616670 0.154010 -0.765031
v -0.587216 0.074173 -0.855754
v -0.572135 -0.054266 -0.965472
v -0.616703 -0.311153 -1.042533
v -0.624374 -0.547550 -1.010507
v -0.554595 -0.871784 -0.814220
v -0.457263 -1.013120 -0.638175
v -0.333156 -1.053906 -0.511986
v -0.175365 -1.040115 -0.376389
v -0.275634 1.069965 -0.236144
v -0.263854 1.018423 -0.391508
v -0.217593 0.947862 -0.547094
v -0.195402 0.815839 -0.679595
v -0.284034 0.554370 -0.729529
v -0.381430 0.305978 -0.780569
v -0.386174 0.204695 -0.875069
v -0.360776 0.123936 -0.974535
v -0.358192 -0.013305 -1.062349
v -0.398343 -0.243765 -1.109766
v -0.438661 -0.484567 -1.086043
v -0.452623 -0.810190 -0.884901
v -0.366700 -0.957785 -0.659402
v -0.264335 -1.034618 -0.525273
v -0.132413 -1.013822 -0.390134
v -0.232840 1.066079 -0.247184
v -0.183129 1.013844 -0.410243
v -0.105515 0.944959 -0.567977
v -0.058935 0.820071 -0.703978
v -0.104952 0.582051 -0.787238
v -0.177480 0.339970 -0.849771
v -0.185070 0.211775 -0.947421
v -0.173109 0.092609 -1.027615
v -0.168979 -0.061465 -1.086772
v -0.173955 -0.224514 -1.114279
v -0.205406 -0.411551 -1.083539
v -0.267689 -0.704273 -0.939434
v -0.246895 -0.883177 -0.693510
v -0.180555 -0.994063 -0.537162
v -0.084769 -0.992284 -0.392989
v 0.000000 1.059023 -0.250142
v 0.000000 0.994034 -0.418681
v 0.000000 0.788766 -0.716901
v 0.000000 0.359889 -0.893277
v 0.000000 -0.248302 -0.949633
v 0.000000 -0.642196 -0.787662
v 0.000000 -0.817158 -0.667282
v 0.000000 -0.963732 -0.492354
v 0.000000 -0.976374 -0.375217
v 0.000000 0.113997 -0.932205
v 0.000000 0.123780 0.912710
v -0.279681 0.122311 0.872947
v -0.489091 0.111284 0.805562
v -0.682708 0.092226 0.710900
v -0.865440 0.068464 0.579260
v -1.048417 0.063948 0.434693
v -1.192660 0.070200 0.337773
v -1.276497 0.047006 0.190543
v -1.274345 0.034394 -0.016316
v -1.181224 0.031486 -0.200661
v -1.075855 0.052503 -0.381675
v -0.947821 0.068332 -0.555415
v -0.801195 0.078823 -0.687057
v -0.604126 0.114072 -0.808056
v -0.372005 0.168372 -0.924432
v -0.178669 0.156693 -0.987541
v 0.000000 0.319461 0.870931
v -0.274645 0.315907 0.838289
v -0.478313 0.301886 0.782481
v -0.666805 0.284920 0.700419
v -0.853877 0.276965 0.567969
v -1.230443 0.315997 0.437001
v -1.749402 0.427041 0.148239
v -1.699272 0.360053 0.113139
v -1.604404 0.383657 -0.048350
v -1.307278 0.334447 -0.203052
v -1.042953 0.331158 -0.385209
v -0.902618 0.264814 -0.529436
v -0.774165 0.216013 -0.641331
v -0.608299 0.207466 -0.726187
v -0.388350 0.251069 -0.821054
v -0.183553 0.275788 -0.893131
v 0.000000 0.284447 -0.927513
v -1.108499 0.950078 0.249528
v -0.724512 1.027589 0.139277
v -0.938759 -1.192656 0.419006
v -1.032969 -0.750923 0.468974
v -2.322901 1.006141 0.202960
v -0.892389 -1.542904 0.337715
v -2.264155 0.854504 0.275304
v -0.767821 -1.702579 0.229689
v -2.145153 0.650720 0.309429
v -0.511055 -1.619270 0.105087
v -1.193712 0.208579 0.381361
v -0.269693 -1.304102 -0.018958
v -1.083820 -0.086357 0.381711
v -0.452106 1.089899 0.017916
v -1.068368 -0.355450 0.431936
v -1.122699 0.067980 0.383696
v -1.698581 0.454536 0.341982
v -0.441739 -1.565430 0.190550
v -0.645769 -1.603749 0.344307
v -0.969829 0.189328 0.485003
v -1.134173 0.386502 0.482048
v -0.244569 -1.283195 0.027804
v -0.951925 -0.056787 0.515499
v -0.427875 1.089771 0.047131
v -0.933664 -0.297976 0.561138
v -0.646029 1.026132 0.189321
v -0.912640 -0.641091 0.607508
v -0.867027 0.916169 0.334232
v -0.822707 -1.033066 0.565011
v -1.188375 0.821980 0.375143
v -0.749122 -1.392878 0.472508
v -1.166122 0.662631 0.409602
v -0.964797 0.066493 0.501729
v -1.068083 0.303102 0.479311
v 0.000000 0.811002 0.599119
v -0.277278 0.812277 0.586498
v -0.420024 0.811699 0.551783
v -0.587081 0.817353 0.495040
v -0.806401 0.832575 0.429695
v -1.359627 0.885422 0.307566
v -1.846961 1.004692 0.150856
v -1.913451 0.973046 -0.043479
v -1.668918 0.960733 -0.157202
v -1.306542 0.903200 -0.292266
v -0.950060 0.914019 -0.403439
v -0.627914 0.972715 -0.478777
v -0.442204 0.903077 -0.550134
v -0.316629 0.878326 -0.592274
v -0.205514 0.884024 -0.614779
v -0.081973 0.881893 -0.636656
v 0.000000 0.853506 -0.648801
v -1.715914 1.000723 0.172543
v -1.033220 0.868375 0.355054
v 0.303407 1.089123 0.114699
v 0.314667 1.014462 0.311494
v 0.291004 0.889935 0.503933
v 0.261050 0.736315 0.667317
v 0.254362 0.574778 0.768717
v 0.266664 0.404200 0.821680
v 0.280785 0.221333 0.856005
v 0.275872 0.023449 0.889776
v 0.254582 -0.180935 0.910719
v 0.226788 -0.383290 0.889689
v 0.203476 -0.574683 0.819869
v 0.211216 -0.732516 0.714129
v 0.205188 -0.865924 0.568725
v 0.168841 -0.997984 0.372784
v 0.119150 -1.077019 0.137009
v 0.343567 1.089697 0.103258
v 0.397148 1.015533 0.289113
v 0.415916 0.891062 0.471602
v 0.421237 0.734070 0.630265
v 0.437625 0.565883 0.725255
v 0.466182 0.389989 0.771409
v 0.488314 0.207550 0.794234
v 0.486530 0.015214 0.816751
v 0.464413 -0.190011 0.838172
v 0.430892 -0.404557 0.831795
v 0.411609 -0.637100 0.781478
v 0.387955 -0.835896 0.686198
v 0.324772 -1.024163 0.538560
v 0.242208 -1.158752 0.344091
v 0.159124 -1.143359 0.117698
v 0.378890 1.089549 0.085402
v 0.493004 1.019741 0.255437
v 0.571604 0.898604 0.423469
v 0.599773 0.737852 0.565095
v 0.609896 0.556350 0.655095
v 0.651736 0.373916 0.695977
v 0.679293 0.189665 0.705032
v 0.681917 -0.004965 0.716593
v 0.665013 -0.218961 0.739929
v 0.636055 -0.469059 0.758851
v 0.605764 -0.756192 0.723173
v 0.528666 -1.026009 0.628743
v 0.429084 -1.272052 0.482392
v 0.312738 -1.351315 0.297347
v 0.195721 -1.209984 0.088990
v 0.412351 1.089632 0.061960
v 0.596910 1.024790 0.214317
v 0.755653 0.909539 0.367321
v 0.854400 0.757234 0.490765
v 0.864118 0.570555 0.559663
v 0.836069 0.367543 0.574633
v 0.863045 0.176952 0.568208
v 0.864533 -0.037882 0.585176
v 0.847222 -0.265049 0.624595
v 0.831255 -0.576648 0.670328
v 0.757669 -0.930858 0.634425
v 0.662711 -1.280615 0.537403
v 0.563421 -1.521000 0.400446
v 0.396119 -1.515590 0.232984
v 0.229197 -1.265143 0.051521
v 0.441861 1.089900 0.033711
v 0.689934 1.027377 0.166680
v 0.965463 0.922314 0.303971
v 1.702935 0.921614 0.308086
v 1.710953 0.727016 0.354257
v 1.594618 0.539745 0.436191
v 1.058615 0.199238 0.414628
v 1.026644 -0.073631 0.452252
v 1.007589 -0.327519 0.503538
v 0.982493 -0.699182 0.550506
v 0.882585 -1.125614 0.502242
v 0.827314 -1.494464 0.413785
v 0.720285 -1.678627 0.293506
v 0.483021 -1.610530 0.152153
v 0.258480 -1.299531 0.006342
v 0.462614 1.089901 0.001616
v 0.759690 1.027838 0.110980
v 1.251487 0.965796 0.168944
v 2.606802 0.996960 0.182266
v 2.677633 0.929815 0.171089
v 2.626123 0.739112 0.206004
v 1.280094 0.213107 0.292613
v 1.137939 -0.099172 0.308629
v 1.126421 -0.383999 0.357856
v 1.082272 -0.804152 0.384725
v 0.998618 -1.261949 0.333193
v 0.959541 -1.592889 0.259216
v 0.816873 -1.727295 0.163836
v 0.539983 -1.628289 0.056519
v 0.281265 -1.308818 -0.045066
v 0.471426 1.089509 -0.033165
v 0.794996 1.028206 0.044558
v 1.400560 0.990066 0.006827
v 2.489461 1.013337 -0.103583
v 2.682483 0.860295 -0.062019
v 2.577751 0.632495 -0.104615
v 1.371548 0.186535 0.219393
v 1.197458 -0.114198 0.150215
v 1.193737 -0.415958 0.180305
v 1.140949 -0.844037 0.179258
v 1.061646 -1.281249 0.132115
v 0.995516 -1.569651 0.078546
v 0.826169 -1.673780 0.014826
v 0.556934 -1.576213 -0.050921
v 0.295287 -1.293887 -0.100783
v 0.466981 1.088582 -0.069306
v 0.780904 1.035127 -0.043011
v 1.330546 0.955748 -0.078064
v 2.044623 0.934120 -0.189655
v 2.301687 0.734860 -0.212099
v 1.734111 0.536734 -0.146348
v 1.328119 0.179303 -0.007631
v 1.218202 -0.118646 -0.023843
v 1.225550 -0.418778 -0.014423
v 1.168299 -0.804626 -0.043168
v 1.048607 -1.174388 -0.092035
v 0.949458 -1.428546 -0.122521
v 0.779946 -1.529305 -0.149167
v 0.545071 -1.468182 -0.166003
v 0.299192 -1.259705 -0.158483
v 0.449848 1.086941 -0.105196
v 0.717093 1.047494 -0.143085
v 1.120519 0.941985 -0.259166
v 1.482002 0.865587 -0.324998
v 1.559432 0.687287 -0.344790
v 1.457894 0.457280 -0.177735
v 1.176405 0.168656 -0.198884
v 1.191144 -0.106856 -0.201521
v 1.213477 -0.405328 -0.216993
v 1.155191 -0.714200 -0.265874
v 0.985611 -0.993571 -0.326955
v 0.861974 -1.202331 -0.328253
v 0.723252 -1.321825 -0.308349
v 0.521367 -1.329512 -0.274074
v 0.292477 -1.213547 -0.215509
v 0.422266 1.084400 -0.139306
v 0.618254 1.062569 -0.232731
v 0.821419 1.000997 -0.374166
v 1.072891 0.828951 -0.432270
v 1.119212 0.648809 -0.445146
v 1.026778 0.464833 -0.397318
v 1.052561 0.180003 -0.373350
v 1.106856 -0.079335 -0.387871
v 1.130615 -0.361728 -0.431302
v 1.091902 -0.614276 -0.500785
v 0.942622 -0.851676 -0.538989
v 0.785739 -1.045875 -0.502429
v 0.659405 -1.165278 -0.424975
v 0.491406 -1.204004 -0.350748
v 0.275481 -1.163259 -0.267438
v 0.387744 1.081056 -0.170603
v 0.515157 1.060751 -0.292745
v 0.592513 1.035766 -0.429427
v 0.661846 0.910954 -0.527185
v 0.773782 0.633056 -0.529770
v 0.871863 0.358057 -0.520537
v 0.930713 0.173952 -0.540606
v 0.969529 -0.046019 -0.569115
v 0.966411 -0.276903 -0.635645
v 0.947789 -0.491898 -0.712890
v 0.883776 -0.735459 -0.710651
v 0.708304 -0.978837 -0.624853
v 0.597560 -1.094827 -0.524612
v 0.439146 -1.120646 -0.425118
v 0.249550 -1.115709 -0.312214
v 0.351442 1.077458 -0.197794
v 0.421558 1.038779 -0.332464
v 0.432897 0.984013 -0.484634
v 0.457588 0.805244 -0.609270
v 0.604693 0.522888 -0.615649
v 0.746433 0.291921 -0.626455
v 0.797898 0.147527 -0.660748
v 0.798502 0.010973 -0.719532
v 0.769000 -0.152966 -0.816957
v 0.775642 -0.386652 -0.906087
v 0.783405 -0.627025 -0.872146
v 0.639653 -0.941300 -0.718934
v 0.531083 -1.063012 -0.594130
v 0.388590 -1.078278 -0.480914
v 0.214457 -1.073195 -0.350188
v 0.315242 1.073994 -0.219694
v 0.337827 1.023635 -0.364411
v 0.314466 0.953279 -0.521933
v 0.323804 0.788853 -0.656849
v 0.454249 0.519433 -0.686085
v 0.590344 0.272071 -0.698719
v 0.616670 0.154010 -0.765031
v 0.587216 0.074173 -0.855754
v 0.572135 -0.054266 -0.965472
v 0.616703 -0.311153 -1.042533
v 0.624374 -0.547550 -1.010507
v 0.554595 -0.871784 -0.814220
v 0.457263 -1.013120 -0.638175
v 0.333156 -1.053906 -0.511986
v 0.175365 -1.040115 -0.376389
v 0.275634 1.069965 -0.236144
v 0.263854 1.018423 -0.391508
v 0.217593 0.947862 -0.547094
v 0.195402 0.815839 -0.679595
v 0.284034 0.554370 -0.729529
v 0.381430 0.305978 -0.780569
v 0.386174 0.204695 -0.875069
v 0.360776 0.123936 -0.974535
v 0.358192 -0.013305 -1.062349
v 0.398343 -0.243765 -1.109766
v 0.438661 -0.484567 -1.086043
v 0.452623 -0.810190 -0.884901
v 0.366700 -0.957785 -0.659402
v 0.264335 -1.034618 -0.525273
v 0.132413 -1.013822 -0.390134
v 0.232840 1.066079 -0.247184
v 0.183129 1.013844 -0.410243
v 0.105515 0.944959 -0.567977
v 0.058935 0.820071 -0.703978
v 0.104952 0.582051 -0.787238
v 0.177480 0.339970 -0.849771
v 0.185070 0.211775 -0.947421
v 0.173109 0.092609 -1.027615
v 0.168979 -0.061465 -1.086772
v 0.173955 -0.224514 -1.114279
v 0.205406 -0.411551 -1.083539
v 0.267689 -0.704273 -0.939434
v 0.246895 -0.883177 -0.693510
v 0.180555 -0.994063 -0.537162
v 0.084769 -0.992284 -0.392989
v 0.279681 0.122311 0.872947
v 0.489091 0.111284 0.805562
v 0.682708 0.092226 0.710900
v 0.865440 0.068464 0.579260
v 1.048417 0.063948 0.434693
v 1.192660 0.070200 0.337773
v 1.276497 0.047006 0.190543
v 1.274345 0.034394 -0.016316
v 1.181224 0.031486 -0.200661
v 1.075855 0.052503 -0.381675
v 0.947821 0.068332 -0.555415
v 0.801195 0.078823 -0.687057
v 0.604126 0.114072 -0.808056
v 0.372005 0.168372 -0.924432
v 0.178669 0.156693 -0.987541
v 0.274645 0.315907 0.838289
v 0.478313 0.301886 0.782481
v 0.666805 0.284920 0.700419
v 0.853877 0.276965 0.567969
v 1.230443 0.315997 0.437001
v 1.749402 0.427041 0.148239
v 1.699272 0.360053 0.113139
v 1.604404 0.383657 -0.048350
v 1.307278 0.334447 -0.203052
v 1.042953 0.331158 -0.385209
v 0.902618 0.264814 -0.529436
v 0.774165 0.216013 -0.641331
v 0.608299 0.207466 -0.726187
v 0.388350 0.251069 -0.821054
v 0.183553 0.275788 -0.893131
v 1.108499 0.950078 0.249528
v 0.724512 1.027589 0.139277
v 0.938759 -1.192656 0.419006
v 1.032969 -0.750923 0.468974
v 2.322901 1.006141 0.202960
v 0.892389 -1.542904 0.337715
v 2.264155 0.854504 0.275304
v 0.767821 -1.702579 0.229689
v 2.145153 0.650720 0.309429
v 0.511055 -1.619270 0.105087
v 1.193712 0.208579 0.381361
v 0.269693 -1.304102 -0.018958
v 1.083820 -0.086357 0.381711
v 0.452106 1.089899 0.017916
v 1.068368 -0.355450 0.431936
v 1.122699 0.067980 0.383696
v 1.698581 0.454536 0.341982
v 0.441739 -1.565430 0.190550
v 0.645769 -1.603749 0.344307
v 0.969829 0.189328 0.485003
v 1.134173 0.386502 0.482048
v 0.244569 -1.283195 0.027804
v 0.951925 -0.056787 0.515499
v 0.427875 1.089771 0.047131
v 0.933664 -0.297976 0.561138
v 0.646029 1.026132 0.189321
v 0.912640 -0.641091 0.607508
v 0.867027 0.916169 0.334232
v 0.822707 -1.033066 0.565011
v 1.188375 0.821980 0.375143
v 0.749122 -1.392878 0.472508
v 1.166122 0.662631 0.409602
v 0.964797 0.066493 0.501729
v 1.068083 0.303102 0.479311
v 0.277278 0.812277 0.586498
v 0.420024 0.811699 0.551783
v 0.587081 0.817353 0.495040
v 0.806401 0.832575 0.429695
v 1.359627 0.885422 0.307566
v 1.846961 1.004692 0.150856
v 1.913451 0.973046 -0.043479
v 1.668918 0.960733 -0.157202
v 1.306542 0.903200 -0.292266
v 0.950060 0.914019 -0.403439
v 0.627914 0.972715 -0.478777
v 0.442204 0.903077 -0.550134
v 0.316629 0.878326 -0.592274
v 0.205514 0.884024 -0.614779
v 0.081973 0.881893 -0.636656
v 1.715914 1.000723 0.172543
v 1.033220 0.868375 0.355054
vn -0.0000 0.8313 -0.5558
vn -0.0000 0.3554 -0.9347
vn -0.0000 0.3170 -0.9484
vn -0.0000 0.3009 -0.9537
vn -0.0000 0.1632 -0.9866
vn -0.0000 -0.4462 -0.8950
vn -0.0000 0.9971 -0.0756
vn -0.0000 0.9761 0.2174
vn -0.0000 0.8926 0.4509
vn -0.0000 0.7875 0.6163
vn -0.0000 0.6385 0.7696
vn -0.0000 0.4365 0.8997
vn -0.0000 0.2703 0.9628
vn -0.0000 0.1945 0.9809
vn -0.0000 0.1276 0.9918
vn -0.0000 -0.0306 0.9995
vn -0.0000 -0.2627 0.9649
vn -0.0000 -0.4932 0.8699
vn -0.0000 -0.6812 0.7321
vn -0.0000 -0.7943 0.6075
vn -0.0000 -0.8675 0.4975
vn -0.0000 -0.9647 0.2635
vn -0.0264 0.9745 0.2230
vn -0.0641 0.8864 0.4585
vn -0.0887 0.7767 0.6236
vn -0.1151 0.6234 0.7733
vn -0.1466 0.4206 0.8953
vn -0.1761 0.2543 0.9510
vn -0.2131 0.1737 0.9615
vn -0.2374 0.1111 0.9650
vn -0.2254 -0.0231 0.9740
vn -0.1641 -0.2272 0.9599
vn -0.0362 -0.4428 0.8959
vn 0.1517 -0.6103 0.7775
vn 0.3712 -0.6735 0.6392
vn 0.5691 -0.6727 0.4729
vn 0.6629 -0.6940 0.2809
vn -0.0577 0.9778 0.2015
vn -0.1160 0.8861 0.4487
vn -0.1632 0.7629 0.6255
vn -0.2369 0.5894 0.7724
vn -0.2898 0.3883 0.8748
vn -0.3210 0.2266 0.9196
vn -0.3621 0.1307 0.9229
vn -0.3907 0.0779 0.9172
vn -0.3661 -0.0017 0.9306
vn -0.2729 -0.1474 0.9507
vn -0.0913 -0.3287 0.9400
vn 0.1852 -0.4704 0.8628
vn 0.5237 -0.4810 0.7032
vn 0.7752 -0.4555 0.4377
vn 0.8188 -0.5020 0.2786
vn -0.0645 0.9810 0.1828
vn -0.1198 0.8959 0.4278
vn -0.1604 0.7640 0.6250
vn -0.2494 0.5578 0.7917
vn -0.3568 0.3261 0.8754
vn -0.4434 0.1638 0.8812
vn -0.5143 0.0953 0.8523
vn -0.5190 0.0588 0.8528
vn -0.4777 0.0402 0.8776
vn -0.3698 -0.0695 0.9265
vn -0.1808 -0.2556 0.9497
vn 0.1200 -0.3855 0.9149
vn 0.4739 -0.4555 0.7536
vn 0.7723 -0.4977 0.3948
vn 0.8232 -0.5256 0.2148
vn -0.0710 0.9845 0.1605
vn -0.1268 0.9110 0.3925
vn -0.1452 0.7794 0.6095
vn -0.2259 0.5056 0.8327
vn -0.3435 0.2303 0.9105
vn -0.4383 0.0606 0.8968
vn -0.5739 0.0208 0.8187
vn -0.6014 0.0590 0.7968
vn -0.5779 0.0755 0.8126
vn -0.5036 -0.0498 0.8625
vn -0.3317 -0.2571 0.9077
vn -0.0575 -0.3985 0.9154
vn 0.3152 -0.6147 0.7230
vn 0.7095 -0.6516 0.2684
vn 0.7940 -0.6042 0.0669
vn -0.0000 -0.9820 -0.1889
vn -0.0846 0.9892 0.1196
vn -0.1247 0.9346 0.3333
vn -0.0819 0.8158 0.5726
vn -0.0181 0.6111 0.7913
vn -0.0962 0.2468 0.9643
vn -0.1876 -0.1036 0.9768
vn -0.4471 -0.2526 0.8581
vn -0.6880 0.0208 0.7254
vn -0.7217 0.0581 0.6897
vn -0.6835 -0.1031 0.7226
vn -0.5659 -0.2598 0.7825
vn -0.3643 -0.4604 0.8095
vn 0.0716 -0.8429 0.5332
vn 0.5855 -0.8079 0.0669
vn 0.7311 -0.6695 -0.1314
vn -0.1009 0.9926 0.0672
vn -0.1239 0.9738 0.1906
vn -0.0055 0.9964 0.0845
vn -0.3639 0.8053 0.4681
vn -0.8255 0.3419 0.4490
vn -0.6283 -0.4458 0.6376
vn -0.5857 -0.6069 0.5372
vn -0.8328 -0.1535 0.5319
vn -0.8835 -0.0121 0.4682
vn -0.8646 -0.1508 0.4793
vn -0.8350 -0.2282 0.5008
vn -0.7155 -0.5656 0.4102
vn -0.1913 -0.9791 0.0696
vn 0.4551 -0.8550 -0.2487
vn 0.6614 -0.6876 -0.2996
vn -0.1099 0.9938 0.0183
vn -0.1223 0.9921 0.0267
vn -0.0106 0.9957 -0.0915
vn -0.2529 0.7765 -0.5771
vn -0.8575 0.0922 -0.5062
vn -0.5278 -0.7516 -0.3956
vn -0.6783 -0.6417 0.3579
vn -0.9486 -0.2016 0.2439
vn -0.9693 -0.0523 0.2402
vn -0.9677 -0.1753 0.1813
vn -0.9719 -0.2295 0.0532
vn -0.8328 -0.5219 -0.1844
vn -0.2479 -0.8497 -0.4654
vn 0.3827 -0.7683 -0.5130
vn 0.6020 -0.6746 -0.4272
vn -0.1042 0.9944 -0.0193
vn -0.1483 0.9842 -0.0967
vn -0.0512 0.9765 -0.2094
vn -0.0873 0.6798 -0.7282
vn -0.2196 -0.1115 -0.9692
vn -0.2164 -0.7177 -0.6619
vn -0.7216 -0.5829 -0.3735
vn -0.9912 -0.1192 -0.0573
vn -0.9980 -0.0590 0.0221
vn -0.9697 -0.2245 -0.0966
vn -0.9027 -0.2907 -0.3173
vn -0.6961 -0.4431 -0.5649
vn -0.1755 -0.6670 -0.7241
vn 0.3398 -0.6764 -0.6534
vn 0.5543 -0.6541 -0.5147
vn -0.0872 0.9952 -0.0455
vn -0.1783 0.9813 -0.0732
vn -0.1862 0.9371 -0.2953
vn -0.1409 0.5594 -0.8169
vn -0.2427 -0.2281 -0.9429
vn -0.3404 -0.5474 -0.7645
vn -0.7544 -0.2157 -0.6199
vn -0.9506 0.0389 -0.3079
vn -0.9751 -0.0264 -0.2201
vn -0.9210 -0.2544 -0.2952
vn -0.7772 -0.4066 -0.4802
vn -0.5360 -0.4902 -0.6873
vn -0.1133 -0.5943 -0.7962
vn 0.3055 -0.6226 -0.7204
vn 0.5153 -0.6444 -0.5650
vn -0.0532 0.9940 -0.0953
vn -0.1424 0.9851 -0.0960
vn -0.2526 0.8789 -0.4047
vn -0.2243 0.4269 -0.8760
vn -0.3018 -0.1341 -0.9439
vn -0.4620 -0.1853 -0.8673
vn -0.7711 0.0253 -0.6362
vn -0.8594 0.1556 -0.4871
vn -0.8862 0.0580 -0.4596
vn -0.8545 -0.1875 -0.4844
vn -0.6944 -0.4620 -0.5517
vn -0.4536 -0.6151 -0.6449
vn -0.0625 -0.6900 -0.7211
vn 0.2760 -0.6842 -0.6751
vn 0.4787 -0.6899 -0.5430
vn -0.0061 0.9856 -0.1691
vn 0.0005 0.9780 -0.2084
vn -0.0837 0.8711 -0.4839
vn -0.2353 0.4492 -0.8619
vn -0.3434 0.1058 -0.9332
vn -0.5183 0.1355 -0.8444
vn -0.6970 0.2220 -0.6818
vn -0.7528 0.2081 -0.6245
vn -0.7766 0.1648 -0.6081
vn -0.7848 -0.0276 -0.6191
vn -0.6542 -0.4055 -0.6384
vn -0.4068 -0.6746 -0.6160
vn -0.0751 -0.8209 -0.5661
vn 0.2494 -0.8235 -0.5096
vn 0.4437 -0.7682 -0.4615
vn 0.0105 0.9747 -0.2231
vn 0.0816 0.9475 -0.3092
vn 0.0190 0.8154 -0.5786
vn -0.2581 0.3748 -0.8904
vn -0.3823 0.2247 -0.8963
vn -0.4448 0.2933 -0.8462
vn -0.5453 0.3655 -0.7544
vn -0.6463 0.3183 -0.6935
vn -0.6930 0.2834 -0.6629
vn -0.7090 0.0764 -0.7010
vn -0.5986 -0.3298 -0.7300
vn -0.2890 -0.6822 -0.6717
vn 0.0062 -0.8484 -0.5293
vn 0.2553 -0.8706 -0.4205
vn 0.4144 -0.8311 -0.3708
vn -0.0083 0.9679 -0.2512
vn 0.0043 0.9357 -0.3529
vn -0.0744 0.8050 -0.5887
vn -0.2623 0.4036 -0.8765
vn -0.3447 0.2598 -0.9021
vn -0.3871 0.3712 -0.8440
vn -0.4558 0.5319 -0.7137
vn -0.5306 0.4918 -0.6903
vn -0.5338 0.3820 -0.7544
vn -0.5177 0.1115 -0.8483
vn -0.4118 -0.3090 -0.8573
vn -0.1278 -0.6652 -0.7357
vn 0.1474 -0.7985 -0.5836
vn 0.2798 -0.8588 -0.4292
vn 0.3879 -0.8765 -0.2853
vn -0.0097 0.9625 -0.2710
vn -0.0457 0.9273 -0.3716
vn -0.1030 0.8123 -0.5740
vn -0.2232 0.4932 -0.8408
vn -0.3031 0.2896 -0.9079
vn -0.3630 0.4230 -0.8302
vn -0.3662 0.6439 -0.6718
vn -0.2942 0.5595 -0.7749
vn -0.2453 0.3783 -0.8926
vn -0.1939 0.0837 -0.9774
vn -0.1074 -0.3053 -0.9462
vn 0.0556 -0.6538 -0.7546
vn 0.2366 -0.7614 -0.6035
vn 0.3081 -0.8506 -0.4261
vn 0.3891 -0.8852 -0.2550
vn 0.0194 0.9594 -0.2813
vn 0.0159 0.9293 -0.3690
vn 0.0208 0.8356 -0.5489
vn -0.0449 0.5824 -0.8117
vn -0.2441 0.3354 -0.9099
vn -0.2945 0.4264 -0.8553
vn -0.1045 0.5167 -0.8498
vn 0.2041 0.4120 -0.8881
vn 0.2898 0.2350 -0.9278
vn 0.3386 -0.0190 -0.9408
vn 0.3337 -0.3008 -0.8934
vn 0.2995 -0.5817 -0.7563
vn 0.3027 -0.7221 -0.6220
vn 0.3077 -0.8328 -0.4601
vn 0.2889 -0.9369 -0.1970
vn -0.0000 0.9590 -0.2834
vn -0.0000 0.9337 -0.3582
vn -0.0000 0.5192 -0.8547
vn -0.0000 0.4140 -0.9103
vn -0.0000 -0.1347 -0.9909
vn -0.0000 -0.6345 -0.7729
vn -0.0000 -0.7336 -0.6796
vn -0.0000 -0.9289 -0.3704
vn -0.0000 -0.9842 -0.1770
vn -0.0000 0.2861 -0.9582
vn -0.0000 0.1768 0.9842
vn -0.2266 0.1531 0.9619
vn -0.3790 0.1050 0.9194
vn -0.5209 0.0711 0.8507
vn -0.6035 0.0597 0.7952
vn -0.5912 -0.0149 0.8064
vn -0.6968 -0.3177 0.6431
vn -0.8556 -0.4395 0.2736
vn -0.9285 -0.2905 -0.2315
vn -0.8875 -0.0007 -0.4608
vn -0.8301 0.1672 -0.5320
vn -0.7293 0.2273 -0.6453
vn -0.5975 0.3394 -0.7265
vn -0.5002 0.5225 -0.6905
vn -0.3384 0.6283 -0.7005
vn 0.0674 0.4744 -0.8777
vn -0.0000 0.2118 0.9773
vn -0.1962 0.1932 0.9613
vn -0.3405 0.1547 0.9274
vn -0.4948 0.1115 0.8618
vn -0.4973 -0.0414 0.8666
vn -0.2741 -0.4319 0.8593
vn -0.3744 -0.8360 0.4012
vn -0.4495 -0.8862 0.1121
vn -0.3809 -0.7577 -0.5299
vn -0.5301 -0.4260 -0.7332
vn -0.6344 -0.0686 -0.7699
vn -0.6310 0.2157 -0.7452
vn -0.4835 0.3756 -0.7907
vn -0.4104 0.5029 -0.7607
vn -0.3728 0.5956 -0.7115
vn -0.2326 0.5349 -0.8122
vn -0.0000 0.4334 -0.9012
vn -0.0577 0.8765 0.4779
vn -0.1162 0.9506 0.2879
vn -0.7049 -0.2396 0.6676
vn -0.7799 -0.1261 0.6130
vn -0.0762 0.8302 0.5523
vn -0.5294 -0.4888 0.6934
vn -0.1509 0.2076 0.9665
vn -0.0017 -0.9232 0.3842
vn -0.2934 -0.4032 0.8668
vn 0.5440 -0.8317 -0.1115
vn -0.4576 -0.4210 0.7831
vn 0.6898 -0.6913 -0.2151
vn -0.7369 -0.0561 0.6736
vn -0.0887 0.9921 0.0893
vn -0.8031 0.0267 0.5952
vn -0.5776 -0.1521 0.8020
vn -0.3652 -0.7149 0.5963
vn 0.6623 -0.7287 0.1741
vn 0.2473 -0.6895 0.6808
vn -0.5491 -0.1005 0.8297
vn -0.2466 -0.0537 0.9676
vn 0.7589 -0.6507 -0.0240
vn -0.6321 0.0578 0.7727
vn -0.0741 0.9878 0.1367
vn -0.6350 0.0818 0.7682
vn -0.1280 0.9245 0.3590
vn -0.5855 -0.0709 0.8076
vn -0.1274 0.8003 0.5859
vn -0.4350 -0.2607 0.8619
vn -0.0952 0.5141 0.8524
vn -0.1935 -0.4156 0.8887
vn -0.1923 0.2449 0.9503
vn -0.6221 0.0500 0.7814
vn -0.3666 -0.3138 0.8758
vn -0.0000 0.7299 0.6835
vn -0.1000 0.7178 0.6890
vn -0.1935 0.6926 0.6949
vn -0.1897 0.6794 0.7088
vn -0.1478 0.6846 0.7138
vn -0.0095 0.7541 0.6567
vn 0.0111 0.9986 -0.0509
vn 0.0311 0.9874 -0.1554
vn -0.0066 0.9349 -0.3548
vn -0.0999 0.8735 -0.4764
vn -0.2600 0.7536 -0.6037
vn -0.1734 0.6408 -0.7479
vn -0.1003 0.6066 -0.7887
vn -0.1739 0.6281 -0.7585
vn -0.1593 0.6770 -0.7185
vn 0.0126 0.7239 -0.6898
vn -0.0000 0.7449 -0.6671
vn 0.0601 0.9670 0.2477
vn -0.0969 0.7138 0.6936
vn 0.0264 0.9745 0.2230
vn 0.0641 0.8864 0.4585
vn 0.0887 0.7767 0.6236
vn 0.1151 0.6234 0.7733
vn 0.1466 0.4206 0.8953
vn 0.1761 0.2543 0.9510
vn 0.2131 0.1737 0.9615
vn 0.2374 0.1111 0.9650
vn 0.2254 -0.0231 0.9740
vn 0.1641 -0.2272 0.9599
vn 0.0362 -0.4428 0.8959
vn -0.1517 -0.6103 0.7775
vn -0.3712 -0.6735 0.6392
vn -0.5691 -0.6727 0.4729
vn -0.6629 -0.6940 0.2809
vn 0.0577 0.9778 0.2015
vn 0.1160 0.8861 0.4487
vn 0.1632 0.7629 0.6255
vn 0.2369 0.5894 0.7724
vn 0.2898 0.3883 0.8748
vn 0.3210 0.2266 0.9196
vn 0.3621 0.1307 0.9229
vn 0.3907 0.0779 0.9172
vn 0.3661 -0.0017 0.9306
vn 0.2729 -0.1474 0.9507
vn 0.0913 -0.3287 0.9400
vn -0.1852 -0.4704 0.8628
vn -0.5237 -0.4810 0.7032
vn -0.7752 -0.4555 0.4377
vn -0.8188 -0.5020 0.2786
vn 0.0645 0.9810 0.1828
vn 0.1198 0.8959 0.4278
vn 0.1604 0.7640 0.6250
vn 0.2494 0.5578 0.7917
vn 0.3568 0.3261 0.8754
vn 0.4434 0.1638 0.8812
vn 0.5143 0.0953 0.8523
vn 0.5190 0.0588 0.8528
vn 0.4777 0.0402 0.8776
vn 0.3698 -0.0695 0.9265
vn 0.1808 -0.2556 0.9497
vn -0.1200 -0.3855 0.9149
vn -0.4739 -0.4555 0.7536
vn -0.7723 -0.4977 0.3948
vn -0.8232 -0.5256 0.2148
vn 0.0710 0.9845 0.1605
vn 0.1268 0.9110 0.3925
vn 0.1452 0.7794 0.6095
vn 0.2259 0.5056 0.8327
vn 0.3435 0.2303 0.9105
vn 0.4383 0.0606 0.8968
vn 0.5739 0.0208 0.8187
vn 0.6014 0.0590 0.7968
vn 0.5779 0.0755 0.8126
vn 0.5036 -0.0498 0.8625
vn 0.3317 -0.2571 0.9077
vn 0.0575 -0.3985 0.9154
vn -0.3152 -0.6147 0.7230
vn -0.7095 -0.6516 0.2684
vn -0.7940 -0.6042 0.0669
vn 0.0846 0.9892 0.1196
vn 0.1247 0.9346 0.3333
vn 0.0819 0.8158 0.5726
vn 0.0181 0.6111 0.7913
vn 0.0962 0.2468 0.9643
vn 0.1876 -0.1036 0.9768
vn 0.4471 -0.2526 0.8581
vn 0.6880 0.0208 0.7254
vn 0.7217 0.0581 0.6897
vn 0.6835 -0.1031 0.7226
vn 0.5659 -0.2598 0.7825
vn 0.3643 -0.4604 0.8095
vn -0.0716 -0.8429 0.5332
vn -0.5855 -0.8079 0.0669
vn -0.7311 -0.6695 -0.1314
vn 0.1009 0.9926 0.0672
vn 0.1239 0.9738 0.1906
vn 0.0055 0.9964 0.0845
vn 0.3639 0.8053 0.4681
vn 0.8255 0.3419 0.4490
vn 0.6283 -0.4458 0.6376
vn 0.5857 -0.6069 0.5372
vn 0.8328 -0.1535 0.5319
vn 0.8835 -0.0121 0.4682
vn 0.8646 -0.1508 0.4793
vn 0.8350 -0.2282 0.5008
vn 0.7155 -0.5656 0.4102
vn 0.1913 -0.9791 0.0696
vn -0.4551 -0.8550 -0.2487
vn -0.6614 -0.6876 -0.2996
vn 0.1099 0.9938 0.0183
vn 0.1223 0.9921 0.0267
vn 0.0106 0.9957 -0.0915
vn 0.2529 0.7765 -0.5771
vn 0.8575 0.0922 -0.5062
vn 0.5278 -0.7516 -0.3956
vn 0.6783 -0.6417 0.3579
vn 0.9486 -0.2016 0.2439
vn 0.9693 -0.0523 0.2402
vn 0.9677 -0.1753 0.1813
vn 0.9719 -0.2295 0.0532
vn 0.8328 -0.5219 -0.1844
vn 0.2479 -0.8497 -0.4654
vn -0.3827 -0.7683 -0.5130
vn -0.6020 -0.6746 -0.4272
vn 0.1042 0.9944 -0.0193
vn 0.1483 0.9842 -0.0967
vn 0.0512 0.9765 -0.2094
vn 0.0873 0.6798 -0.7282
vn 0.2196 -0.1115 -0.9692
vn 0.2164 -0.7177 -0.6619
vn 0.7216 -0.5829 -0.3735
vn 0.9912 -0.1192 -0.0573
vn 0.9980 -0.0590 0.0221
vn 0.9697 -0.2245 -0.0966
vn 0.9027 -0.2907 -0.3173
vn 0.6961 -0.4431 -0.5649
vn 0.1755 -0.6670 -0.7241
vn -0.3398 -0.6764 -0.6534
vn -0.5543 -0.6541 -0.5147
vn 0.0872 0.9952 -0.0455
vn 0.1783 0.9813 -0.0732
vn 0.1862 0.9371 -0.2953
vn 0.1409 0.5594 -0.8169
vn 0.2427 -0.2281 -0.9429
vn 0.3404 -0.5474 -0.7645
vn 0.7544 -0.2157 -0.6199
vn 0.9506 0.0389 -0.3079
vn 0.9751 -0.0264 -0.2201
vn 0.9210 -0.2544 -0.2952
vn 0.7772 -0.4066 -0.4802
vn 0.5360 -0.4902 -0.6873
vn 0.1133 -0.5943 -0.7962
vn -0.3055 -0.6226 -0.7204
vn -0.5153 -0.6444 -0.5650
vn 0.0532 0.9940 -0.0953
vn 0.1424 0.9851 -0.0960
vn 0.2526 0.8789 -0.4047
vn 0.2243 0.4269 -0.8760
vn 0.3018 -0.1341 -0.9439
vn 0.4620 -0.1853 -0.8673
vn 0.7711 0.0253 -0.6362
vn 0.8594 0.1556 -0.4871
vn 0.8862 0.0580 -0.4596
vn 0.8545 -0.1875 -0.4844
vn 0.6944 -0.4620 -0.5517
vn 0.4536 -0.6151 -0.6449
vn 0.0625 -0.6900 -0.7211
vn -0.2760 -0.6842 -0.6751
vn -0.4787 -0.6899 -0.5430
vn 0.0061 0.9856 -0.1691
vn -0.0005 0.9780 -0.2084
vn 0.0837 0.8711 -0.4839
vn 0.2353 0.4492 -0.8619
vn 0.3434 0.1058 -0.9332
vn 0.5183 0.1355 -0.8444
vn 0.6970 0.2220 -0.6818
vn 0.7528 0.2081 -0.6245
vn 0.7766 0.1648 -0.6081
vn 0.7848 -0.0276 -0.6191
vn 0.6542 -0.4055 -0.6384
vn 0.4068 -0.6746 -0.6160
vn 0.0751 -0.8209 -0.5661
vn -0.2494 -0.8235 -0.5096
vn -0.4437 -0.7682 -0.4615
vn -0.0105 0.9747 -0.2231
vn -0.0816 0.9475 -0.3092
vn -0.0190 0.8154 -0.5786
vn 0.2581 0.3748 -0.8904
vn 0.3823 0.2247 -0.8963
vn 0.4448 0.2933 -0.8462
vn 0.5453 0.3655 -0.7544
vn 0.6463 0.3183 -0.6935
vn 0.6930 0.2834 -0.6629
vn 0.7090 0.0764 -0.7010
vn 0.5986 -0.3298 -0.7300
vn 0.2890 -0.6822 -0.6717
vn -0.0062 -0.8484 -0.5293
vn -0.2553 -0.8706 -0.4205
vn -0.4144 -0.8311 -0.3708
vn 0.0083 0.9679 -0.2512
vn -0.0043 0.9357 -0.3529
vn 0.0744 0.8050 -0.5887
vn 0.2623 0.4036 -0.8765
vn 0.3447 0.2598 -0.9021
vn 0.3871 0.3712 -0.8440
vn 0.4558 0.5319 -0.7137
vn 0.5306 0.4918 -0.6903
vn 0.5338 0.3820 -0.7544
vn 0.5177 0.1115 -0.8483
vn 0.4118 -0.3090 -0.8573
vn 0.1278 -0.6652 -0.7357
vn -0.1474 -0.7985 -0.5836
vn -0.2798 -0.8588 -0.4292
vn -0.3879 -0.8765 -0.2853
vn 0.0097 0.9625 -0.2710
vn 0.0457 0.9273 -0.3716
vn 0.1030 0.8123 -0.5740
vn 0.2232 0.4932 -0.8408
vn 0.3031 0.2896 -0.9079
vn 0.3630 0.4230 -0.8302
vn 0.3662 0.6439 -0.6718
vn 0.2942 0.5595 -0.7749
vn 0.2453 0.3783 -0.8926
vn 0.1939 0.0837 -0.9774
vn 0.1074 -0.3053 -0.9462
vn -0.0556 -0.6538 -0.7546
vn -0.2366 -0.7614 -0.6035
vn -0.3081 -0.8506 -0.4261
vn -0.3891 -0.8852 -0.2550
vn -0.0194 0.9594 -0.2813
vn -0.0159 0.9293 -0.3690
vn -0.0208 0.8356 -0.5489
vn 0.0449 0.5824 -0.8117
vn 0.2441 0.3354 -0.9099
vn 0.2945 0.4264 -0.8553
vn 0.1045 0.5167 -0.8498
vn -0.2041 0.4120 -0.8881
vn -0.2898 0.2350 -0.9278
vn -0.3386 -0.0190 -0.9408
vn -0.3337 -0.3008 -0.8934
vn -0.2995 -0.5817 -0.7563
vn -0.3027 -0.7221 -0.6220
vn -0.3077 -0.8328 -0.4601
vn -0.2889 -0.9369 -0.1970
vn 0.2266 0.1531 0.9619
vn 0.3790 0.1050 0.9194
vn 0.5209 0.0711 0.8507
vn 0.6035 0.0597 0.7952
vn 0.5912 -0.0149 0.8064
vn 0.6968 -0.3177 0.6431
vn 0.8556 -0.4395 0.2736
vn 0.9285 -0.2905 -0.2315
vn 0.8875 -0.0007 -0.4608
vn 0.8301 0.1672 -0.5320
vn 0.7293 0.2273 -0.6453
vn 0.5975 0.3394 -0.7265
vn 0.5002 0.5225 -0.6905
vn 0.3384 0.6283 -0.7005
vn -0.0674 0.4744 -0.8777
vn 0.1962 0.1932 0.9613
vn 0.3405 0.1547 0.9274
vn 0.4948 0.1115 0.8618
vn 0.4973 -0.0414 0.8666
vn 0.2741 -0.4319 0.8593
vn 0.3744 -0.8360 0.4012
vn 0.4495 -0.8862 0.1121
vn 0.3809 -0.7577 -0.5299
vn 0.5301 -0.4260 -0.7332
vn 0.6344 -0.0686 -0.7699
vn 0.6310 0.2157 -0.7452
vn 0.4835 0.3756 -0.7907
vn 0.4104 0.5029 -0.7607
vn 0.3728 0.5956 -0.7115
vn 0.2326 0.5349 -0.8122
vn 0.0577 0.8765 0.4779
vn 0.1162 0.9506 0.2879
vn 0.7049 -0.2396 0.6676
vn 0.7799 -0.1261 0.6130
vn 0.0762 0.8302 0.5523
vn 0.5294 -0.4888 0.6934
vn 0.1509 0.2076 0.9665
vn 0.0017 -0.9232 0.3842
vn 0.2934 -0.4032 0.8668
vn -0.5440 -0.8317 -0.1115
vn 0.4576 -0.4210 0.7831
vn -0.6898 -0.6913 -0.2151
vn 0.7369 -0.0561 0.6736
vn 0.0887 0.9921 0.0893
vn 0.8031 0.0267 0.5952
vn 0.5776 -0.1521 0.8020
vn 0.3652 -0.7149 0.5963
vn -0.6623 -0.7287 0.1741
vn -0.2473 -0.6895 0.6808
vn 0.5491 -0.1005 0.8297
vn 0.2466 -0.0537 0.9676
vn -0.7589 -0.6507 -0.0240
vn 0.6321 0.0578 0.7727
vn 0.0741 0.9878 0.1367
vn 0.6350 0.0818 0.7682
vn 0.1280 0.9245 0.3590
vn 0.5855 -0.0709 0.8076
vn 0.1274 0.8003 0.5859
vn 0.4350 -0.2607 0.8619
vn 0.0952 0.5141 0.8524
vn 0.1935 -0.4156 0.8887
vn 0.1923 0.2449 0.9503
vn 0.6221 0.0500 0.7814
vn 0.3666 -0.3138 0.8758
vn 0.1000 0.7178 0.6890
vn 0.1935 0.6926 0.6949
vn 0.1897 0.6794 0.7088
vn 0.1478 0.6846 0.7138
vn 0.0095 0.7541 0.6567
vn -0.0111 0.9986 -0.0509
vn -0.0311 0.9874 -0.1554
vn 0.0066 0.9349 -0.3548
vn 0.0999 0.8735 -0.4764
vn 0.2600 0.7536 -0.6037
vn 0.1734 0.6408 -0.7479
vn 0.1003 0.6066 -0.7887
vn 0.1739 0.6281 -0.7585
vn 0.1593 0.6770 -0.7185
vn -0.0126 0.7239 -0.6898
vn -0.0601 0.9670 0.2477
vn 0.0969 0.7138 0.6936
vt 0.250000 0.687500
vt 0.250000 0.750000
vt 0.218750 0.750000
vt 0.218750 0.687500
vt 0.250000 0.187500
vt 0.250000 0.250000
vt 0.218750 0.250000
vt 0.218750 0.187500
vt 0.250000 0.625000
vt 0.218750 0.625000
vt 0.250000 0.125000
vt 0.218750 0.125000
vt 0.250000 0.594847
vt 0.218750 0.594847
vt 0.250000 0.062500
vt 0.218750 0.062500
vt 0.250000 0.531250
vt 0.250000 0.562500
vt 0.218750 0.562500
vt 0.218750 0.531250
vt 0.250000 0.937500
vt 0.234375 1.000000
vt 0.218750 0.937500
vt 0.234375 0.000000
vt 0.250000 0.437500
vt 0.250000 0.500000
vt 0.218750 0.500000
vt 0.218750 0.437500
vt 0.250000 0.875000
vt 0.218750 0.875000
vt 0.250000 0.375000
vt 0.218750 0.375000
vt 0.250000 0.812500
vt 0.218750 0.812500
vt 0.250000 0.312500
vt 0.218750 0.312500
vt 0.250000 0.780939
vt 0.218750 0.780939
vt 0.187500 0.500000
vt 0.187500 0.437500
vt 0.187500 0.937500
vt 0.187500 0.875000
vt 0.187500 0.375000
vt 0.187500 0.812500
vt 0.187500 0.312500
vt 0.187500 0.780939
vt 0.187500 0.250000
vt 0.187500 0.750000
vt 0.187500 0.687500
vt 0.187500 0.187500
vt 0.187500 0.625000
vt 0.187500 0.125000
vt 0.187500 0.594847
vt 0.187500 0.062500
vt 0.187500 0.562500
vt 0.187500 0.531250
vt 0.203125 1.000000
vt 0.203125 0.000000
vt 0.156250 0.250000
vt 0.156250 0.187500
vt 0.156250 0.687500
vt 0.156250 0.625000
vt 0.156250 0.125000
vt 0.156250 0.594847
vt 0.156250 0.062500
vt 0.156250 0.562500
vt 0.156250 0.531250
vt 0.171875 1.000000
vt 0.156250 0.937500
vt 0.171875 0.000000
vt 0.156250 0.500000
vt 0.156250 0.437500
vt 0.156250 0.875000
vt 0.156250 0.375000
vt 0.156250 0.812500
vt 0.156250 0.312500
vt 0.156250 0.780939
vt 0.156250 0.750000
vt 0.125000 0.437500
vt 0.125000 0.375000
vt 0.125000 0.875000
vt 0.125000 0.812500
vt 0.125000 0.312500
vt 0.125000 0.780939
vt 0.125000 0.250000
vt 0.125000 0.750000
vt 0.125000 0.687500
vt 0.125000 0.187500
vt 0.125000 0.625000
vt 0.125000 0.125000
vt 0.125000 0.594847
vt 0.125000 0.062500
vt 0.125000 0.562500
vt 0.125000 0.531250
vt 0.140625 1.000000
vt 0.125000 0.937500
vt 0.140625 0.000000
vt 0.125000 0.500000
vt 0.108595 0.125000
vt 0.108595 0.187500
vt 0.093750 0.187500
vt 0.093750 0.125000
vt 0.108595 0.594847
vt 0.108595 0.625000
vt 0.093750 0.625000
vt 0.093750 0.594847
vt 0.108595 0.062500
vt 0.093750 0.062500
vt 0.108595 0.531250
vt 0.108595 0.562500
vt 0.093750 0.562500
vt 0.093750 0.531250
vt 0.109375 1.000000
vt 0.093750 0.937500
vt 0.108595 0.937500
vt 0.109375 0.000000
vt 0.108595 0.437500
vt 0.108595 0.500000
vt 0.093750 0.500000
vt 0.093750 0.437500
vt 0.108595 0.875000
vt 0.093750 0.875000
vt 0.108595 0.375000
vt 0.093750 0.375000
vt 0.108595 0.812500
vt 0.093750 0.812500
vt 0.108595 0.312500
vt 0.093750 0.312500
vt 0.108595 0.780938
vt 0.093750 0.780939
vt 0.108595 0.250000
vt 0.093750 0.250000
vt 0.108595 0.687500
vt 0.108595 0.750000
vt 0.093750 0.750000
vt 0.093750 0.687500
vt 0.078370 0.812500
vt 0.078370 0.875000
vt 0.062500 0.875000
vt 0.062500 0.812500
vt 0.078370 0.312500
vt 0.078370 0.375000
vt 0.062500 0.375000
vt 0.062500 0.312500
vt 0.078370 0.780939
vt 0.062500 0.780939
vt 0.078370 0.250000
vt 0.062500 0.250000
vt 0.078370 0.687500
vt 0.078370 0.750000
vt 0.062500 0.750000
vt 0.062500 0.687500
vt 0.078370 0.187500
vt 0.062500 0.187500
vt 0.078370 0.625000
vt 0.062500 0.625000
vt 0.078370 0.125000
vt 0.062500 0.125000
vt 0.078370 0.594847
vt 0.062500 0.594847
vt 0.078370 0.062500
vt 0.062500 0.062500
vt 0.078370 0.531250
vt 0.078370 0.562500
vt 0.062500 0.562500
vt 0.062500 0.531250
vt 0.078125 1.000000
vt 0.062500 0.937500
vt 0.078366 0.937499
vt 0.078125 0.000000
vt 0.078370 0.437500
vt 0.078370 0.500000
vt 0.062500 0.500000
vt 0.062500 0.437500
vt 0.031250 0.625000
vt 0.031250 0.594847
vt 0.031250 0.125000
vt 0.031250 0.062500
vt 0.031250 0.562500
vt 0.031250 0.531250
vt 0.046875 1.000000
vt 0.031250 0.937500
vt 0.046875 0.000000
vt 0.031250 0.500000
vt 0.031250 0.437500
vt 0.031250 0.875000
vt 0.031250 0.375000
vt 0.031250 0.812500
vt 0.031250 0.312500
vt 0.031250 0.780939
vt 0.031250 0.250000
vt 0.031250 0.750000
vt 0.031250 0.687500
vt 0.031250 0.187500
vt 0.000000 0.375000
vt 0.000000 0.312500
vt 0.000000 0.812500
vt 0.000000 0.780939
vt 0.000000 0.250000
vt 0.000000 0.750000
vt 0.000000 0.687500
vt 0.000000 0.187500
vt 0.000000 0.625000
vt 0.000000 0.125000
vt 0.000000 0.594847
vt 0.000000 0.062500
vt 0.000000 0.562500
vt 0.000000 0.531250
vt 0.015625 1.000000
vt 0.000000 0.937500
vt 0.015625 0.000000
vt 0.000000 0.500000
vt 0.000000 0.437500
vt 0.000000 0.875000
vt 1.000000 0.062500
vt 1.000000 0.125000
vt 0.968750 0.125000
vt 0.968750 0.062500
vt 1.000000 0.531250
vt 1.000000 0.562500
vt 0.968750 0.562500
vt 0.968750 0.531250
vt 1.000000 0.937500
vt 0.984375 1.000000
vt 0.968750 0.937500
vt 0.984375 0.000000
vt 1.000000 0.437500
vt 1.000000 0.500000
vt 0.968750 0.500000
vt 0.968750 0.437500
vt 1.000000 0.875000
vt 0.968750 0.875000
vt 1.000000 0.375000
vt 0.968750 0.375000
vt 1.000000 0.812500
vt 0.968750 0.812500
vt 1.000000 0.312500
vt 0.968750 0.312500
vt 1.000000 0.780939
vt 0.968750 0.780938
vt 1.000000 0.250000
vt 0.968750 0.250000
vt 1.000000 0.687500
vt 1.000000 0.750000
vt 0.968750 0.750000
vt 0.968750 0.687500
vt 1.000000 0.187500
vt 0.968750 0.187500
vt 1.000000 0.625000
vt 0.968750 0.625000
vt 1.000000 0.594847
vt 0.968750 0.594847
vt 0.937500 0.812500
vt 0.937500 0.780939
vt 0.937500 0.312500
vt 0.937500 0.250000
vt 0.937500 0.750000
vt 0.937500 0.687500
vt 0.937500 0.187500
vt 0.937500 0.625000
vt 0.937500 0.125000
vt 0.937500 0.594847
vt 0.937500 0.062500
vt 0.937500 0.562500
vt 0.937500 0.531250
vt 0.953125 1.000000
vt 0.937500 0.937500
vt 0.953125 0.000000
vt 0.937500 0.500000
vt 0.937500 0.437500
vt 0.937500 0.875000
vt 0.937500 0.375000
vt 0.906250 0.562500
vt 0.906250 0.531250
vt 0.921875 1.000000
vt 0.906250 0.937500
vt 0.921875 0.000000
vt 0.906250 0.062500
vt 0.906250 0.500000
vt 0.906250 0.437500
vt 0.906250 0.875000
vt 0.906250 0.375000
vt 0.906250 0.812500
vt 0.906250 0.312500
vt 0.906250 0.780939
vt 0.906250 0.250000
vt 0.906250 0.750000
vt 0.906250 0.687500
vt 0.906250 0.187500
vt 0.906250 0.625000
vt 0.906250 0.125000
vt 0.906250 0.594847
vt 0.875000 0.312500
vt 0.875000 0.250000
vt 0.875000 0.750000
vt 0.875000 0.687500
vt 0.875000 0.187500
vt 0.875000 0.625000
vt 0.875000 0.125000
vt 0.875000 0.594847
vt 0.875000 0.062500
vt 0.875000 0.562500
vt 0.875000 0.531250
vt 0.890625 1.000000
vt 0.875000 0.937500
vt 0.890625 0.000000
vt 0.875000 0.500000
vt 0.875000 0.437500
vt 0.875000 0.875000
vt 0.875000 0.375000
vt 0.875000 0.812500
vt 0.875000 0.780939
vt 0.859375 0.000000
vt 0.843750 0.062500
vt 0.843750 0.500000
vt 0.843750 0.437500
vt 0.843750 0.937500
vt 0.843750 0.875000
vt 0.843750 0.375000
vt 0.843750 0.812500
vt 0.843750 0.312500
vt 0.843750 0.780939
vt 0.843750 0.250000
vt 0.843750 0.750000
vt 0.843750 0.687500
vt 0.843750 0.187500
vt 0.843750 0.625000
vt 0.843750 0.125000
vt 0.843750 0.594847
vt 0.843750 0.562500
vt 0.843750 0.531250
vt 0.859375 1.000000
vt 0.812500 0.250000
vt 0.812500 0.187500
vt 0.812500 0.687500
vt 0.812500 0.625000
vt 0.812500 0.125000
vt 0.812500 0.594847
vt 0.812500 0.062500
vt 0.812500 0.562500
vt 0.812500 0.531250
vt 0.828125 1.000000
vt 0.812500 0.937500
vt 0.828125 0.000000
vt 0.812500 0.500000
vt 0.812500 0.437500
vt 0.812500 0.875000
vt 0.812500 0.375000
vt 0.812500 0.812500
vt 0.812500 0.312500
vt 0.812500 0.780939
vt 0.812500 0.750000
vt 0.781250 0.937500
vt 0.781250 0.875000
vt 0.781250 0.437500
vt 0.781250 0.375000
vt 0.781250 0.812500
vt 0.781250 0.312500
vt 0.781250 0.780939
vt 0.781250 0.250000
vt 0.781250 0.750000
vt 0.781250 0.687500
vt 0.781250 0.187500
vt 0.781250 0.625000
vt 0.781250 0.125000
vt 0.781250 0.594847
vt 0.781250 0.062500
vt 0.781250 0.562500
vt 0.781250 0.531250
vt 0.796875 1.000000
vt 0.796875 0.000000
vt 0.781250 0.500000
vt 0.750000 0.687500
vt 0.750000 0.625000
vt 0.750000 0.187500
vt 0.750000 0.125000
vt 0.750000 0.594847
vt 0.750000 0.062500
vt 0.750000 0.562500
vt 0.750000 0.531250
vt 0.765625 1.000000
vt 0.750000 0.937500
vt 0.765625 0.000000
vt 0.750000 0.500000
vt 0.750000 0.437500
vt 0.750000 0.875000
vt 0.750000 0.375000
vt 0.750000 0.812500
vt 0.750000 0.312500
vt 0.750000 0.780938
vt 0.750000 0.250000
vt 0.750000 0.750000
s 1
f 12/1/12 11/2/11 26/3/26 27/4/27
f 20/5/20 19/6/19 34/7/34 35/8/35
f 13/9/13 12/1/12 27/4/27 28/10/28
f 21/11/21 20/5/20 35/8/35 36/12/36
f 275/13/275 13/9/13 28/10/28 276/14/276
f 22/15/22 21/11/21 36/12/36 37/16/37
f 259/17/259 14/18/14 29/19/29 260/20/260
f 8/21/8 7/22/7 23/23/23
f 83/24/83 22/15/22 37/16/37
f 16/25/16 15/26/15 30/27/30 31/28/31
f 9/29/9 8/21/8 23/23/23 24/30/24
f 17/31/17 16/25/16 31/28/31 32/32/32
f 10/33/10 9/29/9 24/30/24 25/34/25
f 18/35/18 17/31/17 32/32/32 33/36/33
f 326/37/326 10/33/10 25/34/25 327/38/327
f 19/6/19 18/35/18 33/36/33 34/7/34
f 31/28/31 30/27/30 45/39/45 46/40/46
f 24/30/24 23/23/23 38/41/38 39/42/39
f 32/32/32 31/28/31 46/40/46 47/43/47
f 25/34/25 24/30/24 39/42/39 40/44/40
f 33/36/33 32/32/32 47/43/47 48/45/48
f 327/38/327 25/34/25 40/44/40 328/46/328
f 34/7/34 33/36/33 48/45/48 49/47/49
f 27/4/27 26/3/26 41/48/41 42/49/42
f 35/8/35 34/7/34 49/47/49 50/50/50
f 28/10/28 27/4/27 42/49/42 43/51/43
f 36/12/36 35/8/35 50/50/50 51/52/51
f 276/14/276 28/10/28 43/51/43 277/53/277
f 37/16/37 36/12/36 51/52/51 52/54/52
f 260/20/260 29/19/29 44/55/44 261/56/261
f 23/23/23 7/57/7 38/41/38
f 83/58/83 37/16/37 52/54/52
f 50/50/50 49/47/49 64/59/64 65/60/65
f 43/51/43 42/49/42 57/61/57 58/62/58
f 51/52/51 50/50/50 65/60/65 66/63/66
f 277/53/277 43/51/43 58/62/58 278/64/278
f 52/54/52 51/52/51 66/63/66 67/65/67
f 261/56/261 44/55/44 59/66/59 262/67/262
f 38/41/38 7/68/7 53/69/53
f 83/70/83 52/54/52 67/65/67
f 46/40/46 45/39/45 60/71/60 61/72/61
f 39/42/39 38/41/38 53/69/53 54/73/54
f 47/43/47 46/40/46 61/72/61 62/74/62
f 40/44/40 39/42/39 54/73/54 55/75/55
f 48/45/48 47/43/47 62/74/62 63/76/63
f 328/46/328 40/44/40 55/75/55 329/77/329
f 49/47/49 48/45/48 63/76/63 64/59/64
f 42/49/42 41/48/41 56/78/56 57/61/57
f 62/74/62 61/72/61 76/79/76 77/80/77
f 55/75/55 54/73/54 69/81/69 70/82/70
f 63/76/63 62/74/62 77/80/77 78/83/78
f 329/77/329 55/75/55 70/82/70 330/84/330
f 64/59/64 63/76/63 78/83/78 79/85/79
f 57/61/57 56/78/56 71/86/71 72/87/72
f 65/60/65 64/59/64 79/85/79 80/88/80
f 58/62/58 57/61/57 72/87/72 73/89/73
f 66/63/66 65/60/65 80/88/80 81/90/81
f 278/64/278 58/62/58 73/89/73 279/91/279
f 67/65/67 66/63/66 81/90/81 82/92/82
f 262/67/262 59/66/59 74/93/74 263/94/263
f 53/69/53 7/95/7 68/96/68
f 83/97/83 67/65/67 82/92/82
f 61/72/61 60/71/60 75/98/75 76/79/76
f 54/73/54 53/69/53 68/96/68 69/81/69
f 309/99/309 310/100/310 96/101/96 97/102/97
f 325/103/325 312/104/312 89/105/89 280/106/280
f 313/107/313 309/99/309 97/102/97 98/108/98
f 324/109/324 311/110/311 90/111/90 264/112/264
f 68/96/68 7/113/7 84/114/84 315/115/315
f 83/116/83 82/92/82 313/107/313 98/108/98
f 316/117/316 314/118/314 91/119/91 92/120/92
f 317/121/317 315/115/315 84/114/84 85/122/85
f 318/123/318 316/117/316 92/120/92 93/124/93
f 319/125/319 317/121/317 85/122/85 86/126/86
f 320/127/320 318/123/318 93/124/93 94/128/94
f 344/129/344 319/125/319 86/126/86 331/130/331
f 322/131/322 320/127/320 94/128/94 95/132/95
f 323/133/323 321/134/321 87/135/87 88/136/88
f 310/100/310 322/131/322 95/132/95 96/101/96
f 312/104/312 323/133/323 88/136/88 89/105/89
f 292/137/292 293/138/293 100/139/100 101/140/101
f 294/141/294 295/142/295 108/143/108 109/144/109
f 343/145/343 292/137/292 101/140/101 332/146/332
f 297/147/297 294/141/294 109/144/109 110/148/110
f 298/149/298 296/150/296 102/151/102 103/152/103
f 299/153/299 297/147/297 110/148/110 111/154/111
f 300/155/300 298/149/298 103/152/103 104/156/104
f 301/157/301 299/153/299 111/154/111 112/158/112
f 308/159/308 300/155/300 104/156/104 281/160/281
f 303/161/303 301/157/301 112/158/112 113/162/113
f 307/163/307 302/164/302 105/165/105 265/166/265
f 84/114/84 7/167/7 99/168/99 305/169/305
f 83/170/83 98/108/98 303/161/303 113/162/113
f 306/171/306 304/172/304 106/173/106 107/174/107
f 293/138/293 305/169/305 99/168/99 100/139/100
f 295/142/295 306/171/306 107/174/107 108/143/108
f 281/160/281 104/156/104 119/175/119 282/176/282
f 113/162/113 112/158/112 127/177/127 128/178/128
f 265/166/265 105/165/105 120/179/120 266/180/266
f 99/168/99 7/181/7 114/182/114
f 83/183/83 113/162/113 128/178/128
f 107/174/107 106/173/106 121/184/121 122/185/122
f 100/139/100 99/168/99 114/182/114 115/186/115
f 108/143/108 107/174/107 122/185/122 123/187/123
f 101/140/101 100/139/100 115/186/115 116/188/116
f 109/144/109 108/143/108 123/187/123 124/189/124
f 332/146/332 101/140/101 116/188/116 333/190/333
f 110/148/110 109/144/109 124/189/124 125/191/125
f 103/152/103 102/151/102 117/192/117 118/193/118
f 111/154/111 110/148/110 125/191/125 126/194/126
f 104/156/104 103/152/103 118/193/118 119/175/119
f 112/158/112 111/154/111 126/194/126 127/177/127
f 124/189/124 123/187/123 138/195/138 139/196/139
f 333/190/333 116/188/116 131/197/131 334/198/334
f 125/191/125 124/189/124 139/196/139 140/199/140
f 118/193/118 117/192/117 132/200/132 133/201/133
f 126/194/126 125/191/125 140/199/140 141/202/141
f 119/175/119 118/193/118 133/201/133 134/203/134
f 127/177/127 126/194/126 141/202/141 142/204/142
f 282/176/282 119/175/119 134/203/134 283/205/283
f 128/178/128 127/177/127 142/204/142 143/206/143
f 266/180/266 120/179/120 135/207/135 267/208/267
f 114/182/114 7/209/7 129/210/129
f 83/211/83 128/178/128 143/206/143
f 122/185/122 121/184/121 136/212/136 137/213/137
f 115/186/115 114/182/114 129/210/129 130/214/130
f 123/187/123 122/185/122 137/213/137 138/195/138
f 116/188/116 115/186/115 130/214/130 131/197/131
f 143/215/143 142/216/142 157/217/157 158/218/158
f 267/219/267 135/220/135 150/221/150 268/222/268
f 129/223/129 7/224/7 144/225/144
f 83/226/83 143/215/143 158/218/158
f 137/227/137 136/228/136 151/229/151 152/230/152
f 130/231/130 129/223/129 144/225/144 145/232/145
f 138/233/138 137/227/137 152/230/152 153/234/153
f 131/235/131 130/231/130 145/232/145 146/236/146
f 139/237/139 138/233/138 153/234/153 154/238/154
f 334/239/334 131/235/131 146/236/146 335/240/335
f 140/241/140 139/237/139 154/238/154 155/242/155
f 133/243/133 132/244/132 147/245/147 148/246/148
f 141/247/141 140/241/140 155/242/155 156/248/156
f 134/249/134 133/243/133 148/246/148 149/250/149
f 142/216/142 141/247/141 156/248/156 157/217/157
f 283/251/283 134/249/134 149/250/149 284/252/284
f 335/240/335 146/236/146 161/253/161 336/254/336
f 155/242/155 154/238/154 169/255/169 170/256/170
f 148/246/148 147/245/147 162/257/162 163/258/163
f 156/248/156 155/242/155 170/256/170 171/259/171
f 149/250/149 148/246/148 163/258/163 164/260/164
f 157/217/157 156/248/156 171/259/171 172/261/172
f 284/252/284 149/250/149 164/260/164 285/262/285
f 158/218/158 157/217/157 172/261/172 173/263/173
f 268/222/268 150/221/150 165/264/165 269/265/269
f 144/225/144 7/266/7 159/267/159
f 83/268/83 158/218/158 173/263/173
f 152/230/152 151/229/151 166/269/166 167/270/167
f 145/232/145 144/225/144 159/267/159 160/271/160
f 153/234/153 152/230/152 167/270/167 168/272/168
f 146/236/146 145/232/145 160/271/160 161/253/161
f 154/238/154 153/234/153 168/272/168 169/255/169
f 269/265/269 165/264/165 180/273/180 270/274/270
f 159/267/159 7/275/7 174/276/174
f 83/277/83 173/263/173 188/278/188
f 167/270/167 166/269/166 181/279/181 182/280/182
f 160/271/160 159/267/159 174/276/174 175/281/175
f 168/272/168 167/270/167 182/280/182 183/282/183
f 161/253/161 160/271/160 175/281/175 176/283/176
f 169/255/169 168/272/168 183/282/183 184/284/184
f 336/254/336 161/253/161 176/283/176 337/285/337
f 170/256/170 169/255/169 184/284/184 185/286/185
f 163/258/163 162/257/162 177/287/177 178/288/178
f 171/259/171 170/256/170 185/286/185 186/289/186
f 164/260/164 163/258/163 178/288/178 179/290/179
f 172/261/172 171/259/171 186/289/186 187/291/187
f 285/262/285 164/260/164 179/290/179 286/292/286
f 173/263/173 172/261/172 187/291/187 188/278/188
f 185/286/185 184/284/184 199/293/199 200/294/200
f 178/288/178 177/287/177 192/295/192 193/296/193
f 186/289/186 185/286/185 200/294/200 201/297/201
f 179/290/179 178/288/178 193/296/193 194/298/194
f 187/291/187 186/289/186 201/297/201 202/299/202
f 286/292/286 179/290/179 194/298/194 287/300/287
f 188/278/188 187/291/187 202/299/202 203/301/203
f 270/274/270 180/273/180 195/302/195 271/303/271
f 174/276/174 7/304/7 189/305/189
f 83/306/83 188/278/188 203/301/203
f 182/280/182 181/279/181 196/307/196 197/308/197
f 175/281/175 174/276/174 189/305/189 190/309/190
f 183/282/183 182/280/182 197/308/197 198/310/198
f 176/283/176 175/281/175 190/309/190 191/311/191
f 184/284/184 183/282/183 198/310/198 199/293/199
f 337/285/337 176/283/176 191/311/191 338/312/338
f 83/313/83 203/301/203 218/314/218
f 197/308/197 196/307/196 211/315/211 212/316/212
f 190/309/190 189/305/189 204/317/204 205/318/205
f 198/310/198 197/308/197 212/316/212 213/319/213
f 191/311/191 190/309/190 205/318/205 206/320/206
f 199/293/199 198/310/198 213/319/213 214/321/214
f 338/312/338 191/311/191 206/320/206 339/322/339
f 200/294/200 199/293/199 214/321/214 215/323/215
f 193/296/193 192/295/192 207/324/207 208/325/208
f 201/297/201 200/294/200 215/323/215 216/326/216
f 194/298/194 193/296/193 208/325/208 209/327/209
f 202/299/202 201/297/201 216/326/216 217/328/217
f 287/300/287 194/298/194 209/327/209 288/329/288
f 203/301/203 202/299/202 217/328/217 218/314/218
f 271/303/271 195/302/195 210/330/210 272/331/272
f 189/305/189 7/332/7 204/317/204
f 216/326/216 215/323/215 230/333/230 231/334/231
f 209/327/209 208/325/208 223/335/223 224/336/224
f 217/328/217 216/326/216 231/334/231 232/337/232
f 288/329/288 209/327/209 224/336/224 289/338/289
f 218/314/218 217/328/217 232/337/232 233/339/233
f 272/331/272 210/330/210 225/340/225 273/341/273
f 204/317/204 7/342/7 219/343/219
f 83/344/83 218/314/218 233/339/233
f 212/316/212 211/315/211 226/345/226 227/346/227
f 205/318/205 204/317/204 219/343/219 220/347/220
f 213/319/213 212/316/212 227/346/227 228/348/228
f 206/320/206 205/318/205 220/347/220 221/349/221
f 214/321/214 213/319/213 228/348/228 229/350/229
f 339/322/339 206/320/206 221/349/221 340/351/340
f 215/323/215 214/321/214 229/350/229 230/333/230
f 208/325/208 207/324/207 222/352/222 223/335/223
f 220/347/220 219/343/219 234/353/234 235/354/235
f 228/348/228 227/346/227 242/355/242 243/356/243
f 221/349/221 220/347/220 235/354/235 236/357/236
f 229/350/229 228/348/228 243/356/243 244/358/244
f 340/351/340 221/349/221 236/357/236 341/359/341
f 230/333/230 229/350/229 244/358/244 245/360/245
f 223/335/223 222/352/222 237/361/237 238/362/238
f 231/334/231 230/333/230 245/360/245 246/363/246
f 224/336/224 223/335/223 238/362/238 239/364/239
f 232/337/232 231/334/231 246/363/246 247/365/247
f 289/338/289 224/336/224 239/364/239 290/366/290
f 233/339/233 232/337/232 247/365/247 248/367/248
f 273/341/273 225/340/225 240/368/240 274/369/274
f 219/343/219 7/370/7 234/353/234
f 83/371/83 233/339/233 248/367/248
f 227/346/227 226/345/226 241/372/241 242/355/242
f 239/364/239 238/362/238 2/373/2 252/374/252
f 247/365/247 246/363/246 255/375/255 256/376/256
f 290/366/290 239/364/239 252/374/252 291/377/291
f 248/367/248 247/365/247 256/376/256 257/378/257
f 274/369/274 240/368/240 3/379/3 258/380/258
f 234/353/234 7/381/7 249/382/249
f 83/383/83 248/367/248 257/378/257
f 242/355/242 241/372/241 4/384/4 5/385/5
f 235/354/235 234/353/234 249/382/249 250/386/250
f 243/356/243 242/355/242 5/385/5 253/387/253
f 236/357/236 235/354/235 250/386/250 1/388/1
f 244/358/244 243/356/243 253/387/253 6/389/6
f 341/359/341 236/357/236 1/388/1 342/390/342
f 245/360/245 244/358/244 6/389/6 254/391/254
f 238/362/238 237/361/237 251/392/251 2/373/2
f 246/363/246 245/360/245 254/391/254 255/375/255
f 241/372/241 274/369/274 258/380/258 4/384/4
f 226/345/226 273/341/273 274/369/274 241/372/241
f 211/315/211 272/331/272 273/341/273 226/345/226
f 196/307/196 271/303/271 272/331/272 211/315/211
f 181/279/181 270/274/270 271/303/271 196/307/196
f 166/269/166 269/265/269 270/274/270 181/279/181
f 151/229/151 268/222/268 269/265/269 166/269/166
f 136/228/136 267/219/267 268/222/268 151/229/151
f 121/184/121 266/180/266 267/208/267 136/212/136
f 106/173/106 265/166/265 266/180/266 121/184/121
f 304/172/304 307/163/307 265/166/265 106/173/106
f 314/118/314 324/109/324 264/112/264 91/119/91
f 60/71/60 262/67/262 263/94/263 75/98/75
f 45/39/45 261/56/261 262/67/262 60/71/60
f 30/27/30 260/20/260 261/56/261 45/39/45
f 15/26/15 259/17/259 260/20/260 30/27/30
f 240/368/240 290/366/290 291/377/291 3/379/3
f 225/340/225 289/338/289 290/366/290 240/368/240
f 210/330/210 288/329/288 289/338/289 225/340/225
f 195/302/195 287/300/287 288/329/288 210/330/210
f 180/273/180 286/292/286 287/300/287 195/302/195
f 165/264/165 285/262/285 286/292/286 180/273/180
f 150/221/150 284/252/284 285/262/285 165/264/165
f 135/220/135 283/251/283 284/252/284 150/221/150
f 120/179/120 282/176/282 283/205/283 135/207/135
f 105/165/105 281/160/281 282/176/282 120/179/120
f 302/164/302 308/159/308 281/160/281 105/165/105
f 311/110/311 325/103/325 280/106/280 90/111/90
f 59/66/59 278/64/278 279/91/279 74/93/74
f 44/55/44 277/53/277 278/64/278 59/66/59
f 29/19/29 276/14/276 277/53/277 44/55/44
f 14/18/14 275/13/275 276/14/276 29/19/29
f 90/111/90 280/106/280 308/159/308 302/164/302
f 91/119/91 264/112/264 307/163/307 304/172/304
f 93/124/93 92/120/92 306/171/306 295/142/295
f 85/122/85 84/114/84 305/169/305 293/138/293
f 92/120/92 91/119/91 304/172/304 306/171/306
f 264/112/264 90/111/90 302/164/302 307/163/307
f 98/108/98 97/102/97 301/157/301 303/161/303
f 280/106/280 89/105/89 300/155/300 308/159/308
f 97/102/97 96/101/96 299/153/299 301/157/301
f 89/105/89 88/136/88 298/149/298 300/155/300
f 96/101/96 95/132/95 297/147/297 299/153/299
f 88/136/88 87/135/87 296/150/296 298/149/298
f 95/132/95 94/128/94 294/141/294 297/147/297
f 331/130/331 86/126/86 292/137/292 343/145/343
f 94/128/94 93/124/93 295/142/295 294/141/294
f 86/126/86 85/122/85 293/138/293 292/137/292
f 74/93/74 279/91/279 325/103/325 311/110/311
f 75/98/75 263/94/263 324/109/324 314/118/314
f 73/89/73 72/87/72 323/133/323 312/104/312
f 80/88/80 79/85/79 322/131/322 310/100/310
f 72/87/72 71/86/71 321/134/321 323/133/323
f 79/85/79 78/83/78 320/127/320 322/131/322
f 330/84/330 70/82/70 319/125/319 344/129/344
f 78/83/78 77/80/77 318/123/318 320/127/320
f 70/82/70 69/81/69 317/121/317 319/125/319
f 77/80/77 76/79/76 316/117/316 318/123/318
f 69/81/69 68/96/68 315/115/315 317/121/317
f 76/79/76 75/98/75 314/118/314 316/117/316
f 263/94/263 74/93/74 311/110/311 324/109/324
f 82/92/82 81/90/81 309/99/309 313/107/313
f 279/91/279 73/89/73 312/104/312 325/103/325
f 81/90/81 80/88/80 310/100/310 309/99/309
f 71/86/71 330/84/330 344/129/344 321/134/321
f 87/135/87 331/130/331 343/145/343 296/150/296
f 237/361/237 341/359/341 342/390/342 251/392/251
f 222/352/222 340/351/340 341/359/341 237/361/237
f 207/324/207 339/322/339 340/351/340 222/352/222
f 192/295/192 338/312/338 339/322/339 207/324/207
f 177/287/177 337/285/337 338/312/338 192/295/192
f 162/257/162 336/254/336 337/285/337 177/287/177
f 147/245/147 335/240/335 336/254/336 162/257/162
f 132/244/132 334/239/334 335/240/335 147/245/147
f 117/192/117 333/190/333 334/198/334 132/200/132
f 102/151/102 332/146/332 333/190/333 117/192/117
f 296/150/296 343/145/343 332/146/332 102/151/102
f 321/134/321 344/129/344 331/130/331 87/135/87
f 56/78/56 329/77/329 330/84/330 71/86/71
f 41/48/41 328/46/328 329/77/329 56/78/56
f 26/3/26 327/38/327 328/46/328 41/48/41
f 11/2/11 326/37/326 327/38/327 26/3/26
f 12/1/12 349/4/349 348/3/348 11/2/11
f 20/5/20 357/8/357 356/7/356 19/6/19
f 13/9/13 350/10/350 349/4/349 12/1/12
f 21/11/21 358/12/358 357/8/357 20/5/20
f 275/13/275 585/14/585 350/10/350 13/9/13
f 22/15/22 359/16/359 358/12/358 21/11/21
f 259/17/259 570/20/570 351/19/351 14/18/14
f 8/21/8 345/23/345 7/22/7
f 83/24/83 359/16/359 22/15/22
f 16/25/16 353/28/353 352/27/352 15/26/15
f 9/29/9 346/30/346 345/23/345 8/21/8
f 17/31/17 354/32/354 353/28/353 16/25/16
f 10/33/10 347/34/347 346/30/346 9/29/9
f 18/35/18 355/36/355 354/32/354 17/31/17
f 326/37/326 634/38/634 347/34/347 10/33/10
f 19/6/19 356/7/356 355/36/355 18/35/18
f 353/28/353 368/40/368 367/39/367 352/27/352
f 346/30/346 361/42/361 360/41/360 345/23/345
f 354/32/354 369/43/369 368/40/368 353/28/353
f 347/34/347 362/44/362 361/42/361 346/30/346
f 355/36/355 370/45/370 369/43/369 354/32/354
f 634/38/634 635/46/635 362/44/362 347/34/347
f 356/7/356 371/47/371 370/45/370 355/36/355
f 349/4/349 364/49/364 363/48/363 348/3/348
f 357/8/357 372/50/372 371/47/371 356/7/356
f 350/10/350 365/51/365 364/49/364 349/4/349
f 358/12/358 373/52/373 372/50/372 357/8/357
f 585/14/585 586/53/586 365/51/365 350/10/350
f 359/16/359 374/54/374 373/52/373 358/12/358
f 570/20/570 571/56/571 366/55/366 351/19/351
f 345/23/345 360/41/360 7/57/7
f 83/58/83 374/54/374 359/16/359
f 372/50/372 387/60/387 386/59/386 371/47/371
f 365/51/365 380/62/380 379/61/379 364/49/364
f 373/52/373 388/63/388 387/60/387 372/50/372
f 586/53/586 587/64/587 380/62/380 365/51/365
f 374/54/374 389/65/389 388/63/388 373/52/373
f 571/56/571 572/67/572 381/66/381 366/55/366
f 360/41/360 375/69/375 7/68/7
f 83/70/83 389/65/389 374/54/374
f 368/40/368 383/72/383 382/71/382 367/39/367
f 361/42/361 376/73/376 375/69/375 360/41/360
f 369/43/369 384/74/384 383/72/383 368/40/368
f 362/44/362 377/75/377 376/73/376 361/42/361
f 370/45/370 385/76/385 384/74/384 369/43/369
f 635/46/635 636/77/636 377/75/377 362/44/362
f 371/47/371 386/59/386 385/76/385 370/45/370
f 364/49/364 379/61/379 378/78/378 363/48/363
f 384/74/384 399/80/399 398/79/398 383/72/383
f 377/75/377 392/82/392 391/81/391 376/73/376
f 385/76/385 400/83/400 399/80/399 384/74/384
f 636/77/636 637/84/637 392/82/392 377/75/377
f 386/59/386 401/85/401 400/83/400 385/76/385
f 379/61/379 394/87/394 393/86/393 378/78/378
f 387/60/387 402/88/402 401/85/401 386/59/386
f 380/62/380 395/89/395 394/87/394 379/61/379
f 388/63/388 403/90/403 402/88/402 387/60/387
f 587/64/587 588/91/588 395/89/395 380/62/380
f 389/65/389 404/92/404 403/90/403 388/63/388
f 572/67/572 573/94/573 396/93/396 381/66/381
f 375/69/375 390/96/390 7/95/7
f 83/97/83 404/92/404 389/65/389
f 383/72/383 398/79/398 397/98/397 382/71/382
f 376/73/376 391/81/391 390/96/390 375/69/375
f 617/99/617 418/102/418 417/101/417 618/100/618
f 633/103/633 589/106/589 410/105/410 620/104/620
f 621/107/621 419/108/419 418/102/418 617/99/617
f 632/109/632 574/112/574 411/111/411 619/110/619
f 390/96/390 623/115/623 405/114/405 7/113/7
f 83/116/83 419/108/419 621/107/621 404/92/404
f 624/117/624 413/120/413 412/119/412 622/118/622
f 625/121/625 406/122/406 405/114/405 623/115/623
f 626/123/626 414/124/414 413/120/413 624/117/624
f 627/125/627 407/126/407 406/122/406 625/121/625
f 628/127/628 415/128/415 414/124/414 626/123/626
f 650/129/650 638/130/638 407/126/407 627/125/627
f 630/131/630 416/132/416 415/128/415 628/127/628
f 631/133/631 409/136/409 408/135/408 629/134/629
f 618/100/618 417/101/417 416/132/416 630/131/630
f 620/104/620 410/105/410 409/136/409 631/133/631
f 600/137/600 422/140/422 421/139/421 601/138/601
f 602/141/602 430/144/430 429/143/429 603/142/603
f 649/145/649 639/146/639 422/140/422 600/137/600
f 605/147/605 431/148/431 430/144/430 602/141/602
f 606/149/606 424/152/424 423/151/423 604/150/604
f 607/153/607 432/154/432 431/148/431 605/147/605
f 608/155/608 425/156/425 424/152/424 606/149/606
f 609/157/609 433/158/433 432/154/432 607/153/607
f 616/159/616 590/160/590 425/156/425 608/155/608
f 611/161/611 434/162/434 433/158/433 609/157/609
f 615/163/615 575/166/575 426/165/426 610/164/610
f 405/114/405 613/169/613 420/168/420 7/167/7
f 83/170/83 434/162/434 611/161/611 419/108/419
f 614/171/614 428/174/428 427/173/427 612/172/612
f 601/138/601 421/139/421 420/168/420 613/169/613
f 603/142/603 429/143/429 428/174/428 614/171/614
f 590/160/590 591/176/591 440/175/440 425/156/425
f 434/162/434 449/178/449 448/177/448 433/158/433
f 575/166/575 576/180/576 441/179/441 426/165/426
f 420/168/420 435/182/435 7/181/7
f 83/183/83 449/178/449 434/162/434
f 428/174/428 443/185/443 442/184/442 427/173/427
f 421/139/421 436/186/436 435/182/435 420/168/420
f 429/143/429 444/187/444 443/185/443 428/174/428
f 422/140/422 437/188/437 436/186/436 421/139/421
f 430/144/430 445/189/445 444/187/444 429/143/429
f 639/146/639 640/190/640 437/188/437 422/140/422
f 431/148/431 446/191/446 445/189/445 430/144/430
f 424/152/424 439/193/439 438/192/438 423/151/423
f 432/154/432 447/194/447 446/191/446 431/148/431
f 425/156/425 440/175/440 439/193/439 424/152/424
f 433/158/433 448/177/448 447/194/447 432/154/432
f 445/189/445 460/196/460 459/195/459 444/187/444
f 640/190/640 641/198/641 452/197/452 437/188/437
f 446/191/446 461/199/461 460/196/460 445/189/445
f 439/193/439 454/201/454 453/200/453 438/192/438
f 447/194/447 462/202/462 461/199/461 446/191/446
f 440/175/440 455/203/455 454/201/454 439/193/439
f 448/177/448 463/204/463 462/202/462 447/194/447
f 591/176/591 592/205/592 455/203/455 440/175/440
f 449/178/449 464/206/464 463/204/463 448/177/448
f 576/180/576 577/208/577 456/207/456 441/179/441
f 435/182/435 450/210/450 7/209/7
f 83/211/83 464/206/464 449/178/449
f 443/185/443 458/213/458 457/212/457 442/184/442
f 436/186/436 451/214/451 450/210/450 435/182/435
f 444/187/444 459/195/459 458/213/458 443/185/443
f 437/188/437 452/197/452 451/214/451 436/186/436
f 464/215/464 479/218/479 478/217/478 463/216/463
f 577/219/577 578/222/578 471/221/471 456/220/456
f 450/223/450 465/225/465 7/224/7
f 83/226/83 479/218/479 464/215/464
f 458/227/458 473/230/473 472/229/472 457/228/457
f 451/231/451 466/232/466 465/225/465 450/223/450
f 459/233/459 474/234/474 473/230/473 458/227/458
f 452/235/452 467/236/467 466/232/466 451/231/451
f 460/237/460 475/238/475 474/234/474 459/233/459
f 641/239/641 642/240/642 467/236/467 452/235/452
f 461/241/461 476/242/476 475/238/475 460/237/460
f 454/243/454 469/246/469 468/245/468 453/244/453
f 462/247/462 477/248/477 476/242/476 461/241/461
f 455/249/455 470/250/470 469/246/469 454/243/454
f 463/216/463 478/217/478 477/248/477 462/247/462
f 592/251/592 593/252/593 470/250/470 455/249/455
f 642/240/642 643/254/643 482/253/482 467/236/467
f 476/242/476 491/256/491 490/255/490 475/238/475
f 469/246/469 484/258/484 483/257/483 468/245/468
f 477/248/477 492/259/492 491/256/491 476/242/476
f 470/250/470 485/260/485 484/258/484 469/246/469
f 478/217/478 493/261/493 492/259/492 477/248/477
f 593/252/593 594/262/594 485/260/485 470/250/470
f 479/218/479 494/263/494 493/261/493 478/217/478
f 578/222/578 579/265/579 486/264/486 471/221/471
f 465/225/465 480/267/480 7/266/7
f 83/268/83 494/263/494 479/218/479
f 473/230/473 488/270/488 487/269/487 472/229/472
f 466/232/466 481/271/481 480/267/480 465/225/465
f 474/234/474 489/272/489 488/270/488 473/230/473
f 467/236/467 482/253/482 481/271/481 466/232/466
f 475/238/475 490/255/490 489/272/489 474/234/474
f 579/265/579 580/274/580 501/273/501 486/264/486
f 480/267/480 495/276/495 7/275/7
f 83/277/83 509/278/509 494/263/494
f 488/270/488 503/280/503 502/279/502 487/269/487
f 481/271/481 496/281/496 495/276/495 480/267/480
f 489/272/489 504/282/504 503/280/503 488/270/488
f 482/253/482 497/283/497 496/281/496 481/271/481
f 490/255/490 505/284/505 504/282/504 489/272/489
f 643/254/643 644/285/644 497/283/497 482/253/482
f 491/256/491 506/286/506 505/284/505 490/255/490
f 484/258/484 499/288/499 498/287/498 483/257/483
f 492/259/492 507/289/507 506/286/506 491/256/491
f 485/260/485 500/290/500 499/288/499 484/258/484
f 493/261/493 508/291/508 507/289/507 492/259/492
f 594/262/594 595/292/595 500/290/500 485/260/485
f 494/263/494 509/278/509 508/291/508 493/261/493
f 506/286/506 521/294/521 520/293/520 505/284/505
f 499/288/499 514/296/514 513/295/513 498/287/498
f 507/289/507 522/297/522 521/294/521 506/286/506
f 500/290/500 515/298/515 514/296/514 499/288/499
f 508/291/508 523/299/523 522/297/522 507/289/507
f 595/292/595 596/300/596 515/298/515 500/290/500
f 509/278/509 524/301/524 523/299/523 508/291/508
f 580/274/580 581/303/581 516/302/516 501/273/501
f 495/276/495 510/305/510 7/304/7
f 83/306/83 524/301/524 509/278/509
f 503/280/503 518/308/518 517/307/517 502/279/502
f 496/281/496 511/309/511 510/305/510 495/276/495
f 504/282/504 519/310/519 518/308/518 503/280/503
f 497/283/497 512/311/512 511/309/511 496/281/496
f 505/284/505 520/293/520 519/310/519 504/282/504
f 644/285/644 645/312/645 512/311/512 497/283/497
f 83/313/83 539/314/539 524/301/524
f 518/308/518 533/316/533 532/315/532 517/307/517
f 511/309/511 526/318/526 525/317/525 510/305/510
f 519/310/519 534/319/534 533/316/533 518/308/518
f 512/311/512 527/320/527 526/318/526 511/309/511
f 520/293/520 535/321/535 534/319/534 519/310/519
f 645/312/645 646/322/646 527/320/527 512/311/512
f 521/294/521 536/323/536 535/321/535 520/293/520
f 514/296/514 529/325/529 528/324/528 513/295/513
f 522/297/522 537/326/537 536/323/536 521/294/521
f 515/298/515 530/327/530 529/325/529 514/296/514
f 523/299/523 538/328/538 537/326/537 522/297/522
f 596/300/596 597/329/597 530/327/530 515/298/515
f 524/301/524 539/314/539 538/328/538 523/299/523
f 581/303/581 582/331/582 531/330/531 516/302/516
f 510/305/510 525/317/525 7/332/7
f 537/326/537 552/334/552 551/333/551 536/323/536
f 530/327/530 545/336/545 544/335/544 529/325/529
f 538/328/538 553/337/553 552/334/552 537/326/537
f 597/329/597 598/338/598 545/336/545 530/327/530
f 539/314/539 554/339/554 553/337/553 538/328/538
f 582/331/582 583/341/583 546/340/546 531/330/531
f 525/317/525 540/343/540 7/342/7
f 83/344/83 554/339/554 539/314/539
f 533/316/533 548/346/548 547/345/547 532/315/532
f 526/318/526 541/347/541 540/343/540 525/317/525
f 534/319/534 549/348/549 548/346/548 533/316/533
f 527/320/527 542/349/542 541/347/541 526/318/526
f 535/321/535 550/350/550 549/348/549 534/319/534
f 646/322/646 647/351/647 542/349/542 527/320/527
f 536/323/536 551/333/551 550/350/550 535/321/535
f 529/325/529 544/335/544 543/352/543 528/324/528
f 541/347/541 556/354/556 555/353/555 540/343/540
f 549/348/549 564/356/564 563/355/563 548/346/548
f 542/349/542 557/357/557 556/354/556 541/347/541
f 550/350/550 565/358/565 564/356/564 549/348/549
f 647/351/647 648/359/648 557/357/557 542/349/542
f 551/333/551 566/360/566 565/358/565 550/350/550
f 544/335/544 559/362/559 558/361/558 543/352/543
f 552/334/552 567/363/567 566/360/566 551/333/551
f 545/336/545 560/364/560 559/362/559 544/335/544
f 553/337/553 568/365/568 567/363/567 552/334/552
f 598/338/598 599/366/599 560/364/560 545/336/545
f 554/339/554 569/367/569 568/365/568 553/337/553
f 583/341/583 584/369/584 561/368/561 546/340/546
f 540/343/540 555/353/555 7/370/7
f 83/371/83 569/367/569 554/339/554
f 548/346/548 563/355/563 562/372/562 547/345/547
f 560/364/560 252/374/252 2/373/2 559/362/559
f 568/365/568 256/376/256 255/375/255 567/363/567
f 599/366/599 291/377/291 252/374/252 560/364/560
f 569/367/569 257/378/257 256/376/256 568/365/568
f 584/369/584 258/380/258 3/379/3 561/368/561
f 555/353/555 249/382/249 7/381/7
f 83/383/83 257/378/257 569/367/569
f 563/355/563 5/385/5 4/384/4 562/372/562
f 556/354/556 250/386/250 249/382/249 555/353/555
f 564/356/564 253/387/253 5/385/5 563/355/563
f 557/357/557 1/388/1 250/386/250 556/354/556
f 565/358/565 6/389/6 253/387/253 564/356/564
f 648/359/648 342/390/342 1/388/1 557/357/557
f 566/360/566 254/391/254 6/389/6 565/358/565
f 559/362/559 2/373/2 251/392/251 558/361/558
f 567/363/567 255/375/255 254/391/254 566/360/566
f 562/372/562 4/384/4 258/380/258 584/369/584
f 547/345/547 562/372/562 584/369/584 583/341/583
f 532/315/532 547/345/547 583/341/583 582/331/582
f 517/307/517 532/315/532 582/331/582 581/303/581
f 502/279/502 517/307/517 581/303/581 580/274/580
f 487/269/487 502/279/502 580/274/580 579/265/579
f 472/229/472 487/269/487 579/265/579 578/222/578
f 457/228/457 472/229/472 578/222/578 577/219/577
f 442/184/442 457/212/457 577/208/577 576/180/576
f 427/173/427 442/184/442 576/180/576 575/166/575
f 612/172/612 427/173/427 575/166/575 615/163/615
f 622/118/622 412/119/412 574/112/574 632/109/632
f 382/71/382 397/98/397 573/94/573 572/67/572
f 367/39/367 382/71/382 572/67/572 571/56/571
f 352/27/352 367/39/367 571/56/571 570/20/570
f 15/26/15 352/27/352 570/20/570 259/17/259
f 561/368/561 3/379/3 291/377/291 599/366/599
f 546/340/546 561/368/561 599/366/599 598/338/598
f 531/330/531 546/340/546 598/338/598 597/329/597
f 516/302/516 531/330/531 597/329/597 596/300/596
f 501/273/501 516/302/516 596/300/596 595/292/595
f 486/264/486 501/273/501 595/292/595 594/262/594
f 471/221/471 486/264/486 594/262/594 593/252/593
f 456/220/456 471/221/471 593/252/593 592/251/592
f 441/179/441 456/207/456 592/205/592 591/176/591
f 426/165/426 441/179/441 591/176/591 590/160/590
f 610/164/610 426/165/426 590/160/590 616/159/616
f 619/110/619 411/111/411 589/106/589 633/103/633
f 381/66/381 396/93/396 588/91/588 587/64/587
f 366/55/366 381/66/381 587/64/587 586/53/586
f 351/19/351 366/55/366 586/53/586 585/14/585
f 14/18/14 351/19/351 585/14/585 275/13/275
f 411/111/411 610/164/610 616/159/616 589/106/589
f 412/119/412 612/172/612 615/163/615 574/112/574
f 414/124/414 603/142/603 614/171/614 413/120/413
f 406/122/406 601/138/601 613/169/613 405/114/405
f 413/120/413 614/171/614 612/172/612 412/119/412
f 574/112/574 615/163/615 610/164/610 411/111/411
f 419/108/419 611/161/611 609/157/609 418/102/418
f 589/106/589 616/159/616 608/155/608 410/105/410
f 418/102/418 609/157/609 607/153/607 417/101/417
f 410/105/410 608/155/608 606/149/606 409/136/409
f 417/101/417 607/153/607 605/147/605 416/132/416
f 409/136/409 606/149/606 604/150/604 408/135/408
f 416/132/416 605/147/605 602/141/602 415/128/415
f 638/130/638 649/145/649 600/137/600 407/126/407
f 415/128/415 602/141/602 603/142/603 414/124/414
f 407/126/407 600/137/600 601/138/601 406/122/406
f 396/93/396 619/110/619 633/103/633 588/91/588
f 397/98/397 622/118/622 632/109/632 573/94/573
f 395/89/395 620/104/620 631/133/631 394/87/394
f 402/88/402 618/100/618 630/131/630 401/85/401
f 394/87/394 631/133/631 629/134/629 393/86/393
f 401/85/401 630/131/630 628/127/628 400/83/400
f 637/84/637 650/129/650 627/125/627 392/82/392
f 400/83/400 628/127/628 626/123/626 399/80/399
f 392/82/392 627/125/627 625/121/625 391/81/391
f 399/80/399 626/123/626 624/117/624 398/79/398
f 391/81/391 625/121/625 623/115/623 390/96/390
f 398/79/398 624/117/624 622/118/622 397/98/397
f 573/94/573 632/109/632 619/110/619 396/93/396
f 404/92/404 621/107/621 617/99/617 403/90/403
f 588/91/588 633/103/633 620/104/620 395/89/395
f 403/90/403 617/99/617 618/100/618 402/88/402
f 393/86/393 629/134/629 650/129/650 637/84/637
f 408/135/408 604/150/604 649/145/649 638/130/638
f 558/361/558 251/392/251 342/390/342 648/359/648
f 543/352/543 558/361/558 648/359/648 647/351/647
f 528/324/528 543/352/543 647/351/647 646/322/646
f 513/295/513 528/324/528 646/322/646 645/312/645
f 498/287/498 513/295/513 645/312/645 644/285/644
f 483/257/483 498/287/498 644/285/644 643/254/643
f 468/245/468 483/257/483 643/254/643 642/240/642
f 453/244/453 468/245/468 642/240/642 641/239/641
f 438/192/438 453/200/453 641/198/641 640/190/640
f 423/151/423 438/192/438 640/190/640 639/146/639
f 604/150/604 423/151/423 639/146/639 649/145/649
f 629/134/629 408/135/408 638/130/638 650/129/650
f 378/78/378 393/86/393 637/84/637 636/77/636
f 363/48/363 378/78/378 636/77/636 635/46/635
f 348/3/348 363/48/363 635/46/635 634/38/634
f 11/2/11 348/3/348 634/38/634 326/37/326
o eyes
v -0.455134 2.417525 0.613945
v -0.455134 2.325953 0.522372
v -0.455134 2.206308 0.472813
v -0.455134 2.141556 0.466436
v -0.455134 2.076804 0.472813
v -0.455134 1.957159 0.522372
v -0.442501 2.467084 0.734834
v -0.430354 2.448197 0.673767
v -0.419160 2.417525 0.617488
v -0.409347 2.376249 0.568158
v -0.401295 2.325953 0.527675
v -0.395311 2.268571 0.497593
v -0.391626 2.206308 0.479068
v -0.390382 2.141556 0.472813
v -0.391626 2.076804 0.479068
v -0.395311 2.014541 0.497593
v -0.401295 1.957159 0.527675
v -0.409347 1.906863 0.568158
v -0.419160 1.865587 0.617488
v -0.430354 1.834915 0.673767
v -0.442501 1.816028 0.734834
v -0.430354 2.467084 0.738519
v -0.406527 2.448197 0.680995
v -0.384568 2.417525 0.627981
v -0.365321 2.376249 0.581514
v -0.349525 2.325953 0.543379
v -0.337787 2.268571 0.515042
v -0.330559 2.206308 0.497593
v -0.328119 2.141556 0.491701
v -0.330559 2.076804 0.497593
v -0.337787 2.014541 0.515042
v -0.349525 1.957159 0.543379
v -0.365321 1.906863 0.581514
v -0.384568 1.865587 0.627981
v -0.406527 1.834915 0.680995
v -0.430354 1.816028 0.738519
v -0.419160 2.467084 0.744503
v -0.384568 2.448197 0.692733
v -0.352688 2.417525 0.645021
v -0.324745 2.376249 0.603202
v -0.301813 2.325953 0.568881
v -0.284773 2.268571 0.543379
v -0.274280 2.206308 0.527675
v -0.270737 2.141556 0.522372
v -0.274280 2.076804 0.527675
v -0.284773 2.014541 0.543379
v -0.301813 1.957159 0.568881
v -0.324745 1.906863 0.603202
v -0.352688 1.865587 0.645021
v -0.384568 1.834915 0.692733
v -0.419160 1.816028 0.744503
v -0.409347 2.467084 0.752555
v -0.365321 2.448197 0.708529
v -0.324745 2.417525 0.667953
v -0.289181 2.376249 0.632389
v -0.259994 2.325953 0.603202
v -0.238306 2.268571 0.581514
v -0.224951 2.206308 0.568158
v -0.220441 2.141556 0.563649
v -0.224951 2.076804 0.568158
v -0.238306 2.014541 0.581514
v -0.259994 1.957159 0.603202
v -0.289181 1.906863 0.632389
v -0.324745 1.865587 0.667953
v -0.365321 1.834915 0.708529
v -0.409347 1.816028 0.752555
v -0.401295 2.467084 0.762367
v -0.349525 2.448197 0.727776
v -0.301813 2.417525 0.695896
v -0.259994 2.376249 0.667953
v -0.225674 2.325953 0.645021
v -0.200171 2.268571 0.627981
v -0.184467 2.206308 0.617488
v -0.179164 2.141556 0.613945
v -0.184467 2.076804 0.617488
v -0.200171 2.014541 0.627981
v -0.225674 1.957159 0.645021
v -0.259994 1.906863 0.667953
v -0.301813 1.865587 0.695896
v -0.349525 1.834915 0.727776
v -0.401295 1.816028 0.762367
v -0.455134 2.473462 0.798342
v -0.395311 2.467084 0.773562
v -0.337787 2.448197 0.749735
v -0.284773 2.417525 0.727776
v -0.238306 2.376249 0.708529
v -0.200171 2.325953 0.692733
v -0.171835 2.268571 0.680995
v -0.154385 2.206308 0.673767
v -0.148493 2.141556 0.671327
v -0.154385 2.076804 0.673767
v -0.171835 2.014541 0.680995
v -0.200171 1.957159 0.692733
v -0.238306 1.906863 0.708529
v -0.284773 1.865587 0.727776
v -0.337787 1.834915 0.749735
v -0.395311 1.816028 0.773562
v -0.391626 2.467084 0.785709
v -0.330560 2.448197 0.773562
v -0.274280 2.417525 0.762367
v -0.224951 2.376249 0.752555
v -0.184467 2.325953 0.744503
v -0.154385 2.268571 0.738519
v -0.135861 2.206308 0.734834
v -0.129606 2.141556 0.733590
v -0.135861 2.076804 0.734834
v -0.154385 2.014541 0.738519
v -0.184467 1.957159 0.744503
v -0.224951 1.906863 0.752555
v -0.274280 1.865587 0.762367
v -0.330560 1.834915 0.773562
v -0.391626 1.816028 0.785709
v -0.390382 2.467084 0.798342
v -0.328119 2.448197 0.798342
v -0.270737 2.417525 0.798342
v -0.220441 2.376249 0.798342
v -0.179164 2.325953 0.798342
v -0.148493 2.268571 0.798342
v -0.129606 2.206308 0.798342
v -0.123228 2.141556 0.798342
v -0.129606 2.076804 0.798342
v -0.148493 2.014541 0.798342
v -0.179164 1.957159 0.798342
v -0.220441 1.906863 0.798342
v -0.270737 1.865587 0.798342
v -0.328119 1.834915 0.798342
v -0.390382 1.816028 0.798342
v -0.391626 2.467084 0.810974
v -0.330560 2.448197 0.823121
v -0.274280 2.417525 0.834316
v -0.224951 2.376249 0.844128
v -0.184467 2.325953 0.852180
v -0.154385 2.268571 0.858164
v -0.135861 2.206308 0.861849
v -0.129606 2.141556 0.863093
v -0.135861 2.076804 0.861849
v -0.154385 2.014541 0.858164
v -0.184467 1.957159 0.852180
v -0.224951 1.906863 0.844128
v -0.274280 1.865587 0.834316
v -0.330560 1.834915 0.823121
v -0.391626 1.816028 0.810974
v -0.395311 2.467084 0.823121
v -0.337787 2.448197 0.846948
v -0.284773 2.417525 0.868907
v -0.238306 2.376249 0.888155
v -0.200171 2.325953 0.903950
v -0.171835 2.268571 0.915688
v -0.154385 2.206308 0.922916
v -0.148493 2.141556 0.925356
v -0.154385 2.076804 0.922916
v -0.171835 2.014541 0.915688
v -0.200171 1.957159 0.903950
v -0.238306 1.906863 0.888155
v -0.284773 1.865587 0.868907
v -0.337787 1.834915 0.846948
v -0.395311 1.816028 0.823121
v -0.401295 2.467084 0.834316
v -0.349525 2.448197 0.868907
v -0.301813 2.417525 0.900787
v -0.259994 2.376249 0.928730
v -0.225674 2.325953 0.951662
v -0.200171 2.268571 0.968702
v -0.184467 2.206308 0.979195
v -0.179164 2.141556 0.982738
v -0.184467 2.076804 0.979195
v -0.200171 2.014541 0.968702
v -0.225674 1.957159 0.951662
v -0.259994 1.906863 0.928730
v -0.301813 1.865587 0.900787
v -0.349525 1.834915 0.868907
v -0.401295 1.816028 0.834316
v -0.409347 2.467084 0.844128
v -0.365321 2.448197 0.888155
v -0.324746 2.417525 0.928730
v -0.289181 2.376249 0.964294
v -0.259994 2.325953 0.993481
v -0.238306 2.268571 1.015169
v -0.224951 2.206308 1.028525
v -0.220441 2.141556 1.033034
v -0.224951 2.076804 1.028525
v -0.238306 2.014541 1.015169
v -0.259994 1.957159 0.993481
v -0.289181 1.906863 0.964294
v -0.324746 1.865587 0.928730
v -0.365321 1.834915 0.888155
v -0.409347 1.816028 0.844128
v -0.419160 2.467084 0.852180
v -0.384568 2.448197 0.903950
v -0.352688 2.417525 0.951662
v -0.324745 2.376249 0.993481
v -0.301813 2.325953 1.027802
v -0.284773 2.268571 1.053304
v -0.274280 2.206308 1.069008
v -0.270737 2.141556 1.074311
v -0.274280 2.076804 1.069008
v -0.284773 2.014541 1.053304
v -0.301813 1.957159 1.027802
v -0.324745 1.906863 0.993481
v -0.352688 1.865587 0.951662
v -0.384568 1.834915 0.903950
v -0.419160 1.816028 0.852180
v -0.430354 2.467084 0.858164
v -0.406527 2.448197 0.915688
v -0.384568 2.417525 0.968702
v -0.365321 2.376249 1.015169
v -0.349525 2.325953 1.053304
v -0.337787 2.268571 1.081640
v -0.330560 2.206308 1.099090
v -0.328119 2.141556 1.104982
v -0.330560 2.076804 1.099090
v -0.337787 2.014541 1.081640
v -0.349525 1.957159 1.053304
v -0.365321 1.906863 1.015169
v -0.384568 1.865587 0.968702
v -0.406527 1.834915 0.915688
v -0.430354 1.816028 0.858164
v -0.442501 2.467084 0.861849
v -0.430354 2.448197 0.922916
v -0.419160 2.417525 0.979195
v -0.409347 2.376249 1.028525
v -0.401295 2.325953 1.069008
v -0.395311 2.268571 1.099090
v -0.391626 2.206308 1.117615
v -0.390382 2.141556 1.123869
v -0.391626 2.076804 1.117615
v -0.395311 2.014541 1.099090
v -0.401295 1.957159 1.069008
v -0.409347 1.906863 1.028525
v -0.419160 1.865587 0.979195
v -0.430354 1.834915 0.922916
v -0.442501 1.816028 0.861849
v -0.455134 2.467084 0.863093
v -0.455134 2.448197 0.925356
v -0.455134 2.417525 0.982738
v -0.455134 2.376249 1.033034
v -0.455134 2.325953 1.074311
v -0.455134 2.268571 1.104982
v -0.455134 2.206308 1.123869
v -0.455134 2.141556 1.130247
v -0.455134 2.076804 1.123869
v -0.455134 2.014541 1.104982
v -0.455134 1.957159 1.074311
v -0.455134 1.906863 1.033034
v -0.455134 1.865587 0.982738
v -0.455134 1.834915 0.925356
v -0.455134 1.816028 0.863093
v -0.467766 2.467084 0.861849
v -0.479913 2.448197 0.922916
v -0.491108 2.417525 0.979195
v -0.500920 2.376249 1.028525
v -0.508973 2.325953 1.069008
v -0.514956 2.268571 1.099090
v -0.518641 2.206308 1.117615
v -0.519885 2.141556 1.123869
v -0.518641 2.076804 1.117615
v -0.514956 2.014541 1.099090
v -0.508973 1.957159 1.069008
v -0.500920 1.906863 1.028525
v -0.491108 1.865587 0.979195
v -0.479913 1.834915 0.922916
v -0.467766 1.816028 0.861849
v -0.479913 2.467084 0.858164
v -0.503740 2.448197 0.915688
v -0.525699 2.417525 0.968702
v -0.544947 2.376249 1.015169
v -0.560743 2.325953 1.053304
v -0.572480 2.268571 1.081640
v -0.579708 2.206308 1.099090
v -0.582148 2.141556 1.104982
v -0.579708 2.076804 1.099090
v -0.572480 2.014541 1.081640
v -0.560743 1.957159 1.053304
v -0.544947 1.906863 1.015169
v -0.525699 1.865587 0.968702
v -0.503740 1.834915 0.915688
v -0.479913 1.816028 0.858164
v -0.491108 2.467084 0.852180
v -0.525699 2.448197 0.903950
v -0.557579 2.417525 0.951662
v -0.585522 2.376249 0.993481
v -0.608454 2.325953 1.027802
v -0.625494 2.268571 1.053304
v -0.635987 2.206308 1.069008
v -0.639531 2.141556 1.074311
v -0.635987 2.076804 1.069008
v -0.625494 2.014541 1.053304
v -0.608454 1.957159 1.027802
v -0.585522 1.906863 0.993481
v -0.557579 1.865587 0.951662
v -0.525699 1.834915 0.903950
v -0.491108 1.816028 0.852180
v -0.500920 2.467084 0.844128
v -0.544947 2.448197 0.888154
v -0.585522 2.417525 0.928730
v -0.621086 2.376249 0.964294
v -0.650273 2.325953 0.993481
v -0.671961 2.268571 1.015169
v -0.685317 2.206308 1.028525
v -0.689826 2.141556 1.033034
v -0.685317 2.076804 1.028525
v -0.671961 2.014541 1.015169
v -0.650273 1.957159 0.993481
v -0.621086 1.906863 0.964294
v -0.585522 1.865587 0.928730
v -0.544947 1.834915 0.888154
v -0.500920 1.816028 0.844128
v -0.455134 1.809650 0.798342
v -0.508973 2.467084 0.834316
v -0.560743 2.448197 0.868907
v -0.608454 2.417525 0.900787
v -0.650273 2.376249 0.928730
v -0.684594 2.325953 0.951662
v -0.710096 2.268571 0.968702
v -0.725800 2.206308 0.979195
v -0.731103 2.141556 0.982738
v -0.725800 2.076804 0.979195
v -0.710096 2.014541 0.968702
v -0.684594 1.957159 0.951662
v -0.650273 1.906863 0.928730
v -0.608454 1.865587 0.900787
v -0.560743 1.834915 0.868907
v -0.508973 1.816028 0.834316
v -0.514956 2.467084 0.823121
v -0.572480 2.448197 0.846948
v -0.625494 2.417525 0.868907
v -0.671961 2.376249 0.888155
v -0.710096 2.325953 0.903950
v -0.738433 2.268571 0.915688
v -0.755882 2.206308 0.922916
v -0.761774 2.141556 0.925356
v -0.755882 2.076804 0.922916
v -0.738433 2.014541 0.915688
v -0.710096 1.957159 0.903950
v -0.671961 1.906863 0.888155
v -0.625494 1.865587 0.868907
v -0.572480 1.834915 0.846948
v -0.514956 1.816028 0.823121
v -0.518641 2.467084 0.810974
v -0.579708 2.448197 0.823121
v -0.635987 2.417525 0.834315
v -0.685317 2.376249 0.844128
v -0.725800 2.325953 0.852180
v -0.755882 2.268571 0.858164
v -0.774407 2.206308 0.861849
v -0.780661 2.141556 0.863093
v -0.774407 2.076804 0.861849
v -0.755882 2.014541 0.858164
v -0.725800 1.957159 0.852180
v -0.685317 1.906863 0.844128
v -0.635987 1.865587 0.834315
v -0.579708 1.834915 0.823121
v -0.518641 1.816028 0.810974
v -0.519885 2.467084 0.798342
v -0.582148 2.448197 0.798342
v -0.639530 2.417525 0.798341
v -0.689826 2.376249 0.798342
v -0.731103 2.325953 0.798341
v -0.761774 2.268571 0.798342
v -0.780662 2.206308 0.798341
v -0.787039 2.141556 0.798341
v -0.780662 2.076804 0.798341
v -0.761774 2.014541 0.798342
v -0.731103 1.957159 0.798341
v -0.689826 1.906863 0.798342
v -0.639530 1.865587 0.798341
v -0.582148 1.834915 0.798342
v -0.519885 1.816028 0.798342
v -0.518641 2.467084 0.785709
v -0.579708 2.448197 0.773562
v -0.635987 2.417525 0.762367
v -0.685317 2.376249 0.752555
v -0.725800 2.325953 0.744503
v -0.755882 2.268571 0.738519
v -0.774407 2.206308 0.734834
v -0.780661 2.141556 0.733590
v -0.774407 2.076804 0.734834
v -0.755882 2.014541 0.738519
v -0.725800 1.957159 0.744503
v -0.685317 1.906863 0.752555
v -0.635987 1.865587 0.762367
v -0.579708 1.834915 0.773562
v -0.518641 1.816028 0.785709
v -0.514956 2.467084 0.773562
v -0.572480 2.448197 0.749735
v -0.625494 2.417525 0.727776
v -0.671961 2.376249 0.708529
v -0.710096 2.325953 0.692733
v -0.738433 2.268571 0.680995
v -0.755882 2.206308 0.673767
v -0.761774 2.141556 0.671327
v -0.755882 2.076804 0.673767
v -0.738433 2.014541 0.680995
v -0.710096 1.957159 0.692733
v -0.671961 1.906863 0.708529
v -0.625494 1.865587 0.727776
v -0.572480 1.834915 0.749735
v -0.514956 1.816028 0.773562
v -0.508973 2.467084 0.762367
v -0.560743 2.448197 0.727776
v -0.608454 2.417525 0.695896
v -0.650273 2.376249 0.667953
v -0.684594 2.325953 0.645021
v -0.710096 2.268571 0.627981
v -0.725800 2.206308 0.617488
v -0.731103 2.141556 0.613945
v -0.725800 2.076804 0.617488
v -0.710096 2.014541 0.627981
v -0.684594 1.957159 0.645021
v -0.650273 1.906863 0.667953
v -0.608454 1.865587 0.695896
v -0.560743 1.834915 0.727776
v -0.508973 1.816028 0.762367
v -0.500920 2.467084 0.752555
v -0.544947 2.448197 0.708529
v -0.585522 2.417525 0.667953
v -0.621086 2.376249 0.632389
v -0.650273 2.325953 0.603202
v -0.671961 2.268571 0.581514
v -0.685317 2.206308 0.568159
v -0.689826 2.141556 0.563649
v -0.685317 2.076804 0.568159
v -0.671961 2.014541 0.581514
v -0.650273 1.957159 0.603202
v -0.621086 1.906863 0.632389
v -0.585522 1.865587 0.667953
v -0.544947 1.834915 0.708529
v -0.500920 1.816028 0.752555
v -0.491108 2.467084 0.744503
v -0.525699 2.448197 0.692733
v -0.557579 2.417525 0.645021
v -0.585522 2.376249 0.603202
v -0.608454 2.325953 0.568882
v -0.625494 2.268571 0.543379
v -0.635987 2.206308 0.527675
v -0.639530 2.141556 0.522372
v -0.635987 2.076804 0.527675
v -0.625494 2.014541 0.543379
v -0.608454 1.957159 0.568882
v -0.585522 1.906863 0.603202
v -0.557579 1.865587 0.645021
v -0.525699 1.834915 0.692733
v -0.491108 1.816028 0.744503
v -0.479913 2.467084 0.738519
v -0.503740 2.448197 0.680995
v -0.525699 2.417525 0.627981
v -0.544947 2.376249 0.581514
v -0.560742 2.325953 0.543379
v -0.572480 2.268571 0.515043
v -0.579708 2.206308 0.497593
v -0.582148 2.141556 0.491701
v -0.579708 2.076804 0.497593
v -0.572480 2.014541 0.515043
v -0.560742 1.957159 0.543379
v -0.544947 1.906863 0.581514
v -0.525699 1.865587 0.627981
v -0.503740 1.834915 0.680995
v -0.479913 1.816028 0.738519
v -0.467766 2.467084 0.734834
v -0.479913 2.448197 0.673767
v -0.491108 2.417525 0.617488
v -0.500920 2.376249 0.568158
v -0.508973 2.325953 0.527675
v -0.514956 2.268571 0.497593
v -0.518641 2.206308 0.479069
v -0.519885 2.141556 0.472814
v -0.518641 2.076804 0.479069
v -0.514956 2.014541 0.497593
v -0.508973 1.957159 0.527675
v -0.500920 1.906863 0.568158
v -0.491108 1.865587 0.617488
v -0.479913 1.834915 0.673767
v -0.467766 1.816028 0.734834
v -0.455134 2.467084 0.733590
v -0.455134 2.448197 0.671327
v -0.455134 2.376249 0.563649
v -0.455134 2.268571 0.491701
v -0.455134 2.014541 0.491701
v -0.455134 1.906863 0.563649
v -0.455134 1.865587 0.613945
v -0.455134 1.834915 0.671327
v -0.455134 1.816028 0.733590
v 0.455134 2.417526 0.613945
v 0.455134 2.325953 0.522372
v 0.455134 2.206308 0.472813
v 0.455134 2.141556 0.466436
v 0.455134 2.076804 0.472813
v 0.455134 1.957159 0.522372
v 0.442501 2.467084 0.734834
v 0.430354 2.448197 0.673767
v 0.419160 2.417526 0.617488
v 0.409347 2.376249 0.568158
v 0.401295 2.325953 0.527675
v 0.395311 2.268571 0.497593
v 0.391626 2.206308 0.479068
v 0.390382 2.141556 0.472813
v 0.391626 2.076804 0.479068
v 0.395311 2.014541 0.497593
v 0.401295 1.957159 0.527675
v 0.409347 1.906863 0.568158
v 0.419160 1.865587 0.617488
v 0.430354 1.834915 0.673767
v 0.442501 1.816028 0.734834
v 0.430354 2.467084 0.738519
v 0.406527 2.448197 0.680995
v 0.384568 2.417526 0.627981
v 0.365321 2.376249 0.581514
v 0.349525 2.325953 0.543379
v 0.337787 2.268571 0.515042
v 0.330559 2.206308 0.497593
v 0.328119 2.141556 0.491701
v 0.330559 2.076804 0.497593
v 0.337787 2.014541 0.515042
v 0.349525 1.957159 0.543379
v 0.365321 1.906863 0.581514
v 0.384568 1.865587 0.627981
v 0.406527 1.834915 0.680995
v 0.430354 1.816028 0.738519
v 0.419160 2.467084 0.744503
v 0.384568 2.448197 0.692733
v 0.352688 2.417526 0.645021
v 0.324745 2.376249 0.603202
v 0.301813 2.325953 0.568881
v 0.284773 2.268571 0.543379
v 0.274280 2.206308 0.527675
v 0.270737 2.141556 0.522372
v 0.274280 2.076804 0.527675
v 0.284773 2.014541 0.543379
v 0.301813 1.957159 0.568881
v 0.324745 1.906863 0.603202
v 0.352688 1.865587 0.645021
v 0.384568 1.834915 0.692733
v 0.419160 1.816028 0.744503
v 0.409347 2.467084 0.752555
v 0.365321 2.448197 0.708529
v 0.324745 2.417526 0.667953
v 0.289181 2.376249 0.632389
v 0.259994 2.325953 0.603202
v 0.238306 2.268571 0.581514
v 0.224951 2.206308 0.568158
v 0.220441 2.141556 0.563649
v 0.224951 2.076804 0.568158
v 0.238306 2.014541 0.581514
v 0.259994 1.957159 0.603202
v 0.289181 1.906863 0.632389
v 0.324745 1.865587 0.667953
v 0.365321 1.834915 0.708529
v 0.409347 1.816028 0.752555
v 0.401295 2.467084 0.762367
v 0.349525 2.448197 0.727776
v 0.301813 2.417526 0.695896
v 0.259994 2.376249 0.667953
v 0.225674 2.325953 0.645021
v 0.200171 2.268571 0.627981
v 0.184467 2.206308 0.617488
v 0.179164 2.141556 0.613945
v 0.184467 2.076804 0.617488
v 0.200171 2.014541 0.627981
v 0.225674 1.957159 0.645021
v 0.259994 1.906863 0.667953
v 0.301813 1.865587 0.695896
v 0.349525 1.834915 0.727776
v 0.401295 1.816028 0.762367
v 0.455134 2.473462 0.798342
v 0.395311 2.467084 0.773562
v 0.337787 2.448197 0.749735
v 0.284773 2.417526 0.727776
v 0.238306 2.376249 0.708529
v 0.200171 2.325953 0.692733
v 0.171835 2.268571 0.680995
v 0.154385 2.206308 0.673767
v 0.148493 2.141556 0.671327
v 0.154385 2.076804 0.673767
v 0.171835 2.014541 0.680995
v 0.200171 1.957159 0.692733
v 0.238306 1.906863 0.708529
v 0.284773 1.865587 0.727776
v 0.337787 1.834915 0.749735
v 0.395311 1.816028 0.773562
v 0.391626 2.467084 0.785709
v 0.330559 2.448197 0.773562
v 0.274280 2.417526 0.762367
v 0.224951 2.376249 0.752555
v 0.184467 2.325953 0.744503
v 0.154385 2.268571 0.738519
v 0.135861 2.206308 0.734834
v 0.129606 2.141556 0.733590
v 0.135861 2.076804 0.734834
v 0.154385 2.014541 0.738519
v 0.184467 1.957159 0.744503
v 0.224951 1.906863 0.752555
v 0.274280 1.865587 0.762367
v 0.330559 1.834915 0.773562
v 0.391626 1.816028 0.785709
v 0.390382 2.467084 0.798342
v 0.328119 2.448197 0.798342
v 0.270737 2.417526 0.798342
v 0.220441 2.376249 0.798342
v 0.179164 2.325953 0.798342
v 0.148493 2.268571 0.798342
v 0.129606 2.206308 0.798342
v 0.123228 2.141556 0.798342
v 0.129606 2.076804 0.798342
v 0.148493 2.014541 0.798342
v 0.179164 1.957159 0.798342
v 0.220441 1.906863 0.798342
v 0.270737 1.865587 0.798342
v 0.328119 1.834915 0.798342
v 0.390382 1.816028 0.798342
v 0.391626 2.467084 0.810974
v 0.330559 2.448197 0.823121
v 0.274280 2.417526 0.834316
v 0.224951 2.376249 0.844128
v 0.184467 2.325953 0.852180
v 0.154385 2.268571 0.858164
v 0.135861 2.206308 0.861849
v 0.129606 2.141556 0.863093
v 0.135861 2.076804 0.861849
v 0.154385 2.014541 0.858164
v 0.184467 1.957159 0.852180
v 0.224951 1.906863 0.844128
v 0.274280 1.865587 0.834316
v 0.330559 1.834915 0.823121
v 0.391626 1.816028 0.810974
v 0.395311 2.467084 0.823121
v 0.337787 2.448197 0.846948
v 0.284773 2.417526 0.868907
v 0.238306 2.376249 0.888155
v 0.200171 2.325953 0.903950
v 0.171835 2.268571 0.915688
v 0.154385 2.206308 0.922916
v 0.148493 2.141556 0.925356
v 0.154385 2.076804 0.922916
v 0.171835 2.014541 0.915688
v 0.200171 1.957159 0.903950
v 0.238306 1.906863 0.888155
v 0.284773 1.865587 0.868907
v 0.337787 1.834915 0.846948
v 0.395311 1.816028 0.823121
v 0.401295 2.467084 0.834316
v 0.349525 2.448197 0.868907
v 0.301813 2.417526 0.900787
v 0.259994 2.376249 0.928730
v 0.225674 2.325953 0.951662
v 0.200171 2.268571 0.968702
v 0.184467 2.206308 0.979195
v 0.179164 2.141556 0.982738
v 0.184467 2.076804 0.979195
v 0.200171 2.014541 0.968702
v 0.225674 1.957159 0.951662
v 0.259994 1.906863 0.928730
v 0.301813 1.865587 0.900787
v 0.349525 1.834915 0.868907
v 0.401295 1.816028 0.834316
v 0.409347 2.467084 0.844128
v 0.365321 2.448197 0.888155
v 0.324745 2.417526 0.928730
v 0.289181 2.376249 0.964294
v 0.259994 2.325953 0.993481
v 0.238306 2.268571 1.015169
v 0.224951 2.206308 1.028525
v 0.220441 2.141556 1.033034
v 0.224951 2.076804 1.028525
v 0.238306 2.014541 1.015169
v 0.259994 1.957159 0.993481
v 0.289181 1.906863 0.964294
v 0.324745 1.865587 0.928730
v 0.365321 1.834915 0.888155
v 0.409347 1.816028 0.844128
v 0.419160 2.467084 0.852180
v 0.384568 2.448197 0.903950
v 0.352688 2.417526 0.951662
v 0.324745 2.376249 0.993481
v 0.301813 2.325953 1.027802
v 0.284773 2.268571 1.053304
v 0.274280 2.206308 1.069008
v 0.270737 2.141556 1.074311
v 0.274280 2.076804 1.069008
v 0.284773 2.014541 1.053304
v 0.301813 1.957159 1.027802
v 0.324745 1.906863 0.993481
v 0.352688 1.865587 0.951662
v 0.384568 1.834915 0.903950
v 0.419160 1.816028 0.852180
v 0.430354 2.467084 0.858164
v 0.406527 2.448197 0.915688
v 0.384568 2.417526 0.968702
v 0.365321 2.376249 1.015169
v 0.349525 2.325953 1.053304
v 0.337787 2.268571 1.081640
v 0.330560 2.206308 1.099090
v 0.328119 2.141556 1.104982
v 0.330560 2.076804 1.099090
v 0.337787 2.014541 1.081640
v 0.349525 1.957159 1.053304
v 0.365321 1.906863 1.015169
v 0.384568 1.865587 0.968702
v 0.406527 1.834915 0.915688
v 0.430354 1.816028 0.858164
v 0.442501 2.467084 0.861849
v 0.430354 2.448197 0.922916
v 0.419160 2.417526 0.979195
v 0.409347 2.376249 1.028525
v 0.401295 2.325953 1.069008
v 0.395311 2.268571 1.099090
v 0.391626 2.206308 1.117615
v 0.390382 2.141556 1.123869
v 0.391626 2.076804 1.117615
v 0.395311 2.014541 1.099090
v 0.401295 1.957159 1.069008
v 0.409347 1.906863 1.028525
v 0.419160 1.865587 0.979195
v 0.430354 1.834915 0.922916
v 0.442501 1.816028 0.861849
v 0.455134 2.467084 0.863093
v 0.455134 2.448197 0.925356
v 0.455134 2.417526 0.982738
v 0.455134 2.376249 1.033034
v 0.455134 2.325953 1.074311
v 0.455134 2.268571 1.104982
v 0.455134 2.206308 1.123869
v 0.455134 2.141556 1.130247
v 0.455134 2.076804 1.123869
v 0.455134 2.014541 1.104982
v 0.455134 1.957159 1.074311
v 0.455134 1.906863 1.033034
v 0.455134 1.865587 0.982738
v 0.455134 1.834915 0.925356
v 0.455134 1.816028 0.863093
v 0.467766 2.467084 0.861849
v 0.479913 2.448197 0.922916
v 0.491108 2.417526 0.979195
v 0.500920 2.376249 1.028525
v 0.508973 2.325953 1.069008
v 0.514956 2.268571 1.099090
v 0.518641 2.206308 1.117615
v 0.519885 2.141556 1.123869
v 0.518641 2.076804 1.117615
v 0.514956 2.014541 1.099090
v 0.508973 1.957159 1.069008
v 0.500920 1.906863 1.028525
v 0.491108 1.865587 0.979195
v 0.479913 1.834915 0.922916
v 0.467766 1.816028 0.861849
v 0.479913 2.467084 0.858164
v 0.503740 2.448197 0.915688
v 0.525699 2.417526 0.968702
v 0.544947 2.376249 1.015169
v 0.560743 2.325953 1.053304
v 0.572480 2.268571 1.081640
v 0.579708 2.206308 1.099090
v 0.582148 2.141556 1.104982
v 0.579708 2.076804 1.099090
v 0.572480 2.014541 1.081640
v 0.560743 1.957159 1.053304
v 0.544947 1.906863 1.015169
v 0.525699 1.865587 0.968702
v 0.503740 1.834915 0.915688
v 0.479913 1.816028 0.858164
v 0.491108 2.467084 0.852180
v 0.525699 2.448197 0.903950
v 0.557579 2.417526 0.951662
v 0.585522 2.376249 0.993481
v 0.608454 2.325953 1.027802
v 0.625494 2.268571 1.053304
v 0.635987 2.206308 1.069008
v 0.639531 2.141556 1.074311
v 0.635987 2.076804 1.069008
v 0.625494 2.014541 1.053304
v 0.608454 1.957159 1.027802
v 0.585522 1.906863 0.993481
v 0.557579 1.865587 0.951662
v 0.525699 1.834915 0.903950
v 0.491108 1.816028 0.852180
v 0.500920 2.467084 0.844128
v 0.544947 2.448197 0.888154
v 0.585522 2.417526 0.928730
v 0.621086 2.376249 0.964294
v 0.650273 2.325953 0.993481
v 0.671961 2.268571 1.015169
v 0.685317 2.206308 1.028525
v 0.689826 2.141556 1.033034
v 0.685317 2.076804 1.028525
v 0.671961 2.014541 1.015169
v 0.650273 1.957159 0.993481
v 0.621086 1.906863 0.964294
v 0.585522 1.865587 0.928730
v 0.544947 1.834915 0.888154
v 0.500920 1.816028 0.844128
v 0.455134 1.809651 0.798342
v 0.508973 2.467084 0.834316
v 0.560743 2.448197 0.868907
v 0.608454 2.417526 0.900787
v 0.650273 2.376249 0.928730
v 0.684594 2.325953 0.951662
v 0.710096 2.268571 0.968702
v 0.725800 2.206308 0.979195
v 0.731103 2.141556 0.982738
v 0.725800 2.076804 0.979195
v 0.710096 2.014541 0.968702
v 0.684594 1.957159 0.951662
v 0.650273 1.906863 0.928730
v 0.608454 1.865587 0.900787
v 0.560743 1.834915 0.868907
v 0.508973 1.816028 0.834316
v 0.514956 2.467084 0.823121
v 0.572480 2.448197 0.846948
v 0.625494 2.417526 0.868907
v 0.671961 2.376249 0.888155
v 0.710096 2.325953 0.903950
v 0.738433 2.268571 0.915688
v 0.755882 2.206308 0.922916
v 0.761774 2.141556 0.925356
v 0.755882 2.076804 0.922916
v 0.738433 2.014541 0.915688
v 0.710096 1.957159 0.903950
v 0.671961 1.906863 0.888155
v 0.625494 1.865587 0.868907
v 0.572480 1.834915 0.846948
v 0.514956 1.816028 0.823121
v 0.518641 2.467084 0.810974
v 0.579708 2.448197 0.823121
v 0.635987 2.417526 0.834315
v 0.685317 2.376249 0.844128
v 0.725800 2.325953 0.852180
v 0.755882 2.268571 0.858164
v 0.774407 2.206308 0.861849
v 0.780661 2.141556 0.863093
v 0.774407 2.076804 0.861849
v 0.755882 2.014541 0.858164
v 0.725800 1.957159 0.852180
v 0.685317 1.906863 0.844128
v 0.635987 1.865587 0.834315
v 0.579708 1.834915 0.823121
v 0.518641 1.816028 0.810974
v 0.519885 2.467084 0.798342
v 0.582148 2.448197 0.798342
v 0.639530 2.417526 0.798341
v 0.689826 2.376249 0.798342
v 0.731103 2.325953 0.798341
v 0.761774 2.268571 0.798342
v 0.780662 2.206308 0.798341
v 0.787039 2.141556 0.798341
v 0.780662 2.076804 0.798341
v 0.761774 2.014541 0.798342
v 0.731103 1.957159 0.798341
v 0.689826 1.906863 0.798342
v 0.639530 1.865587 0.798341
v 0.582148 1.834915 0.798342
v 0.519885 1.816028 0.798342
v 0.518641 2.467084 0.785709
v 0.579708 2.448197 0.773562
v 0.635987 2.417526 0.762367
v 0.685317 2.376249 0.752555
v 0.725800 2.325953 0.744503
v 0.755882 2.268571 0.738519
v 0.774407 2.206308 0.734834
v 0.780661 2.141556 0.733590
v 0.774407 2.076804 0.734834
v 0.755882 2.014541 0.738519
v 0.725800 1.957159 0.744503
v 0.685317 1.906863 0.752555
v 0.635987 1.865587 0.762367
v 0.579708 1.834915 0.773562
v 0.518641 1.816028 0.785709
v 0.514956 2.467084 0.773562
v 0.572480 2.448197 0.749735
v 0.625494 2.417526 0.727776
v 0.671961 2.376249 0.708529
v 0.710096 2.325953 0.692733
v 0.738433 2.268571 0.680995
v 0.755882 2.206308 0.673767
v 0.761774 2.141556 0.671327
v 0.755882 2.076804 0.673767
v 0.738433 2.014541 0.680995
v 0.710096 1.957159 0.692733
v 0.671961 1.906863 0.708529
v 0.625494 1.865587 0.727776
v 0.572480 1.834915 0.749735
v 0.514956 1.816028 0.773562
v 0.508973 2.467084 0.762367
v 0.560742 2.448197 0.727776
v 0.608454 2.417526 0.695896
v 0.650273 2.376249 0.667953
v 0.684594 2.325953 0.645021
v 0.710096 2.268571 0.627981
v 0.725800 2.206308 0.617488
v 0.731103 2.141556 0.613945
v 0.725800 2.076804 0.617488
v 0.710096 2.014541 0.627981
v 0.684594 1.957159 0.645021
v 0.650273 1.906863 0.667953
v 0.608454 1.865587 0.695896
v 0.560742 1.834915 0.727776
v 0.508973 1.816028 0.762367
v 0.500920 2.467084 0.752555
v 0.544947 2.448197 0.708529
v 0.585522 2.417526 0.667953
v 0.621086 2.376249 0.632389
v 0.650273 2.325953 0.603202
v 0.671961 2.268571 0.581514
v 0.685317 2.206308 0.568159
v 0.689826 2.141556 0.563649
v 0.685317 2.076804 0.568159
v 0.671961 2.014541 0.581514
v 0.650273 1.957159 0.603202
v 0.621086 1.906863 0.632389
v 0.585522 1.865587 0.667953
v 0.544947 1.834915 0.708529
v 0.500920 1.816028 0.752555
v 0.491108 2.467084 0.744503
v 0.525699 2.448197 0.692733
v 0.557579 2.417526 0.645021
v 0.585522 2.376249 0.603202
v 0.608454 2.325953 0.568882
v 0.625494 2.268571 0.543379
v 0.635987 2.206308 0.527675
v 0.639530 2.141556 0.522372
v 0.635987 2.076804 0.527675
v 0.625494 2.014541 0.543379
v 0.608454 1.957159 0.568882
v 0.585522 1.906863 0.603202
v 0.557579 1.865587 0.645021
v 0.525699 1.834915 0.692733
v 0.491108 1.816028 0.744503
v 0.479913 2.467084 0.738519
v 0.503740 2.448197 0.680995
v 0.525699 2.417526 0.627981
v 0.544947 2.376249 0.581514
v 0.560742 2.325953 0.543379
v 0.572480 2.268571 0.515043
v 0.579708 2.206308 0.497593
v 0.582148 2.141556 0.491701
v 0.579708 2.076804 0.497593
v 0.572480 2.014541 0.515043
v 0.560742 1.957159 0.543379
v 0.544947 1.906863 0.581514
v 0.525699 1.865587 0.627981
v 0.503740 1.834915 0.680995
v 0.479913 1.816028 0.738519
v 0.467766 2.467084 0.734834
v 0.479913 2.448197 0.673767
v 0.491108 2.417526 0.617488
v 0.500920 2.376249 0.568158
v 0.508973 2.325953 0.527675
v 0.514956 2.268571 0.497593
v 0.518641 2.206308 0.479069
v 0.519885 2.141556 0.472814
v 0.518641 2.076804 0.479069
v 0.514956 2.014541 0.497593
v 0.508973 1.957159 0.527675
v 0.500920 1.906863 0.568158
v 0.491108 1.865587 0.617488
v 0.479913 1.834915 0.673767
v 0.467766 1.816028 0.734834
v 0.455134 2.467084 0.733590
v 0.455134 2.448197 0.671327
v 0.455134 2.376249 0.563649
v 0.455134 2.268571 0.491701
v 0.455134 2.014541 0.491701
v 0.455134 1.906863 0.563649
v 0.455134 1.865587 0.613945
v 0.455134 1.834915 0.671327
v 0.455134 1.816028 0.733590
vn -0.0000 0.8286 -0.5598
vn -0.0000 0.5528 -0.8333
vn -0.0000 0.1939 -0.9810
vn -0.0000 -0.0000 -1.0000
vn -0.0000 -0.1939 -0.9810
vn -0.0000 -0.5528 -0.8333
vn 0.0392 0.9796 -0.1971
vn 0.0757 0.9217 -0.3804
vn 0.1092 0.8286 -0.5490
vn 0.1385 0.7041 -0.6965
vn 0.1626 0.5528 -0.8173
vn 0.1804 0.3805 -0.9070
vn 0.1914 0.1939 -0.9622
vn 0.1951 -0.0000 -0.9808
vn 0.1914 -0.1939 -0.9622
vn 0.1804 -0.3805 -0.9070
vn 0.1626 -0.5528 -0.8173
vn 0.1385 -0.7041 -0.6965
vn 0.1092 -0.8286 -0.5490
vn 0.0757 -0.9217 -0.3804
vn 0.0392 -0.9796 -0.1971
vn 0.0769 0.9796 -0.1857
vn 0.1484 0.9217 -0.3584
vn 0.2142 0.8286 -0.5172
vn 0.2718 0.7041 -0.6561
vn 0.3189 0.5528 -0.7699
vn 0.3539 0.3805 -0.8544
vn 0.3754 0.1939 -0.9063
vn 0.3827 -0.0000 -0.9239
vn 0.3754 -0.1939 -0.9063
vn 0.3539 -0.3805 -0.8544
vn 0.3189 -0.5528 -0.7699
vn 0.2718 -0.7041 -0.6561
vn 0.2142 -0.8286 -0.5172
vn 0.1484 -0.9217 -0.3584
vn 0.0769 -0.9796 -0.1857
vn 0.1117 0.9796 -0.1671
vn 0.2155 0.9217 -0.3225
vn 0.3110 0.8286 -0.4654
vn 0.3945 0.7041 -0.5905
vn 0.4630 0.5528 -0.6929
vn 0.5138 0.3805 -0.7689
vn 0.5450 0.1939 -0.8157
vn 0.5556 -0.0000 -0.8315
vn 0.5450 -0.1939 -0.8157
vn 0.5138 -0.3805 -0.7689
vn 0.4630 -0.5528 -0.6929
vn 0.3945 -0.7041 -0.5905
vn 0.3110 -0.8286 -0.4654
vn 0.2155 -0.9217 -0.3225
vn 0.1117 -0.9796 -0.1671
vn 0.1421 0.9796 -0.1421
vn 0.2743 0.9217 -0.2743
vn 0.3958 0.8286 -0.3958
vn 0.5021 0.7041 -0.5021
vn 0.5893 0.5528 -0.5893
vn 0.6539 0.3805 -0.6539
vn 0.6937 0.1939 -0.6937
vn 0.7071 -0.0000 -0.7071
vn 0.6937 -0.1939 -0.6937
vn 0.6539 -0.3805 -0.6539
vn 0.5893 -0.5528 -0.5893
vn 0.5021 -0.7041 -0.5021
vn 0.3958 -0.8286 -0.3958
vn 0.2743 -0.9217 -0.2743
vn 0.1421 -0.9796 -0.1421
vn 0.1671 0.9796 -0.1117
vn 0.3225 0.9217 -0.2155
vn 0.4654 0.8286 -0.3110
vn 0.5905 0.7041 -0.3945
vn 0.6929 0.5528 -0.4630
vn 0.7689 0.3805 -0.5138
vn 0.8157 0.1939 -0.5450
vn 0.8315 -0.0000 -0.5556
vn 0.8157 -0.1939 -0.5450
vn 0.7689 -0.3805 -0.5138
vn 0.6929 -0.5528 -0.4630
vn 0.5905 -0.7041 -0.3945
vn 0.4654 -0.8286 -0.3110
vn 0.3225 -0.9217 -0.2155
vn 0.1671 -0.9796 -0.1117
vn -0.0000 1.0000 -0.0000
vn 0.1857 0.9796 -0.0769
vn 0.3584 0.9217 -0.1484
vn 0.5172 0.8286 -0.2142
vn 0.6561 0.7041 -0.2718
vn 0.7699 0.5528 -0.3189
vn 0.8544 0.3805 -0.3539
vn 0.9063 0.1939 -0.3754
vn 0.9239 -0.0000 -0.3827
vn 0.9063 -0.1939 -0.3754
vn 0.8544 -0.3805 -0.3539
vn 0.7699 -0.5528 -0.3189
vn 0.6561 -0.7041 -0.2718
vn 0.5172 -0.8286 -0.2142
vn 0.3584 -0.9217 -0.1484
vn 0.1857 -0.9796 -0.0769
vn 0.1971 0.9796 -0.0392
vn 0.3804 0.9217 -0.0757
vn 0.5490 0.8286 -0.1092
vn 0.6965 0.7041 -0.1385
vn 0.8173 0.5528 -0.1626
vn 0.9070 0.3805 -0.1804
vn 0.9622 0.1939 -0.1914
vn 0.9808 -0.0000 -0.1951
vn 0.9622 -0.1939 -0.1914
vn 0.9070 -0.3805 -0.1804
vn 0.8173 -0.5528 -0.1626
vn 0.6965 -0.7041 -0.1385
vn 0.5490 -0.8286 -0.1092
vn 0.3804 -0.9217 -0.0757
vn 0.1971 -0.9796 -0.0392
vn 0.2010 0.9796 -0.0000
vn 0.3879 0.9217 -0.0000
vn 0.5598 0.8286 -0.0000
vn 0.7101 0.7041 -0.0000
vn 0.8333 0.5528 -0.0000
vn 0.9248 0.3805 -0.0000
vn 0.9810 0.1939 -0.0000
vn 1.0000 -0.0000 -0.0000
vn 0.9810 -0.1939 -0.0000
vn 0.9248 -0.3805 -0.0000
vn 0.8333 -0.5528 -0.0000
vn 0.7101 -0.7041 -0.0000
vn 0.5598 -0.8286 -0.0000
vn 0.3879 -0.9217 -0.0000
vn 0.2010 -0.9796 -0.0000
vn 0.1971 0.9796 0.0392
vn 0.3804 0.9217 0.0757
vn 0.5490 0.8286 0.1092
vn 0.6965 0.7041 0.1385
vn 0.8173 0.5528 0.1626
vn 0.9070 0.3805 0.1804
vn 0.9622 0.1939 0.1914
vn 0.9808 -0.0000 0.1951
vn 0.9622 -0.1939 0.1914
vn 0.9070 -0.3805 0.1804
vn 0.8173 -0.5528 0.1626
vn 0.6965 -0.7041 0.1385
vn 0.5490 -0.8286 0.1092
vn 0.3804 -0.9217 0.0757
vn 0.1971 -0.9796 0.0392
vn 0.1857 0.9796 0.0769
vn 0.3584 0.9217 0.1484
vn 0.5172 0.8286 0.2142
vn 0.6561 0.7041 0.2718
vn 0.7699 0.5528 0.3189
vn 0.8544 0.3805 0.3539
vn 0.9063 0.1939 0.3754
vn 0.9239 -0.0000 0.3827
vn 0.9063 -0.1939 0.3754
vn 0.8544 -0.3805 0.3539
vn 0.7699 -0.5528 0.3189
vn 0.6561 -0.7041 0.2718
vn 0.5172 -0.8286 0.2142
vn 0.3584 -0.9217 0.1484
vn 0.1857 -0.9796 0.0769
vn 0.1671 0.9796 0.1117
vn 0.3225 0.9217 0.2155
vn 0.4654 0.8286 0.3110
vn 0.5905 0.7041 0.3945
vn 0.6929 0.5528 0.4630
vn 0.7689 0.3805 0.5138
vn 0.8157 0.1939 0.5450
vn 0.8315 -0.0000 0.5556
vn 0.8157 -0.1939 0.5450
vn 0.7689 -0.3805 0.5138
vn 0.6929 -0.5528 0.4630
vn 0.5905 -0.7041 0.3945
vn 0.4654 -0.8286 0.3110
vn 0.3225 -0.9217 0.2155
vn 0.1671 -0.9796 0.1117
vn 0.1421 0.9796 0.1421
vn 0.2743 0.9217 0.2743
vn 0.3958 0.8286 0.3958
vn 0.5021 0.7041 0.5021
vn 0.5893 0.5528 0.5893
vn 0.6539 0.3805 0.6539
vn 0.6937 0.1939 0.6937
vn 0.7071 -0.0000 0.7071
vn 0.6937 -0.1939 0.6937
vn 0.6539 -0.3805 0.6539
vn 0.5893 -0.5528 0.5893
vn 0.5021 -0.7041 0.5021
vn 0.3958 -0.8286 0.3958
vn 0.2743 -0.9217 0.2743
vn 0.1421 -0.9796 0.1421
vn 0.1117 0.9796 0.1671
vn 0.2155 0.9217 0.3225
vn 0.3110 0.8286 0.4654
vn 0.3945 0.7041 0.5905
vn 0.4630 0.5528 0.6929
vn 0.5138 0.3805 0.7689
vn 0.5450 0.1939 0.8157
vn 0.5556 -0.0000 0.8315
vn 0.5450 -0.1939 0.8157
vn 0.5138 -0.3805 0.7689
vn 0.4630 -0.5528 0.6929
vn 0.3945 -0.7041 0.5905
vn 0.3110 -0.8286 0.4654
vn 0.2155 -0.9217 0.3225
vn 0.1117 -0.9796 0.1671
vn 0.0769 0.9796 0.1857
vn 0.1484 0.9217 0.3584
vn 0.2142 0.8286 0.5172
vn 0.2718 0.7041 0.6561
vn 0.3189 0.5528 0.7699
vn 0.3539 0.3805 0.8544
vn 0.3754 0.1939 0.9063
vn 0.3827 -0.0000 0.9239
vn 0.3754 -0.1939 0.9063
vn 0.3539 -0.3805 0.8544
vn 0.3189 -0.5528 0.7699
vn 0.2718 -0.7041 0.6561
vn 0.2142 -0.8286 0.5172
vn 0.1484 -0.9217 0.3584
vn 0.0769 -0.9796 0.1857
vn 0.0392 0.9796 0.1971
vn 0.0757 0.9217 0.3804
vn 0.1092 0.8286 0.5490
vn 0.1385 0.7041 0.6965
vn 0.1626 0.5528 0.8173
vn 0.1804 0.3805 0.9070
vn 0.1914 0.1939 0.9622
vn 0.1951 -0.0000 0.9808
vn 0.1914 -0.1939 0.9622
vn 0.1804 -0.3805 0.9070
vn 0.1626 -0.5528 0.8173
vn 0.1385 -0.7041 0.6965
vn 0.1092 -0.8286 0.5490
vn 0.0757 -0.9217 0.3804
vn 0.0392 -0.9796 0.1971
vn -0.0000 0.9796 0.2010
vn -0.0000 0.9217 0.3879
vn -0.0000 0.8286 0.5598
vn -0.0000 0.7041 0.7101
vn -0.0000 0.5528 0.8333
vn -0.0000 0.3805 0.9248
vn -0.0000 0.1939 0.9810
vn -0.0000 -0.0000 1.0000
vn -0.0000 -0.1939 0.9810
vn -0.0000 -0.3805 0.9248
vn -0.0000 -0.5528 0.8333
vn -0.0000 -0.7041 0.7101
vn -0.0000 -0.8286 0.5598
vn -0.0000 -0.9217 0.3879
vn -0.0000 -0.9796 0.2010
vn -0.0392 0.9796 0.1971
vn -0.0757 0.9217 0.3804
vn -0.1092 0.8286 0.5490
vn -0.1385 0.7041 0.6965
vn -0.1626 0.5528 0.8173
vn -0.1804 0.3805 0.9070
vn -0.1914 0.1939 0.9622
vn -0.1951 -0.0000 0.9808
vn -0.1914 -0.1939 0.9622
vn -0.1804 -0.3805 0.9070
vn -0.1626 -0.5528 0.8173
vn -0.1385 -0.7041 0.6965
vn -0.1092 -0.8286 0.5490
vn -0.0757 -0.9217 0.3804
vn -0.0392 -0.9796 0.1971
vn -0.0769 0.9796 0.1857
vn -0.1484 0.9217 0.3584
vn -0.2142 0.8286 0.5172
vn -0.2718 0.7041 0.6561
vn -0.3189 0.5528 0.7699
vn -0.3539 0.3805 0.8544
vn -0.3754 0.1939 0.9063
vn -0.3827 -0.0000 0.9239
vn -0.3754 -0.1939 0.9063
vn -0.3539 -0.3805 0.8544
vn -0.3189 -0.5528 0.7699
vn -0.2718 -0.7041 0.6561
vn -0.2142 -0.8286 0.5172
vn -0.1484 -0.9217 0.3584
vn -0.0769 -0.9796 0.1857
vn -0.1117 0.9796 0.1671
vn -0.2155 0.9217 0.3225
vn -0.3110 0.8286 0.4654
vn -0.3945 0.7041 0.5905
vn -0.4630 0.5528 0.6929
vn -0.5138 0.3805 0.7689
vn -0.5450 0.1939 0.8157
vn -0.5556 -0.0000 0.8315
vn -0.5450 -0.1939 0.8157
vn -0.5138 -0.3805 0.7689
vn -0.4630 -0.5528 0.6929
vn -0.3945 -0.7041 0.5905
vn -0.3110 -0.8286 0.4654
vn -0.2155 -0.9217 0.3225
vn -0.1117 -0.9796 0.1671
vn -0.1421 0.9796 0.1421
vn -0.2743 0.9217 0.2743
vn -0.3958 0.8286 0.3958
vn -0.5021 0.7041 0.5021
vn -0.5893 0.5528 0.5893
vn -0.6539 0.3805 0.6539
vn -0.6937 0.1939 0.6937
vn -0.7071 -0.0000 0.7071
vn -0.6937 -0.1939 0.6937
vn -0.6539 -0.3805 0.6539
vn -0.5893 -0.5528 0.5893
vn -0.5021 -0.7041 0.5021
vn -0.3958 -0.8286 0.3958
vn -0.2743 -0.9217 0.2743
vn -0.1421 -0.9796 0.1421
vn -0.0000 -1.0000 -0.0000
vn -0.1671 0.9796 0.1117
vn -0.3225 0.9217 0.2155
vn -0.4654 0.8286 0.3110
vn -0.5905 0.7041 0.3945
vn -0.6929 0.5528 0.4630
vn -0.7689 0.3805 0.5138
vn -0.8157 0.1939 0.5450
vn -0.8315 -0.0000 0.5556
vn -0.8157 -0.1939 0.5450
vn -0.7689 -0.3805 0.5138
vn -0.6929 -0.5528 0.4630
vn -0.5905 -0.7041 0.3945
vn -0.4654 -0.8286 0.3110
vn -0.3225 -0.9217 0.2155
vn -0.1671 -0.9796 0.1117
vn -0.1857 0.9796 0.0769
vn -0.3584 0.9217 0.1484
vn -0.5172 0.8286 0.2142
vn -0.6561 0.7041 0.2718
vn -0.7699 0.5528 0.3189
vn -0.8544 0.3805 0.3539
vn -0.9063 0.1939 0.3754
vn -0.9239 -0.0000 0.3827
vn -0.9063 -0.1939 0.3754
vn -0.8544 -0.3805 0.3539
vn -0.7699 -0.5528 0.3189
vn -0.6561 -0.7041 0.2718
vn -0.5172 -0.8286 0.2142
vn -0.3584 -0.9217 0.1484
vn -0.1857 -0.9796 0.0769
vn -0.1971 0.9796 0.0392
vn -0.3804 0.9217 0.0757
vn -0.5490 0.8286 0.1092
vn -0.6965 0.7041 0.1385
vn -0.8173 0.5528 0.1626
vn -0.9070 0.3805 0.1804
vn -0.9622 0.1939 0.1914
vn -0.9808 -0.0000 0.1951
vn -0.9622 -0.1939 0.1914
vn -0.9070 -0.3805 0.1804
vn -0.8173 -0.5528 0.1626
vn -0.6965 -0.7041 0.1385
vn -0.5490 -0.8286 0.1092
vn -0.3804 -0.9217 0.0757
vn -0.1971 -0.9796 0.0392
vn -0.2010 0.9796 -0.0000
vn -0.3879 0.9217 -0.0000
vn -0.5598 0.8286 -0.0000
vn -0.7101 0.7041 -0.0000
vn -0.8333 0.5528 -0.0000
vn -0.9248 0.3805 -0.0000
vn -0.9810 0.1939 -0.0000
vn -1.0000 -0.0000 -0.0000
vn -0.9810 -0.1939 -0.0000
vn -0.9248 -0.3805 -0.0000
vn -0.8333 -0.5528 -0.0000
vn -0.7101 -0.7041 -0.0000
vn -0.5598 -0.8286 -0.0000
vn -0.3879 -0.9217 -0.0000
vn -0.2010 -0.9796 -0.0000
vn -0.1971 0.9796 -0.0392
vn -0.3804 0.9217 -0.0757
vn -0.5490 0.8286 -0.1092
vn -0.6965 0.7041 -0.1385
vn -0.8173 0.5528 -0.1626
vn -0.9070 0.3805 -0.1804
vn -0.9622 0.1939 -0.1914
vn -0.9808 -0.0000 -0.1951
vn -0.9622 -0.1939 -0.1914
vn -0.9070 -0.3805 -0.1804
vn -0.8173 -0.5528 -0.1626
vn -0.6965 -0.7041 -0.1385
vn -0.5490 -0.8286 -0.1092
vn -0.3804 -0.9217 -0.0757
vn -0.1971 -0.9796 -0.0392
vn -0.1857 0.9796 -0.0769
vn -0.3584 0.9217 -0.1484
vn -0.5172 0.8286 -0.2142
vn -0.6561 0.7041 -0.2718
vn -0.7699 0.5528 -0.3189
vn -0.8544 0.3805 -0.3539
vn -0.9063 0.1939 -0.3754
vn -0.9239 -0.0000 -0.3827
vn -0.9063 -0.1939 -0.3754
vn -0.8544 -0.3805 -0.3539
vn -0.7699 -0.5528 -0.3189
vn -0.6561 -0.7041 -0.2718
vn -0.5172 -0.8286 -0.2142
vn -0.3584 -0.9217 -0.1484
vn -0.1857 -0.9796 -0.0769
vn -0.1671 0.9796 -0.1117
vn -0.3225 0.9217 -0.2155
vn -0.4654 0.8286 -0.3110
vn -0.5905 0.7041 -0.3945
vn -0.6929 0.5528 -0.4630
vn -0.7689 0.3805 -0.5138
vn -0.8157 0.1939 -0.5450
vn -0.8315 -0.0000 -0.5556
vn -0.8157 -0.1939 -0.5450
vn -0.7689 -0.3805 -0.5138
vn -0.6929 -0.5528 -0.4630
vn -0.5905 -0.7041 -0.3945
vn -0.4654 -0.8286 -0.3110
vn -0.3225 -0.9217 -0.2155
vn -0.1671 -0.9796 -0.1117
vn -0.1421 0.9796 -0.1421
vn -0.2743 0.9217 -0.2743
vn -0.3958 0.8286 -0.3958
vn -0.5021 0.7041 -0.5021
vn -0.5893 0.5528 -0.5893
vn -0.6539 0.3805 -0.6539
vn -0.6937 0.1939 -0.6937
vn -0.7071 -0.0000 -0.7071
vn -0.6937 -0.1939 -0.6937
vn -0.6539 -0.3805 -0.6539
vn -0.5893 -0.5528 -0.5893
vn -0.5021 -0.7041 -0.5021
vn -0.3958 -0.8286 -0.3958
vn -0.2743 -0.9217 -0.2743
vn -0.1421 -0.9796 -0.1421
vn -0.1117 0.9796 -0.1671
vn -0.2155 0.9217 -0.3225
vn -0.3110 0.8286 -0.4654
vn -0.3945 0.7041 -0.5905
vn -0.4630 0.5528 -0.6929
vn -0.5138 0.3805 -0.7689
vn -0.5450 0.1939 -0.8157
vn -0.5556 -0.0000 -0.8315
vn -0.5450 -0.1939 -0.8157
vn -0.5138 -0.3805 -0.7689
vn -0.4630 -0.5528 -0.6929
vn -0.3945 -0.7041 -0.5905
vn -0.3110 -0.8286 -0.4654
vn -0.2155 -0.9217 -0.3225
vn -0.1117 -0.9796 -0.1671
vn -0.0769 0.9796 -0.1857
vn -0.1484 0.9217 -0.3584
vn -0.2142 0.8286 -0.5172
vn -0.2718 0.7041 -0.6561
vn -0.3189 0.5528 -0.7699
vn -0.3539 0.3805 -0.8544
vn -0.3754 0.1939 -0.9063
vn -0.3827 -0.0000 -0.9239
vn -0.3754 -0.1939 -0.9063
vn -0.3539 -0.3805 -0.8544
vn -0.3189 -0.5528 -0.7699
vn -0.2718 -0.7041 -0.6561
vn -0.2142 -0.8286 -0.5172
vn -0.1484 -0.9217 -0.3584
vn -0.0769 -0.9796 -0.1857
vn -0.0392 0.9796 -0.1971
vn -0.0757 0.9217 -0.3804
vn -0.1092 0.8286 -0.5490
vn -0.1385 0.7041 -0.6965
vn -0.1626 0.5528 -0.8173
vn -0.1804 0.3805 -0.9070
vn -0.1914 0.1939 -0.9622
vn -0.1951 -0.0000 -0.9808
vn -0.1914 -0.1939 -0.9622
vn -0.1804 -0.3805 -0.9070
vn -0.1626 -0.5528 -0.8173
vn -0.1385 -0.7041 -0.6965
vn -0.1092 -0.8286 -0.5490
vn -0.0757 -0.9217 -0.3804
vn -0.0392 -0.9796 -0.1971
vn -0.0000 0.9796 -0.2010
vn -0.0000 0.9217 -0.3879
vn -0.0000 0.7041 -0.7101
vn -0.0000 0.3805 -0.9248
vn -0.0000 -0.3805 -0.9248
vn -0.0000 -0.7041 -0.7101
vn -0.0000 -0.8286 -0.5598
vn -0.0000 -0.9217 -0.3879
vn -0.0000 -0.9796 -0.2010
vt 0.750000 0.750000
vt 0.750000 0.812500
vt 0.718750 0.812500
vt 0.718750 0.750000
vt 0.750000 0.250000
vt 0.750000 0.312500
vt 0.718750 0.312500
vt 0.718750 0.250000
vt 0.750000 0.687500
vt 0.718750 0.687500
vt 0.750000 0.187500
vt 0.718750 0.187500
vt 0.750000 0.625000
vt 0.718750 0.625000
vt 0.750000 0.125000
vt 0.718750 0.125000
vt 0.750000 0.562500
vt 0.718750 0.562500
vt 0.750000 0.062500
vt 0.718750 0.062500
vt 0.750000 0.500000
vt 0.718750 0.500000
vt 0.750000 0.937500
vt 0.734375 1.000000
vt 0.718750 0.937500
vt 0.734375 0.000000
vt 0.750000 0.437500
vt 0.718750 0.437500
vt 0.750000 0.875000
vt 0.718750 0.875000
vt 0.750000 0.375000
vt 0.718750 0.375000
vt 0.687500 0.875000
vt 0.687500 0.812500
vt 0.687500 0.375000
vt 0.687500 0.312500
vt 0.687500 0.750000
vt 0.687500 0.250000
vt 0.687500 0.687500
vt 0.687500 0.187500
vt 0.687500 0.625000
vt 0.687500 0.125000
vt 0.687500 0.562500
vt 0.687500 0.062500
vt 0.687500 0.500000
vt 0.703125 1.000000
vt 0.687500 0.937500
vt 0.703125 0.000000
vt 0.687500 0.437500
vt 0.656250 0.625000
vt 0.656250 0.562500
vt 0.656250 0.125000
vt 0.656250 0.062500
vt 0.656250 0.500000
vt 0.671875 1.000000
vt 0.656250 0.937500
vt 0.671875 0.000000
vt 0.656250 0.437500
vt 0.656250 0.875000
vt 0.656250 0.375000
vt 0.656250 0.812500
vt 0.656250 0.312500
vt 0.656250 0.750000
vt 0.656250 0.250000
vt 0.656250 0.687500
vt 0.656250 0.187500
vt 0.625000 0.375000
vt 0.625000 0.312500
vt 0.625000 0.812500
vt 0.625000 0.750000
vt 0.625000 0.250000
vt 0.625000 0.687500
vt 0.625000 0.187500
vt 0.625000 0.625000
vt 0.625000 0.125000
vt 0.625000 0.562500
vt 0.625000 0.062500
vt 0.625000 0.500000
vt 0.640625 1.000000
vt 0.625000 0.937500
vt 0.640625 0.000000
vt 0.625000 0.437500
vt 0.625000 0.875000
vt 0.593750 0.125000
vt 0.593750 0.062500
vt 0.593750 0.562500
vt 0.593750 0.500000
vt 0.609375 1.000000
vt 0.593750 0.937500
vt 0.609375 0.000000
vt 0.593750 0.437500
vt 0.593750 0.875000
vt 0.593750 0.375000
vt 0.593750 0.812500
vt 0.593750 0.312500
vt 0.593750 0.750000
vt 0.593750 0.250000
vt 0.593750 0.687500
vt 0.593750 0.187500
vt 0.593750 0.625000
vt 0.562500 0.812500
vt 0.562500 0.750000
vt 0.562500 0.312500
vt 0.562500 0.250000
vt 0.562500 0.687500
vt 0.562500 0.187500
vt 0.562500 0.625000
vt 0.562500 0.125000
vt 0.562500 0.562500
vt 0.562500 0.062500
vt 0.562500 0.500000
vt 0.578125 1.000000
vt 0.562500 0.937500
vt 0.578125 0.000000
vt 0.562500 0.437500
vt 0.562500 0.875000
vt 0.562500 0.375000
vt 0.531250 0.562500
vt 0.531250 0.500000
vt 0.546875 1.000000
vt 0.531250 0.937500
vt 0.546875 0.000000
vt 0.531250 0.062500
vt 0.531250 0.437500
vt 0.531250 0.875000
vt 0.531250 0.375000
vt 0.531250 0.812500
vt 0.531250 0.312500
vt 0.531250 0.750000
vt 0.531250 0.250000
vt 0.531250 0.687500
vt 0.531250 0.187500
vt 0.531250 0.625000
vt 0.531250 0.125000
vt 0.500000 0.312500
vt 0.500000 0.250000
vt 0.500000 0.750000
vt 0.500000 0.687500
vt 0.500000 0.187500
vt 0.500000 0.625000
vt 0.500000 0.125000
vt 0.500000 0.562500
vt 0.500000 0.062500
vt 0.500000 0.500000
vt 0.515625 1.000000
vt 0.500000 0.937500
vt 0.515625 0.000000
vt 0.500000 0.437500
vt 0.500000 0.875000
vt 0.500000 0.375000
vt 0.500000 0.812500
vt 0.484375 0.000000
vt 0.468750 0.062500
vt 0.468750 0.500000
vt 0.468750 0.437500
vt 0.468750 0.937500
vt 0.468750 0.875000
vt 0.468750 0.375000
vt 0.468750 0.812500
vt 0.468750 0.312500
vt 0.468750 0.750000
vt 0.468750 0.250000
vt 0.468750 0.687500
vt 0.468750 0.187500
vt 0.468750 0.625000
vt 0.468750 0.125000
vt 0.468750 0.562500
vt 0.484375 1.000000
vt 0.437500 0.250000
vt 0.437500 0.187500
vt 0.437500 0.687500
vt 0.437500 0.625000
vt 0.437500 0.125000
vt 0.437500 0.562500
vt 0.437500 0.062500
vt 0.437500 0.500000
vt 0.453125 1.000000
vt 0.437500 0.937500
vt 0.453125 0.000000
vt 0.437500 0.437500
vt 0.437500 0.875000
vt 0.437500 0.375000
vt 0.437500 0.812500
vt 0.437500 0.312500
vt 0.437500 0.750000
vt 0.406250 0.937500
vt 0.406250 0.875000
vt 0.406250 0.437500
vt 0.406250 0.375000
vt 0.406250 0.812500
vt 0.406250 0.312500
vt 0.406250 0.750000
vt 0.406250 0.250000
vt 0.406250 0.687500
vt 0.406250 0.187500
vt 0.406250 0.625000
vt 0.406250 0.125000
vt 0.406250 0.562500
vt 0.406250 0.062500
vt 0.406250 0.500000
vt 0.421875 1.000000
vt 0.421875 0.000000
vt 0.375000 0.687500
vt 0.375000 0.625000
vt 0.375000 0.187500
vt 0.375000 0.125000
vt 0.375000 0.562500
vt 0.375000 0.062500
vt 0.375000 0.500000
vt 0.390625 1.000000
vt 0.375000 0.937500
vt 0.390625 0.000000
vt 0.375000 0.437500
vt 0.375000 0.875000
vt 0.375000 0.375000
vt 0.375000 0.812500
vt 0.375000 0.312500
vt 0.375000 0.750000
vt 0.375000 0.250000
vt 0.343750 0.437500
vt 0.343750 0.375000
vt 0.343750 0.875000
vt 0.343750 0.812500
vt 0.343750 0.312500
vt 0.343750 0.750000
vt 0.343750 0.250000
vt 0.343750 0.687500
vt 0.343750 0.187500
vt 0.343750 0.625000
vt 0.343750 0.125000
vt 0.343750 0.562500
vt 0.343750 0.062500
vt 0.343750 0.500000
vt 0.359375 1.000000
vt 0.343750 0.937500
vt 0.359375 0.000000
vt 0.312500 0.187500
vt 0.312500 0.125000
vt 0.312500 0.625000
vt 0.312500 0.562500
vt 0.312500 0.062500
vt 0.312500 0.500000
vt 0.328125 1.000000
vt 0.312500 0.937500
vt 0.328125 0.000000
vt 0.312500 0.437500
vt 0.312500 0.875000
vt 0.312500 0.375000
vt 0.312500 0.812500
vt 0.312500 0.312500
vt 0.312500 0.750000
vt 0.312500 0.250000
vt 0.312500 0.687500
vt 0.281250 0.875000
vt 0.281250 0.812500
vt 0.281250 0.375000
vt 0.281250 0.312500
vt 0.281250 0.750000
vt 0.281250 0.250000
vt 0.281250 0.687500
vt 0.281250 0.187500
vt 0.281250 0.625000
vt 0.281250 0.125000
vt 0.281250 0.562500
vt 0.281250 0.062500
vt 0.281250 0.500000
vt 0.296875 1.000000
vt 0.281250 0.937500
vt 0.296875 0.000000
vt 0.281250 0.437500
vt 0.250000 0.625000
vt 0.250000 0.562500
vt 0.250000 0.125000
vt 0.250000 0.062500
vt 0.250000 0.500000
vt 0.265625 1.000000
vt 0.250000 0.937500
vt 0.265625 0.000000
vt 0.250000 0.437500
vt 0.250000 0.875000
vt 0.250000 0.375000
vt 0.250000 0.812500
vt 0.250000 0.312500
vt 0.250000 0.750000
vt 0.250000 0.250000
vt 0.250000 0.687500
vt 0.250000 0.187500
vt 0.218750 0.375000
vt 0.218750 0.312500
vt 0.218750 0.812500
vt 0.218750 0.750000
vt 0.218750 0.250000
vt 0.218750 0.687500
vt 0.218750 0.187500
vt 0.218750 0.625000
vt 0.218750 0.125000
vt 0.218750 0.562500
vt 0.218750 0.062500
vt 0.218750 0.500000
vt 0.234375 1.000000
vt 0.218750 0.937500
vt 0.234375 0.000000
vt 0.218750 0.437500
vt 0.218750 0.875000
vt 0.187500 0.125000
vt 0.187500 0.062500
vt 0.187500 0.562500
vt 0.187500 0.500000
vt 0.203125 1.000000
vt 0.187500 0.937500
vt 0.203125 0.000000
vt 0.187500 0.437500
vt 0.187500 0.875000
vt 0.187500 0.375000
vt 0.187500 0.812500
vt 0.187500 0.312500
vt 0.187500 0.750000
vt 0.187500 0.250000
vt 0.187500 0.687500
vt 0.187500 0.187500
vt 0.187500 0.625000
vt 0.156250 0.312500
vt 0.156250 0.250000
vt 0.156250 0.750000
vt 0.156250 0.687500
vt 0.156250 0.187500
vt 0.156250 0.625000
vt 0.156250 0.125000
vt 0.156250 0.562500
vt 0.156250 0.062500
vt 0.156250 0.500000
vt 0.171875 1.000000
vt 0.156250 0.937500
vt 0.171875 0.000000
vt 0.156250 0.437500
vt 0.156250 0.875000
vt 0.156250 0.375000
vt 0.156250 0.812500
vt 0.140625 1.000000
vt 0.125000 0.937500
vt 0.140625 0.000000
vt 0.125000 0.062500
vt 0.125000 0.500000
vt 0.125000 0.437500
vt 0.125000 0.875000
vt 0.125000 0.375000
vt 0.125000 0.812500
vt 0.125000 0.312500
vt 0.125000 0.750000
vt 0.125000 0.250000
vt 0.125000 0.687500
vt 0.125000 0.187500
vt 0.125000 0.625000
vt 0.125000 0.125000
vt 0.125000 0.562500
vt 0.093750 0.750000
vt 0.093750 0.687500
vt 0.093750 0.250000
vt 0.093750 0.187500
vt 0.093750 0.625000
vt 0.093750 0.125000
vt 0.093750 0.562500
vt 0.093750 0.062500
vt 0.093750 0.500000
vt 0.109375 1.000000
vt 0.093750 0.937500
vt 0.109375 0.000000
vt 0.093750 0.437500
vt 0.093750 0.875000
vt 0.093750 0.375000
vt 0.093750 0.812500
vt 0.093750 0.312500
vt 0.062500 0.500000
vt 0.062500 0.437500
vt 0.062500 0.937500
vt 0.062500 0.875000
vt 0.062500 0.375000
vt 0.062500 0.812500
vt 0.062500 0.312500
vt 0.062500 0.750000
vt 0.062500 0.250000
vt 0.062500 0.687500
vt 0.062500 0.187500
vt 0.062500 0.625000
vt 0.062500 0.125000
vt 0.062500 0.562500
vt 0.062500 0.062500
vt 0.078125 1.000000
vt 0.078125 0.000000
vt 0.031250 0.250000
vt 0.031250 0.187500
vt 0.031250 0.687500
vt 0.031250 0.625000
vt 0.031250 0.125000
vt 0.031250 0.562500
vt 0.031250 0.062500
vt 0.031250 0.500000
vt 0.046875 1.000000
vt 0.031250 0.937500
vt 0.046875 0.000000
vt 0.031250 0.437500
vt 0.031250 0.875000
vt 0.031250 0.375000
vt 0.031250 0.812500
vt 0.031250 0.312500
vt 0.031250 0.750000
vt 0.000000 0.937500
vt 0.000000 0.875000
vt 0.000000 0.437500
vt 0.000000 0.375000
vt 0.000000 0.812500
vt 0.000000 0.312500
vt 0.000000 0.750000
vt 0.000000 0.250000
vt 0.000000 0.687500
vt 0.000000 0.187500
vt 0.000000 0.625000
vt 0.000000 0.125000
vt 0.000000 0.562500
vt 0.000000 0.062500
vt 0.000000 0.500000
vt 0.015625 1.000000
vt 0.015625 0.000000
vt 1.000000 0.625000
vt 1.000000 0.687500
vt 0.968750 0.687500
vt 0.968750 0.625000
vt 1.000000 0.125000
vt 1.000000 0.187500
vt 0.968750 0.187500
vt 0.968750 0.125000
vt 1.000000 0.562500
vt 0.968750 0.562500
vt 1.000000 0.062500
vt 0.968750 0.062500
vt 1.000000 0.500000
vt 0.968750 0.500000
vt 1.000000 0.937500
vt 0.984375 1.000000
vt 0.968750 0.937500
vt 0.984375 0.000000
vt 1.000000 0.437500
vt 0.968750 0.437500
vt 1.000000 0.875000
vt 0.968750 0.875000
vt 1.000000 0.375000
vt 0.968750 0.375000
vt 1.000000 0.812500
vt 0.968750 0.812500
vt 1.000000 0.312500
vt 0.968750 0.312500
vt 1.000000 0.750000
vt 0.968750 0.750000
vt 1.000000 0.250000
vt 0.968750 0.250000
vt 0.937500 0.437500
vt 0.937500 0.375000
vt 0.937500 0.875000
vt 0.937500 0.812500
vt 0.937500 0.312500
vt 0.937500 0.750000
vt 0.937500 0.250000
vt 0.937500 0.687500
vt 0.937500 0.187500
vt 0.937500 0.625000
vt 0.937500 0.125000
vt 0.937500 0.562500
vt 0.937500 0.062500
vt 0.937500 0.500000
vt 0.953125 1.000000
vt 0.937500 0.937500
vt 0.953125 0.000000
vt 0.906250 0.187500
vt 0.906250 0.125000
vt 0.906250 0.625000
vt 0.906250 0.562500
vt 0.906250 0.062500
vt 0.906250 0.500000
vt 0.921875 1.000000
vt 0.906250 0.937500
vt 0.921875 0.000000
vt 0.906250 0.437500
vt 0.906250 0.875000
vt 0.906250 0.375000
vt 0.906250 0.812500
vt 0.906250 0.312500
vt 0.906250 0.750000
vt 0.906250 0.250000
vt 0.906250 0.687500
vt 0.875000 0.375000
vt 0.875000 0.312500
vt 0.875000 0.812500
vt 0.875000 0.750000
vt 0.875000 0.250000
vt 0.875000 0.687500
vt 0.875000 0.187500
vt 0.875000 0.625000
vt 0.875000 0.125000
vt 0.875000 0.562500
vt 0.875000 0.062500
vt 0.875000 0.500000
vt 0.890625 1.000000
vt 0.875000 0.937500
vt 0.890625 0.000000
vt 0.875000 0.437500
vt 0.875000 0.875000
vt 0.843750 0.125000
vt 0.843750 0.062500
vt 0.843750 0.562500
vt 0.843750 0.500000
vt 0.859375 1.000000
vt 0.843750 0.937500
vt 0.859375 0.000000
vt 0.843750 0.437500
vt 0.843750 0.875000
vt 0.843750 0.375000
vt 0.843750 0.812500
vt 0.843750 0.312500
vt 0.843750 0.750000
vt 0.843750 0.250000
vt 0.843750 0.687500
vt 0.843750 0.187500
vt 0.843750 0.625000
vt 0.812500 0.812500
vt 0.812500 0.750000
vt 0.812500 0.312500
vt 0.812500 0.250000
vt 0.812500 0.687500
vt 0.812500 0.187500
vt 0.812500 0.625000
vt 0.812500 0.125000
vt 0.812500 0.562500
vt 0.812500 0.062500
vt 0.812500 0.500000
vt 0.828125 1.000000
vt 0.812500 0.937500
vt 0.828125 0.000000
vt 0.812500 0.437500
vt 0.812500 0.875000
vt 0.812500 0.375000
vt 0.781250 0.562500
vt 0.781250 0.500000
vt 0.796875 1.000000
vt 0.781250 0.937500
vt 0.796875 0.000000
vt 0.781250 0.062500
vt 0.781250 0.437500
vt 0.781250 0.875000
vt 0.781250 0.375000
vt 0.781250 0.812500
vt 0.781250 0.312500
vt 0.781250 0.750000
vt 0.781250 0.250000
vt 0.781250 0.687500
vt 0.781250 0.187500
vt 0.781250 0.625000
vt 0.781250 0.125000
vt 0.765625 1.000000
vt 0.765625 0.000000
s 1
f 1126/393/1126 651/394/651 659/395/659 660/396/660
f 1129/397/1129 656/398/656 667/399/667 668/400/668
f 652/401/652 1126/393/1126 660/396/660 661/402/661
f 1130/403/1130 1129/397/1129 668/400/668 669/404/669
f 1127/405/1127 652/401/652 661/402/661 662/406/662
f 1131/407/1131 1130/403/1130 669/404/669 670/408/670
f 653/409/653 1127/405/1127 662/406/662 663/410/663
f 1132/411/1132 1131/407/1131 670/408/670 671/412/671
f 654/413/654 653/409/653 663/410/663 664/414/664
f 1124/415/1124 732/416/732 657/417/657
f 958/418/958 1132/411/1132 671/412/671
f 655/419/655 654/413/654 664/414/664 665/420/665
f 1125/421/1125 1124/415/1124 657/417/657 658/422/658
f 1128/423/1128 655/419/655 665/420/665 666/424/666
f 651/394/651 1125/421/1125 658/422/658 659/395/659
f 656/398/656 1128/423/1128 666/424/666 667/399/667
f 659/395/659 658/422/658 673/425/673 674/426/674
f 667/399/667 666/424/666 681/427/681 682/428/682
f 660/396/660 659/395/659 674/426/674 675/429/675
f 668/400/668 667/399/667 682/428/682 683/430/683
f 661/402/661 660/396/660 675/429/675 676/431/676
f 669/404/669 668/400/668 683/430/683 684/432/684
f 662/406/662 661/402/661 676/431/676 677/433/677
f 670/408/670 669/404/669 684/432/684 685/434/685
f 663/410/663 662/406/662 677/433/677 678/435/678
f 671/412/671 670/408/670 685/434/685 686/436/686
f 664/414/664 663/410/663 678/435/678 679/437/679
f 657/417/657 732/438/732 672/439/672
f 958/440/958 671/412/671 686/436/686
f 665/420/665 664/414/664 679/437/679 680/441/680
f 658/422/658 657/417/657 672/439/672 673/425/673
f 666/424/666 665/420/665 680/441/680 681/427/681
f 678/435/678 677/433/677 692/442/692 693/443/693
f 686/436/686 685/434/685 700/444/700 701/445/701
f 679/437/679 678/435/678 693/443/693 694/446/694
f 672/439/672 732/447/732 687/448/687
f 958/449/958 686/436/686 701/445/701
f 680/441/680 679/437/679 694/446/694 695/450/695
f 673/425/673 672/439/672 687/448/687 688/451/688
f 681/427/681 680/441/680 695/450/695 696/452/696
f 674/426/674 673/425/673 688/451/688 689/453/689
f 682/428/682 681/427/681 696/452/696 697/454/697
f 675/429/675 674/426/674 689/453/689 690/455/690
f 683/430/683 682/428/682 697/454/697 698/456/698
f 676/431/676 675/429/675 690/455/690 691/457/691
f 684/432/684 683/430/683 698/456/698 699/458/699
f 677/433/677 676/431/676 691/457/691 692/442/692
f 685/434/685 684/432/684 699/458/699 700/444/700
f 697/454/697 696/452/696 711/459/711 712/460/712
f 690/455/690 689/453/689 704/461/704 705/462/705
f 698/456/698 697/454/697 712/460/712 713/463/713
f 691/457/691 690/455/690 705/462/705 706/464/706
f 699/458/699 698/456/698 713/463/713 714/465/714
f 692/442/692 691/457/691 706/464/706 707/466/707
f 700/444/700 699/458/699 714/465/714 715/467/715
f 693/443/693 692/442/692 707/466/707 708/468/708
f 701/445/701 700/444/700 715/467/715 716/469/716
f 694/446/694 693/443/693 708/468/708 709/470/709
f 687/448/687 732/471/732 702/472/702
f 958/473/958 701/445/701 716/469/716
f 695/450/695 694/446/694 709/470/709 710/474/710
f 688/451/688 687/448/687 702/472/702 703/475/703
f 696/452/696 695/450/695 710/474/710 711/459/711
f 689/453/689 688/451/688 703/475/703 704/461/704
f 716/469/716 715/467/715 730/476/730 731/477/731
f 709/470/709 708/468/708 723/478/723 724/479/724
f 702/472/702 732/480/732 717/481/717
f 958/482/958 716/469/716 731/477/731
f 710/474/710 709/470/709 724/479/724 725/483/725
f 703/475/703 702/472/702 717/481/717 718/484/718
f 711/459/711 710/474/710 725/483/725 726/485/726
f 704/461/704 703/475/703 718/484/718 719/486/719
f 712/460/712 711/459/711 726/485/726 727/487/727
f 705/462/705 704/461/704 719/486/719 720/488/720
f 713/463/713 712/460/712 727/487/727 728/489/728
f 706/464/706 705/462/705 720/488/720 721/490/721
f 714/465/714 713/463/713 728/489/728 729/491/729
f 707/466/707 706/464/706 721/490/721 722/492/722
f 715/467/715 714/465/714 729/491/729 730/476/730
f 708/468/708 707/466/707 722/492/722 723/478/723
f 720/488/720 719/486/719 735/493/735 736/494/736
f 728/489/728 727/487/727 743/495/743 744/496/744
f 721/490/721 720/488/720 736/494/736 737/497/737
f 729/491/729 728/489/728 744/496/744 745/498/745
f 722/492/722 721/490/721 737/497/737 738/499/738
f 730/476/730 729/491/729 745/498/745 746/500/746
f 723/478/723 722/492/722 738/499/738 739/501/739
f 731/477/731 730/476/730 746/500/746 747/502/747
f 724/479/724 723/478/723 739/501/739 740/503/740
f 717/481/717 732/504/732 733/505/733
f 958/506/958 731/477/731 747/502/747
f 725/483/725 724/479/724 740/503/740 741/507/741
f 718/484/718 717/481/717 733/505/733 734/508/734
f 726/485/726 725/483/725 741/507/741 742/509/742
f 719/486/719 718/484/718 734/508/734 735/493/735
f 727/487/727 726/485/726 742/509/742 743/495/743
f 740/503/740 739/501/739 754/510/754 755/511/755
f 733/505/733 732/512/732 748/513/748
f 958/514/958 747/502/747 762/515/762
f 741/507/741 740/503/740 755/511/755 756/516/756
f 734/508/734 733/505/733 748/513/748 749/517/749
f 742/509/742 741/507/741 756/516/756 757/518/757
f 735/493/735 734/508/734 749/517/749 750/519/750
f 743/495/743 742/509/742 757/518/757 758/520/758
f 736/494/736 735/493/735 750/519/750 751/521/751
f 744/496/744 743/495/743 758/520/758 759/522/759
f 737/497/737 736/494/736 751/521/751 752/523/752
f 745/498/745 744/496/744 759/522/759 760/524/760
f 738/499/738 737/497/737 752/523/752 753/525/753
f 746/500/746 745/498/745 760/524/760 761/526/761
f 739/501/739 738/499/738 753/525/753 754/510/754
f 747/502/747 746/500/746 761/526/761 762/515/762
f 759/522/759 758/520/758 773/527/773 774/528/774
f 752/523/752 751/521/751 766/529/766 767/530/767
f 760/524/760 759/522/759 774/528/774 775/531/775
f 753/525/753 752/523/752 767/530/767 768/532/768
f 761/526/761 760/524/760 775/531/775 776/533/776
f 754/510/754 753/525/753 768/532/768 769/534/769
f 762/515/762 761/526/761 776/533/776 777/535/777
f 755/511/755 754/510/754 769/534/769 770/536/770
f 748/513/748 732/537/732 763/538/763
f 958/539/958 762/515/762 777/535/777
f 756/516/756 755/511/755 770/536/770 771/540/771
f 749/517/749 748/513/748 763/538/763 764/541/764
f 757/518/757 756/516/756 771/540/771 772/542/772
f 750/519/750 749/517/749 764/541/764 765/543/765
f 758/520/758 757/518/757 772/542/772 773/527/773
f 751/521/751 750/519/750 765/543/765 766/529/766
f 958/544/958 777/535/777 792/545/792
f 771/540/771 770/536/770 785/546/785 786/547/786
f 764/541/764 763/538/763 778/548/778 779/549/779
f 772/542/772 771/540/771 786/547/786 787/550/787
f 765/543/765 764/541/764 779/549/779 780/551/780
f 773/527/773 772/542/772 787/550/787 788/552/788
f 766/529/766 765/543/765 780/551/780 781/553/781
f 774/528/774 773/527/773 788/552/788 789/554/789
f 767/530/767 766/529/766 781/553/781 782/555/782
f 775/531/775 774/528/774 789/554/789 790/556/790
f 768/532/768 767/530/767 782/555/782 783/557/783
f 776/533/776 775/531/775 790/556/790 791/558/791
f 769/534/769 768/532/768 783/557/783 784/559/784
f 777/535/777 776/533/776 791/558/791 792/545/792
f 770/536/770 769/534/769 784/559/784 785/546/785
f 763/538/763 732/560/732 778/548/778
f 790/556/790 789/554/789 804/561/804 805/562/805
f 783/557/783 782/555/782 797/563/797 798/564/798
f 791/558/791 790/556/790 805/562/805 806/565/806
f 784/559/784 783/557/783 798/564/798 799/566/799
f 792/545/792 791/558/791 806/565/806 807/567/807
f 785/546/785 784/559/784 799/566/799 800/568/800
f 778/548/778 732/569/732 793/570/793
f 958/571/958 792/545/792 807/567/807
f 786/547/786 785/546/785 800/568/800 801/572/801
f 779/549/779 778/548/778 793/570/793 794/573/794
f 787/550/787 786/547/786 801/572/801 802/574/802
f 780/551/780 779/549/779 794/573/794 795/575/795
f 788/552/788 787/550/787 802/574/802 803/576/803
f 781/553/781 780/551/780 795/575/795 796/577/796
f 789/554/789 788/552/788 803/576/803 804/561/804
f 782/555/782 781/553/781 796/577/796 797/563/797
f 794/573/794 793/570/793 808/578/808 809/579/809
f 802/574/802 801/572/801 816/580/816 817/581/817
f 795/575/795 794/573/794 809/579/809 810/582/810
f 803/576/803 802/574/802 817/581/817 818/583/818
f 796/577/796 795/575/795 810/582/810 811/584/811
f 804/561/804 803/576/803 818/583/818 819/585/819
f 797/563/797 796/577/796 811/584/811 812/586/812
f 805/562/805 804/561/804 819/585/819 820/587/820
f 798/564/798 797/563/797 812/586/812 813/588/813
f 806/565/806 805/562/805 820/587/820 821/589/821
f 799/566/799 798/564/798 813/588/813 814/590/814
f 807/567/807 806/565/806 821/589/821 822/591/822
f 800/568/800 799/566/799 814/590/814 815/592/815
f 793/570/793 732/593/732 808/578/808
f 958/594/958 807/567/807 822/591/822
f 801/572/801 800/568/800 815/592/815 816/580/816
f 813/588/813 812/586/812 827/595/827 828/596/828
f 821/589/821 820/587/820 835/597/835 836/598/836
f 814/590/814 813/588/813 828/596/828 829/599/829
f 822/591/822 821/589/821 836/598/836 837/600/837
f 815/592/815 814/590/814 829/599/829 830/601/830
f 808/578/808 732/602/732 823/603/823
f 958/604/958 822/591/822 837/600/837
f 816/580/816 815/592/815 830/601/830 831/605/831
f 809/579/809 808/578/808 823/603/823 824/606/824
f 817/581/817 816/580/816 831/605/831 832/607/832
f 810/582/810 809/579/809 824/606/824 825/608/825
f 818/583/818 817/581/817 832/607/832 833/609/833
f 811/584/811 810/582/810 825/608/825 826/610/826
f 819/585/819 818/583/818 833/609/833 834/611/834
f 812/586/812 811/584/811 826/610/826 827/595/827
f 820/587/820 819/585/819 834/611/834 835/597/835
f 832/607/832 831/605/831 846/612/846 847/613/847
f 825/608/825 824/606/824 839/614/839 840/615/840
f 833/609/833 832/607/832 847/613/847 848/616/848
f 826/610/826 825/608/825 840/615/840 841/617/841
f 834/611/834 833/609/833 848/616/848 849/618/849
f 827/595/827 826/610/826 841/617/841 842/619/842
f 835/597/835 834/611/834 849/618/849 850/620/850
f 828/596/828 827/595/827 842/619/842 843/621/843
f 836/598/836 835/597/835 850/620/850 851/622/851
f 829/599/829 828/596/828 843/621/843 844/623/844
f 837/600/837 836/598/836 851/622/851 852/624/852
f 830/601/830 829/599/829 844/623/844 845/625/845
f 823/603/823 732/626/732 838/627/838
f 958/628/958 837/600/837 852/624/852
f 831/605/831 830/601/830 845/625/845 846/612/846
f 824/606/824 823/603/823 838/627/838 839/614/839
f 851/622/851 850/620/850 865/629/865 866/630/866
f 844/623/844 843/621/843 858/631/858 859/632/859
f 852/624/852 851/622/851 866/630/866 867/633/867
f 845/625/845 844/623/844 859/632/859 860/634/860
f 838/627/838 732/635/732 853/636/853
f 958/637/958 852/624/852 867/633/867
f 846/612/846 845/625/845 860/634/860 861/638/861
f 839/614/839 838/627/838 853/636/853 854/639/854
f 847/613/847 846/612/846 861/638/861 862/640/862
f 840/615/840 839/614/839 854/639/854 855/641/855
f 848/616/848 847/613/847 862/640/862 863/642/863
f 841/617/841 840/615/840 855/641/855 856/643/856
f 849/618/849 848/616/848 863/642/863 864/644/864
f 842/619/842 841/617/841 856/643/856 857/645/857
f 850/620/850 849/618/849 864/644/864 865/629/865
f 843/621/843 842/619/842 857/645/857 858/631/858
f 855/641/855 854/639/854 869/646/869 870/647/870
f 863/642/863 862/640/862 877/648/877 878/649/878
f 856/643/856 855/641/855 870/647/870 871/650/871
f 864/644/864 863/642/863 878/649/878 879/651/879
f 857/645/857 856/643/856 871/650/871 872/652/872
f 865/629/865 864/644/864 879/651/879 880/653/880
f 858/631/858 857/645/857 872/652/872 873/654/873
f 866/630/866 865/629/865 880/653/880 881/655/881
f 859/632/859 858/631/858 873/654/873 874/656/874
f 867/633/867 866/630/866 881/655/881 882/657/882
f 860/634/860 859/632/859 874/656/874 875/658/875
f 853/636/853 732/659/732 868/660/868
f 958/661/958 867/633/867 882/657/882
f 861/638/861 860/634/860 875/658/875 876/662/876
f 854/639/854 853/636/853 868/660/868 869/646/869
f 862/640/862 861/638/861 876/662/876 877/648/877
f 874/656/874 873/654/873 888/663/888 889/664/889
f 882/657/882 881/655/881 896/665/896 897/666/897
f 875/658/875 874/656/874 889/664/889 890/667/890
f 868/660/868 732/668/732 883/669/883
f 958/670/958 882/657/882 897/666/897
f 876/662/876 875/658/875 890/667/890 891/671/891
f 869/646/869 868/660/868 883/669/883 884/672/884
f 877/648/877 876/662/876 891/671/891 892/673/892
f 870/647/870 869/646/869 884/672/884 885/674/885
f 878/649/878 877/648/877 892/673/892 893/675/893
f 871/650/871 870/647/870 885/674/885 886/676/886
f 879/651/879 878/649/878 893/675/893 894/677/894
f 872/652/872 871/650/871 886/676/886 887/678/887
f 880/653/880 879/651/879 894/677/894 895/679/895
f 873/654/873 872/652/872 887/678/887 888/663/888
f 881/655/881 880/653/880 895/679/895 896/665/896
f 893/675/893 892/673/892 907/680/907 908/681/908
f 886/676/886 885/674/885 900/682/900 901/683/901
f 894/677/894 893/675/893 908/681/908 909/684/909
f 887/678/887 886/676/886 901/683/901 902/685/902
f 895/679/895 894/677/894 909/684/909 910/686/910
f 888/663/888 887/678/887 902/685/902 903/687/903
f 896/665/896 895/679/895 910/686/910 911/688/911
f 889/664/889 888/663/888 903/687/903 904/689/904
f 897/666/897 896/665/896 911/688/911 912/690/912
f 890/667/890 889/664/889 904/689/904 905/691/905
f 883/669/883 732/692/732 898/693/898
f 958/694/958 897/666/897 912/690/912
f 891/671/891 890/667/890 905/691/905 906/695/906
f 884/672/884 883/669/883 898/693/898 899/696/899
f 892/673/892 891/671/891 906/695/906 907/680/907
f 885/674/885 884/672/884 899/696/899 900/682/900
f 912/690/912 911/688/911 926/697/926 927/698/927
f 905/691/905 904/689/904 919/699/919 920/700/920
f 898/693/898 732/701/732 913/702/913
f 958/703/958 912/690/912 927/698/927
f 906/695/906 905/691/905 920/700/920 921/704/921
f 899/696/899 898/693/898 913/702/913 914/705/914
f 907/680/907 906/695/906 921/704/921 922/706/922
f 900/682/900 899/696/899 914/705/914 915/707/915
f 908/681/908 907/680/907 922/706/922 923/708/923
f 901/683/901 900/682/900 915/707/915 916/709/916
f 909/684/909 908/681/908 923/708/923 924/710/924
f 902/685/902 901/683/901 916/709/916 917/711/917
f 910/686/910 909/684/909 924/710/924 925/712/925
f 903/687/903 902/685/902 917/711/917 918/713/918
f 911/688/911 910/686/910 925/712/925 926/697/926
f 904/689/904 903/687/903 918/713/918 919/699/919
f 924/710/924 923/708/923 938/714/938 939/715/939
f 917/711/917 916/709/916 931/716/931 932/717/932
f 925/712/925 924/710/924 939/715/939 940/718/940
f 918/713/918 917/711/917 932/717/932 933/719/933
f 926/697/926 925/712/925 940/718/940 941/720/941
f 919/699/919 918/713/918 933/719/933 934/721/934
f 927/698/927 926/697/926 941/720/941 942/722/942
f 920/700/920 919/699/919 934/721/934 935/723/935
f 913/702/913 732/724/732 928/725/928
f 958/726/958 927/698/927 942/722/942
f 921/704/921 920/700/920 935/723/935 936/727/936
f 914/705/914 913/702/913 928/725/928 929/728/929
f 922/706/922 921/704/921 936/727/936 937/729/937
f 915/707/915 914/705/914 929/728/929 930/730/930
f 923/708/923 922/706/922 937/729/937 938/714/938
f 916/709/916 915/707/915 930/730/930 931/716/931
f 928/725/928 732/731/732 943/732/943
f 958/733/958 942/722/942 957/734/957
f 936/727/936 935/723/935 950/735/950 951/736/951
f 929/728/929 928/725/928 943/732/943 944/737/944
f 937/729/937 936/727/936 951/736/951 952/738/952
f 930/730/930 929/728/929 944/737/944 945/739/945
f 938/714/938 937/729/937 952/738/952 953/740/953
f 931/716/931 930/730/930 945/739/945 946/741/946
f 939/715/939 938/714/938 953/740/953 954/742/954
f 932/717/932 931/716/931 946/741/946 947/743/947
f 940/718/940 939/715/939 954/742/954 955/744/955
f 933/719/933 932/717/932 947/743/947 948/745/948
f 941/720/941 940/718/940 955/744/955 956/746/956
f 934/721/934 933/719/933 948/745/948 949/747/949
f 942/722/942 941/720/941 956/746/956 957/734/957
f 935/723/935 934/721/934 949/747/949 950/735/950
f 947/743/947 946/741/946 962/748/962 963/749/963
f 955/744/955 954/742/954 970/750/970 971/751/971
f 948/745/948 947/743/947 963/749/963 964/752/964
f 956/746/956 955/744/955 971/751/971 972/753/972
f 949/747/949 948/745/948 964/752/964 965/754/965
f 957/734/957 956/746/956 972/753/972 973/755/973
f 950/735/950 949/747/949 965/754/965 966/756/966
f 943/732/943 732/757/732 959/758/959
f 958/759/958 957/734/957 973/755/973
f 951/736/951 950/735/950 966/756/966 967/760/967
f 944/737/944 943/732/943 959/758/959 960/761/960
f 952/738/952 951/736/951 967/760/967 968/762/968
f 945/739/945 944/737/944 960/761/960 961/763/961
f 953/740/953 952/738/952 968/762/968 969/764/969
f 946/741/946 945/739/945 961/763/961 962/748/962
f 954/742/954 953/740/953 969/764/969 970/750/970
f 967/760/967 966/756/966 981/765/981 982/766/982
f 960/761/960 959/758/959 974/767/974 975/768/975
f 968/762/968 967/760/967 982/766/982 983/769/983
f 961/763/961 960/761/960 975/768/975 976/770/976
f 969/764/969 968/762/968 983/769/983 984/771/984
f 962/748/962 961/763/961 976/770/976 977/772/977
f 970/750/970 969/764/969 984/771/984 985/773/985
f 963/749/963 962/748/962 977/772/977 978/774/978
f 971/751/971 970/750/970 985/773/985 986/775/986
f 964/752/964 963/749/963 978/774/978 979/776/979
f 972/753/972 971/751/971 986/775/986 987/777/987
f 965/754/965 964/752/964 979/776/979 980/778/980
f 973/755/973 972/753/972 987/777/987 988/779/988
f 966/756/966 965/754/965 980/778/980 981/765/981
f 959/758/959 732/780/732 974/767/974
f 958/781/958 973/755/973 988/779/988
f 986/775/986 985/773/985 1000/782/1000 1001/783/1001
f 979/776/979 978/774/978 993/784/993 994/785/994
f 987/777/987 986/775/986 1001/783/1001 1002/786/1002
f 980/778/980 979/776/979 994/785/994 995/787/995
f 988/779/988 987/777/987 1002/786/1002 1003/788/1003
f 981/765/981 980/778/980 995/787/995 996/789/996
f 974/767/974 732/790/732 989/791/989
f 958/792/958 988/779/988 1003/788/1003
f 982/766/982 981/765/981 996/789/996 997/793/997
f 975/768/975 974/767/974 989/791/989 990/794/990
f 983/769/983 982/766/982 997/793/997 998/795/998
f 976/770/976 975/768/975 990/794/990 991/796/991
f 984/771/984 983/769/983 998/795/998 999/797/999
f 977/772/977 976/770/976 991/796/991 992/798/992
f 985/773/985 984/771/984 999/797/999 1000/782/1000
f 978/774/978 977/772/977 992/798/992 993/784/993
f 990/794/990 989/791/989 1004/799/1004 1005/800/1005
f 998/795/998 997/793/997 1012/801/1012 1013/802/1013
f 991/796/991 990/794/990 1005/800/1005 1006/803/1006
f 999/797/999 998/795/998 1013/802/1013 1014/804/1014
f 992/798/992 991/796/991 1006/803/1006 1007/805/1007
f 1000/782/1000 999/797/999 1014/804/1014 1015/806/1015
f 993/784/993 992/798/992 1007/805/1007 1008/807/1008
f 1001/783/1001 1000/782/1000 1015/806/1015 1016/808/1016
f 994/785/994 993/784/993 1008/807/1008 1009/809/1009
f 1002/786/1002 1001/783/1001 1016/808/1016 1017/810/1017
f 995/787/995 994/785/994 1009/809/1009 1010/811/1010
f 1003/788/1003 1002/786/1002 1017/810/1017 1018/812/1018
f 996/789/996 995/787/995 1010/811/1010 1011/813/1011
f 989/791/989 732/814/732 1004/799/1004
f 958/815/958 1003/788/1003 1018/812/1018
f 997/793/997 996/789/996 1011/813/1011 1012/801/1012
f 1009/816/1009 1008/817/1008 1023/818/1023 1024/819/1024
f 1017/820/1017 1016/821/1016 1031/822/1031 1032/823/1032
f 1010/824/1010 1009/816/1009 1024/819/1024 1025/825/1025
f 1018/826/1018 1017/820/1017 1032/823/1032 1033/827/1033
f 1011/828/1011 1010/824/1010 1025/825/1025 1026/829/1026
f 1004/830/1004 732/831/732 1019/832/1019
f 958/833/958 1018/826/1018 1033/827/1033
f 1012/834/1012 1011/828/1011 1026/829/1026 1027/835/1027
f 1005/836/1005 1004/830/1004 1019/832/1019 1020/837/1020
f 1013/838/1013 1012/834/1012 1027/835/1027 1028/839/1028
f 1006/840/1006 1005/836/1005 1020/837/1020 1021/841/1021
f 1014/842/1014 1013/838/1013 1028/839/1028 1029/843/1029
f 1007/844/1007 1006/840/1006 1021/841/1021 1022/845/1022
f 1015/846/1015 1014/842/1014 1029/843/1029 1030/847/1030
f 1008/817/1008 1007/844/1007 1022/845/1022 1023/818/1023
f 1016/821/1016 1015/846/1015 1030/847/1030 1031/822/1031
f 1028/839/1028 1027/835/1027 1042/848/1042 1043/849/1043
f 1021/841/1021 1020/837/1020 1035/850/1035 1036/851/1036
f 1029/843/1029 1028/839/1028 1043/849/1043 1044/852/1044
f 1022/845/1022 1021/841/1021 1036/851/1036 1037/853/1037
f 1030/847/1030 1029/843/1029 1044/852/1044 1045/854/1045
f 1023/818/1023 1022/845/1022 1037/853/1037 1038/855/1038
f 1031/822/1031 1030/847/1030 1045/854/1045 1046/856/1046
f 1024/819/1024 1023/818/1023 1038/855/1038 1039/857/1039
f 1032/823/1032 1031/822/1031 1046/856/1046 1047/858/1047
f 1025/825/1025 1024/819/1024 1039/857/1039 1040/859/1040
f 1033/827/1033 1032/823/1032 1047/858/1047 1048/860/1048
f 1026/829/1026 1025/825/1025 1040/859/1040 1041/861/1041
f 1019/832/1019 732/862/732 1034/863/1034
f 958/864/958 1033/827/1033 1048/860/1048
f 1027/835/1027 1026/829/1026 1041/861/1041 1042/848/1042
f 1020/837/1020 1019/832/1019 1034/863/1034 1035/850/1035
f 1047/858/1047 1046/856/1046 1061/865/1061 1062/866/1062
f 1040/859/1040 1039/857/1039 1054/867/1054 1055/868/1055
f 1048/860/1048 1047/858/1047 1062/866/1062 1063/869/1063
f 1041/861/1041 1040/859/1040 1055/868/1055 1056/870/1056
f 1034/863/1034 732/871/732 1049/872/1049
f 958/873/958 1048/860/1048 1063/869/1063
f 1042/848/1042 1041/861/1041 1056/870/1056 1057/874/1057
f 1035/850/1035 1034/863/1034 1049/872/1049 1050/875/1050
f 1043/849/1043 1042/848/1042 1057/874/1057 1058/876/1058
f 1036/851/1036 1035/850/1035 1050/875/1050 1051/877/1051
f 1044/852/1044 1043/849/1043 1058/876/1058 1059/878/1059
f 1037/853/1037 1036/851/1036 1051/877/1051 1052/879/1052
f 1045/854/1045 1044/852/1044 1059/878/1059 1060/880/1060
f 1038/855/1038 1037/853/1037 1052/879/1052 1053/881/1053
f 1046/856/1046 1045/854/1045 1060/880/1060 1061/865/1061
f 1039/857/1039 1038/855/1038 1053/881/1053 1054/867/1054
f 1059/878/1059 1058/876/1058 1073/882/1073 1074/883/1074
f 1052/879/1052 1051/877/1051 1066/884/1066 1067/885/1067
f 1060/880/1060 1059/878/1059 1074/883/1074 1075/886/1075
f 1053/881/1053 1052/879/1052 1067/885/1067 1068/887/1068
f 1061/865/1061 1060/880/1060 1075/886/1075 1076/888/1076
f 1054/867/1054 1053/881/1053 1068/887/1068 1069/889/1069
f 1062/866/1062 1061/865/1061 1076/888/1076 1077/890/1077
f 1055/868/1055 1054/867/1054 1069/889/1069 1070/891/1070
f 1063/869/1063 1062/866/1062 1077/890/1077 1078/892/1078
f 1056/870/1056 1055/868/1055 1070/891/1070 1071/893/1071
f 1049/872/1049 732/894/732 1064/895/1064
f 958/896/958 1063/869/1063 1078/892/1078
f 1057/874/1057 1056/870/1056 1071/893/1071 1072/897/1072
f 1050/875/1050 1049/872/1049 1064/895/1064 1065/898/1065
f 1058/876/1058 1057/874/1057 1072/897/1072 1073/882/1073
f 1051/877/1051 1050/875/1050 1065/898/1065 1066/884/1066
f 1078/892/1078 1077/890/1077 1092/899/1092 1093/900/1093
f 1071/893/1071 1070/891/1070 1085/901/1085 1086/902/1086
f 1064/895/1064 732/903/732 1079/904/1079
f 958/905/958 1078/892/1078 1093/900/1093
f 1072/897/1072 1071/893/1071 1086/902/1086 1087/906/1087
f 1065/898/1065 1064/895/1064 1079/904/1079 1080/907/1080
f 1073/882/1073 1072/897/1072 1087/906/1087 1088/908/1088
f 1066/884/1066 1065/898/1065 1080/907/1080 1081/909/1081
f 1074/883/1074 1073/882/1073 1088/908/1088 1089/910/1089
f 1067/885/1067 1066/884/1066 1081/909/1081 1082/911/1082
f 1075/886/1075 1074/883/1074 1089/910/1089 1090/912/1090
f 1068/887/1068 1067/885/1067 1082/911/1082 1083/913/1083
f 1076/888/1076 1075/886/1075 1090/912/1090 1091/914/1091
f 1069/889/1069 1068/887/1068 1083/913/1083 1084/915/1084
f 1077/890/1077 1076/888/1076 1091/914/1091 1092/899/1092
f 1070/891/1070 1069/889/1069 1084/915/1084 1085/901/1085
f 1082/911/1082 1081/909/1081 1096/916/1096 1097/917/1097
f 1090/912/1090 1089/910/1089 1104/918/1104 1105/919/1105
f 1083/913/1083 1082/911/1082 1097/917/1097 1098/920/1098
f 1091/914/1091 1090/912/1090 1105/919/1105 1106/921/1106
f 1084/915/1084 1083/913/1083 1098/920/1098 1099/922/1099
f 1092/899/1092 1091/914/1091 1106/921/1106 1107/923/1107
f 1085/901/1085 1084/915/1084 1099/922/1099 1100/924/1100
f 1093/900/1093 1092/899/1092 1107/923/1107 1108/925/1108
f 1086/902/1086 1085/901/1085 1100/924/1100 1101/926/1101
f 1079/904/1079 732/927/732 1094/928/1094
f 958/929/958 1093/900/1093 1108/925/1108
f 1087/906/1087 1086/902/1086 1101/926/1101 1102/930/1102
f 1080/907/1080 1079/904/1079 1094/928/1094 1095/931/1095
f 1088/908/1088 1087/906/1087 1102/930/1102 1103/932/1103
f 1081/909/1081 1080/907/1080 1095/931/1095 1096/916/1096
f 1089/910/1089 1088/908/1088 1103/932/1103 1104/918/1104
f 1101/926/1101 1100/924/1100 1115/933/1115 1116/934/1116
f 1094/928/1094 732/935/732 1109/936/1109
f 958/937/958 1108/925/1108 1123/938/1123
f 1102/930/1102 1101/926/1101 1116/934/1116 1117/939/1117
f 1095/931/1095 1094/928/1094 1109/936/1109 1110/940/1110
f 1103/932/1103 1102/930/1102 1117/939/1117 1118/941/1118
f 1096/916/1096 1095/931/1095 1110/940/1110 1111/942/1111
f 1104/918/1104 1103/932/1103 1118/941/1118 1119/943/1119
f 1097/917/1097 1096/916/1096 1111/942/1111 1112/944/1112
f 1105/919/1105 1104/918/1104 1119/943/1119 1120/945/1120
f 1098/920/1098 1097/917/1097 1112/944/1112 1113/946/1113
f 1106/921/1106 1105/919/1105 1120/945/1120 1121/947/1121
f 1099/922/1099 1098/920/1098 1113/946/1113 1114/948/1114
f 1107/923/1107 1106/921/1106 1121/947/1121 1122/949/1122
f 1100/924/1100 1099/922/1099 1114/948/1114 1115/933/1115
f 1108/925/1108 1107/923/1107 1122/949/1122 1123/938/1123
f 1120/945/1120 1119/943/1119 656/398/656 1129/397/1129
f 1113/946/1113 1112/944/1112 1126/393/1126 652/401/652
f 1121/947/1121 1120/945/1120 1129/397/1129 1130/403/1130
f 1114/948/1114 1113/946/1113 652/401/652 1127/405/1127
f 1122/949/1122 1121/947/1121 1130/403/1130 1131/407/1131
f 1115/933/1115 1114/948/1114 1127/405/1127 653/409/653
f 1123/938/1123 1122/949/1122 1131/407/1131 1132/411/1132
f 1116/934/1116 1115/933/1115 653/409/653 654/413/654
f 1109/936/1109 732/950/732 1124/415/1124
f 958/951/958 1123/938/1123 1132/411/1132
f 1117/939/1117 1116/934/1116 654/413/654 655/419/655
f 1110/940/1110 1109/936/1109 1124/415/1124 1125/421/1125
f 1118/941/1118 1117/939/1117 655/419/655 1128/423/1128
f 1111/942/1111 1110/940/1110 1125/421/1125 651/394/651
f 1119/943/1119 1118/941/1118 1128/423/1128 656/398/656
f 1112/944/1112 1111/942/1111 651/394/651 1126/393/1126
f 1608/393/1126 1142/396/1112 1141/395/1111 1133/394/651
f 1611/397/1129 1150/400/1120 1149/399/1119 1138/398/656
f 1134/401/652 1143/402/1113 1142/396/1112 1608/393/1126
f 1612/403/1130 1151/404/1121 1150/400/1120 1611/397/1129
f 1609/405/1127 1144/406/1114 1143/402/1113 1134/401/652
f 1613/407/1131 1152/408/1122 1151/404/1121 1612/403/1130
f 1135/409/653 1145/410/1115 1144/406/1114 1609/405/1127
f 1614/411/1132 1153/412/1123 1152/408/1122 1613/407/1131
f 1136/413/654 1146/414/1116 1145/410/1115 1135/409/653
f 1606/415/1124 1139/417/1109 1214/416/732
f 1440/418/958 1153/412/1123 1614/411/1132
f 1137/419/655 1147/420/1117 1146/414/1116 1136/413/654
f 1607/421/1125 1140/422/1110 1139/417/1109 1606/415/1124
f 1610/423/1128 1148/424/1118 1147/420/1117 1137/419/655
f 1133/394/651 1141/395/1111 1140/422/1110 1607/421/1125
f 1138/398/656 1149/399/1119 1148/424/1118 1610/423/1128
f 1141/395/1111 1156/426/1096 1155/425/1095 1140/422/1110
f 1149/399/1119 1164/428/1104 1163/427/1103 1148/424/1118
f 1142/396/1112 1157/429/1097 1156/426/1096 1141/395/1111
f 1150/400/1120 1165/430/1105 1164/428/1104 1149/399/1119
f 1143/402/1113 1158/431/1098 1157/429/1097 1142/396/1112
f 1151/404/1121 1166/432/1106 1165/430/1105 1150/400/1120
f 1144/406/1114 1159/433/1099 1158/431/1098 1143/402/1113
f 1152/408/1122 1167/434/1107 1166/432/1106 1151/404/1121
f 1145/410/1115 1160/435/1100 1159/433/1099 1144/406/1114
f 1153/412/1123 1168/436/1108 1167/434/1107 1152/408/1122
f 1146/414/1116 1161/437/1101 1160/435/1100 1145/410/1115
f 1139/417/1109 1154/439/1094 1214/438/732
f 1440/440/958 1168/436/1108 1153/412/1123
f 1147/420/1117 1162/441/1102 1161/437/1101 1146/414/1116
f 1140/422/1110 1155/425/1095 1154/439/1094 1139/417/1109
f 1148/424/1118 1163/427/1103 1162/441/1102 1147/420/1117
f 1160/435/1100 1175/443/1085 1174/442/1084 1159/433/1099
f 1168/436/1108 1183/445/1093 1182/444/1092 1167/434/1107
f 1161/437/1101 1176/446/1086 1175/443/1085 1160/435/1100
f 1154/439/1094 1169/448/1079 1214/447/732
f 1440/449/958 1183/445/1093 1168/436/1108
f 1162/441/1102 1177/450/1087 1176/446/1086 1161/437/1101
f 1155/425/1095 1170/451/1080 1169/448/1079 1154/439/1094
f 1163/427/1103 1178/452/1088 1177/450/1087 1162/441/1102
f 1156/426/1096 1171/453/1081 1170/451/1080 1155/425/1095
f 1164/428/1104 1179/454/1089 1178/452/1088 1163/427/1103
f 1157/429/1097 1172/455/1082 1171/453/1081 1156/426/1096
f 1165/430/1105 1180/456/1090 1179/454/1089 1164/428/1104
f 1158/431/1098 1173/457/1083 1172/455/1082 1157/429/1097
f 1166/432/1106 1181/458/1091 1180/456/1090 1165/430/1105
f 1159/433/1099 1174/442/1084 1173/457/1083 1158/431/1098
f 1167/434/1107 1182/444/1092 1181/458/1091 1166/432/1106
f 1179/454/1089 1194/460/1074 1193/459/1073 1178/452/1088
f 1172/455/1082 1187/462/1067 1186/461/1066 1171/453/1081
f 1180/456/1090 1195/463/1075 1194/460/1074 1179/454/1089
f 1173/457/1083 1188/464/1068 1187/462/1067 1172/455/1082
f 1181/458/1091 1196/465/1076 1195/463/1075 1180/456/1090
f 1174/442/1084 1189/466/1069 1188/464/1068 1173/457/1083
f 1182/444/1092 1197/467/1077 1196/465/1076 1181/458/1091
f 1175/443/1085 1190/468/1070 1189/466/1069 1174/442/1084
f 1183/445/1093 1198/469/1078 1197/467/1077 1182/444/1092
f 1176/446/1086 1191/470/1071 1190/468/1070 1175/443/1085
f 1169/448/1079 1184/472/1064 1214/471/732
f 1440/473/958 1198/469/1078 1183/445/1093
f 1177/450/1087 1192/474/1072 1191/470/1071 1176/446/1086
f 1170/451/1080 1185/475/1065 1184/472/1064 1169/448/1079
f 1178/452/1088 1193/459/1073 1192/474/1072 1177/450/1087
f 1171/453/1081 1186/461/1066 1185/475/1065 1170/451/1080
f 1198/469/1078 1213/477/1063 1212/476/1062 1197/467/1077
f 1191/470/1071 1206/479/1056 1205/478/1055 1190/468/1070
f 1184/472/1064 1199/481/1049 1214/480/732
f 1440/482/958 1213/477/1063 1198/469/1078
f 1192/474/1072 1207/483/1057 1206/479/1056 1191/470/1071
f 1185/475/1065 1200/484/1050 1199/481/1049 1184/472/1064
f 1193/459/1073 1208/485/1058 1207/483/1057 1192/474/1072
f 1186/461/1066 1201/486/1051 1200/484/1050 1185/475/1065
f 1194/460/1074 1209/487/1059 1208/485/1058 1193/459/1073
f 1187/462/1067 1202/488/1052 1201/486/1051 1186/461/1066
f 1195/463/1075 1210/489/1060 1209/487/1059 1194/460/1074
f 1188/464/1068 1203/490/1053 1202/488/1052 1187/462/1067
f 1196/465/1076 1211/491/1061 1210/489/1060 1195/463/1075
f 1189/466/1069 1204/492/1054 1203/490/1053 1188/464/1068
f 1197/467/1077 1212/476/1062 1211/491/1061 1196/465/1076
f 1190/468/1070 1205/478/1055 1204/492/1054 1189/466/1069
f 1202/488/1052 1218/494/1037 1217/493/1036 1201/486/1051
f 1210/489/1060 1226/496/1045 1225/495/1044 1209/487/1059
f 1203/490/1053 1219/497/1038 1218/494/1037 1202/488/1052
f 1211/491/1061 1227/498/1046 1226/496/1045 1210/489/1060
f 1204/492/1054 1220/499/1039 1219/497/1038 1203/490/1053
f 1212/476/1062 1228/500/1047 1227/498/1046 1211/491/1061
f 1205/478/1055 1221/501/1040 1220/499/1039 1204/492/1054
f 1213/477/1063 1229/502/1048 1228/500/1047 1212/476/1062
f 1206/479/1056 1222/503/1041 1221/501/1040 1205/478/1055
f 1199/481/1049 1215/505/1034 1214/504/732
f 1440/506/958 1229/502/1048 1213/477/1063
f 1207/483/1057 1223/507/1042 1222/503/1041 1206/479/1056
f 1200/484/1050 1216/508/1035 1215/505/1034 1199/481/1049
f 1208/485/1058 1224/509/1043 1223/507/1042 1207/483/1057
f 1201/486/1051 1217/493/1036 1216/508/1035 1200/484/1050
f 1209/487/1059 1225/495/1044 1224/509/1043 1208/485/1058
f 1222/503/1041 1237/511/1026 1236/510/1025 1221/501/1040
f 1215/505/1034 1230/513/1019 1214/512/732
f 1440/514/958 1244/515/1033 1229/502/1048
f 1223/507/1042 1238/516/1027 1237/511/1026 1222/503/1041
f 1216/508/1035 1231/517/1020 1230/513/1019 1215/505/1034
f 1224/509/1043 1239/518/1028 1238/516/1027 1223/507/1042
f 1217/493/1036 1232/519/1021 1231/517/1020 1216/508/1035
f 1225/495/1044 1240/520/1029 1239/518/1028 1224/509/1043
f 1218/494/1037 1233/521/1022 1232/519/1021 1217/493/1036
f 1226/496/1045 1241/522/1030 1240/520/1029 1225/495/1044
f 1219/497/1038 1234/523/1023 1233/521/1022 1218/494/1037
f 1227/498/1046 1242/524/1031 1241/522/1030 1226/496/1045
f 1220/499/1039 1235/525/1024 1234/523/1023 1219/497/1038
f 1228/500/1047 1243/526/1032 1242/524/1031 1227/498/1046
f 1221/501/1040 1236/510/1025 1235/525/1024 1220/499/1039
f 1229/502/1048 1244/515/1033 1243/526/1032 1228/500/1047
f 1241/522/1030 1256/528/1015 1255/527/1014 1240/520/1029
f 1234/523/1023 1249/530/1008 1248/529/1007 1233/521/1022
f 1242/524/1031 1257/531/1016 1256/528/1015 1241/522/1030
f 1235/525/1024 1250/532/1009 1249/530/1008 1234/523/1023
f 1243/526/1032 1258/533/1017 1257/531/1016 1242/524/1031
f 1236/510/1025 1251/534/1010 1250/532/1009 1235/525/1024
f 1244/515/1033 1259/535/1018 1258/533/1017 1243/526/1032
f 1237/511/1026 1252/536/1011 1251/534/1010 1236/510/1025
f 1230/513/1019 1245/538/1004 1214/537/732
f 1440/539/958 1259/535/1018 1244/515/1033
f 1238/516/1027 1253/540/1012 1252/536/1011 1237/511/1026
f 1231/517/1020 1246/541/1005 1245/538/1004 1230/513/1019
f 1239/518/1028 1254/542/1013 1253/540/1012 1238/516/1027
f 1232/519/1021 1247/543/1006 1246/541/1005 1231/517/1020
f 1240/520/1029 1255/527/1014 1254/542/1013 1239/518/1028
f 1233/521/1022 1248/529/1007 1247/543/1006 1232/519/1021
f 1440/544/958 1274/545/1003 1259/535/1018
f 1253/540/1012 1268/547/997 1267/546/996 1252/536/1011
f 1246/541/1005 1261/549/990 1260/548/989 1245/538/1004
f 1254/542/1013 1269/550/998 1268/547/997 1253/540/1012
f 1247/543/1006 1262/551/991 1261/549/990 1246/541/1005
f 1255/527/1014 1270/552/999 1269/550/998 1254/542/1013
f 1248/529/1007 1263/553/992 1262/551/991 1247/543/1006
f 1256/528/1015 1271/554/1000 1270/552/999 1255/527/1014
f 1249/530/1008 1264/555/993 1263/553/992 1248/529/1007
f 1257/531/1016 1272/556/1001 1271/554/1000 1256/528/1015
f 1250/532/1009 1265/557/994 1264/555/993 1249/530/1008
f 1258/533/1017 1273/558/1002 1272/556/1001 1257/531/1016
f 1251/534/1010 1266/559/995 1265/557/994 1250/532/1009
f 1259/535/1018 1274/545/1003 1273/558/1002 1258/533/1017
f 1252/536/1011 1267/546/996 1266/559/995 1251/534/1010
f 1245/538/1004 1260/548/989 1214/560/732
f 1272/556/1001 1287/562/986 1286/561/985 1271/554/1000
f 1265/557/994 1280/564/979 1279/563/978 1264/555/993
f 1273/558/1002 1288/565/987 1287/562/986 1272/556/1001
f 1266/559/995 1281/566/980 1280/564/979 1265/557/994
f 1274/545/1003 1289/567/988 1288/565/987 1273/558/1002
f 1267/546/996 1282/568/981 1281/566/980 1266/559/995
f 1260/548/989 1275/570/974 1214/569/732
f 1440/571/958 1289/567/988 1274/545/1003
f 1268/547/997 1283/572/982 1282/568/981 1267/546/996
f 1261/549/990 1276/573/975 1275/570/974 1260/548/989
f 1269/550/998 1284/574/983 1283/572/982 1268/547/997
f 1262/551/991 1277/575/976 1276/573/975 1261/549/990
f 1270/552/999 1285/576/984 1284/574/983 1269/550/998
f 1263/553/992 1278/577/977 1277/575/976 1262/551/991
f 1271/554/1000 1286/561/985 1285/576/984 1270/552/999
f 1264/555/993 1279/563/978 1278/577/977 1263/553/992
f 1276/573/975 1291/579/960 1290/578/959 1275/570/974
f 1284/574/983 1299/581/968 1298/580/967 1283/572/982
f 1277/575/976 1292/582/961 1291/579/960 1276/573/975
f 1285/576/984 1300/583/969 1299/581/968 1284/574/983
f 1278/577/977 1293/584/962 1292/582/961 1277/575/976
f 1286/561/985 1301/585/970 1300/583/969 1285/576/984
f 1279/563/978 1294/586/963 1293/584/962 1278/577/977
f 1287/562/986 1302/587/971 1301/585/970 1286/561/985
f 1280/564/979 1295/588/964 1294/586/963 1279/563/978
f 1288/565/987 1303/589/972 1302/587/971 1287/562/986
f 1281/566/980 1296/590/965 1295/588/964 1280/564/979
f 1289/567/988 1304/591/973 1303/589/972 1288/565/987
f 1282/568/981 1297/592/966 1296/590/965 1281/566/980
f 1275/570/974 1290/578/959 1214/593/732
f 1440/594/958 1304/591/973 1289/567/988
f 1283/572/982 1298/580/967 1297/592/966 1282/568/981
f 1295/588/964 1310/596/948 1309/595/947 1294/586/963
f 1303/589/972 1318/598/956 1317/597/955 1302/587/971
f 1296/590/965 1311/599/949 1310/596/948 1295/588/964
f 1304/591/973 1319/600/957 1318/598/956 1303/589/972
f 1297/592/966 1312/601/950 1311/599/949 1296/590/965
f 1290/578/959 1305/603/943 1214/602/732
f 1440/604/958 1319/600/957 1304/591/973
f 1298/580/967 1313/605/951 1312/601/950 1297/592/966
f 1291/579/960 1306/606/944 1305/603/943 1290/578/959
f 1299/581/968 1314/607/952 1313/605/951 1298/580/967
f 1292/582/961 1307/608/945 1306/606/944 1291/579/960
f 1300/583/969 1315/609/953 1314/607/952 1299/581/968
f 1293/584/962 1308/610/946 1307/608/945 1292/582/961
f 1301/585/970 1316/611/954 1315/609/953 1300/583/969
f 1294/586/963 1309/595/947 1308/610/946 1293/584/962
f 1302/587/971 1317/597/955 1316/611/954 1301/585/970
f 1314/607/952 1329/613/937 1328/612/936 1313/605/951
f 1307/608/945 1322/615/930 1321/614/929 1306/606/944
f 1315/609/953 1330/616/938 1329/613/937 1314/607/952
f 1308/610/946 1323/617/931 1322/615/930 1307/608/945
f 1316/611/954 1331/618/939 1330/616/938 1315/609/953
f 1309/595/947 1324/619/932 1323/617/931 1308/610/946
f 1317/597/955 1332/620/940 1331/618/939 1316/611/954
f 1310/596/948 1325/621/933 1324/619/932 1309/595/947
f 1318/598/956 1333/622/941 1332/620/940 1317/597/955
f 1311/599/949 1326/623/934 1325/621/933 1310/596/948
f 1319/600/957 1334/624/942 1333/622/941 1318/598/956
f 1312/601/950 1327/625/935 1326/623/934 1311/599/949
f 1305/603/943 1320/627/928 1214/626/732
f 1440/628/958 1334/624/942 1319/600/957
f 1313/605/951 1328/612/936 1327/625/935 1312/601/950
f 1306/606/944 1321/614/929 1320/627/928 1305/603/943
f 1333/622/941 1348/630/926 1347/629/925 1332/620/940
f 1326/623/934 1341/632/919 1340/631/918 1325/621/933
f 1334/624/942 1349/633/927 1348/630/926 1333/622/941
f 1327/625/935 1342/634/920 1341/632/919 1326/623/934
f 1320/627/928 1335/636/913 1214/635/732
f 1440/637/958 1349/633/927 1334/624/942
f 1328/612/936 1343/638/921 1342/634/920 1327/625/935
f 1321/614/929 1336/639/914 1335/636/913 1320/627/928
f 1329/613/937 1344/640/922 1343/638/921 1328/612/936
f 1322/615/930 1337/641/915 1336/639/914 1321/614/929
f 1330/616/938 1345/642/923 1344/640/922 1329/613/937
f 1323/617/931 1338/643/916 1337/641/915 1322/615/930
f 1331/618/939 1346/644/924 1345/642/923 1330/616/938
f 1324/619/932 1339/645/917 1338/643/916 1323/617/931
f 1332/620/940 1347/629/925 1346/644/924 1331/618/939
f 1325/621/933 1340/631/918 1339/645/917 1324/619/932
f 1337/641/915 1352/647/900 1351/646/899 1336/639/914
f 1345/642/923 1360/649/908 1359/648/907 1344/640/922
f 1338/643/916 1353/650/901 1352/647/900 1337/641/915
f 1346/644/924 1361/651/909 1360/649/908 1345/642/923
f 1339/645/917 1354/652/902 1353/650/901 1338/643/916
f 1347/629/925 1362/653/910 1361/651/909 1346/644/924
f 1340/631/918 1355/654/903 1354/652/902 1339/645/917
f 1348/630/926 1363/655/911 1362/653/910 1347/629/925
f 1341/632/919 1356/656/904 1355/654/903 1340/631/918
f 1349/633/927 1364/657/912 1363/655/911 1348/630/926
f 1342/634/920 1357/658/905 1356/656/904 1341/632/919
f 1335/636/913 1350/660/898 1214/659/732
f 1440/661/958 1364/657/912 1349/633/927
f 1343/638/921 1358/662/906 1357/658/905 1342/634/920
f 1336/639/914 1351/646/899 1350/660/898 1335/636/913
f 1344/640/922 1359/648/907 1358/662/906 1343/638/921
f 1356/656/904 1371/664/889 1370/663/888 1355/654/903
f 1364/657/912 1379/666/897 1378/665/896 1363/655/911
f 1357/658/905 1372/667/890 1371/664/889 1356/656/904
f 1350/660/898 1365/669/883 1214/668/732
f 1440/670/958 1379/666/897 1364/657/912
f 1358/662/906 1373/671/891 1372/667/890 1357/658/905
f 1351/646/899 1366/672/884 1365/669/883 1350/660/898
f 1359/648/907 1374/673/892 1373/671/891 1358/662/906
f 1352/647/900 1367/674/885 1366/672/884 1351/646/899
f 1360/649/908 1375/675/893 1374/673/892 1359/648/907
f 1353/650/901 1368/676/886 1367/674/885 1352/647/900
f 1361/651/909 1376/677/894 1375/675/893 1360/649/908
f 1354/652/902 1369/678/887 1368/676/886 1353/650/901
f 1362/653/910 1377/679/895 1376/677/894 1361/651/909
f 1355/654/903 1370/663/888 1369/678/887 1354/652/902
f 1363/655/911 1378/665/896 1377/679/895 1362/653/910
f 1375/675/893 1390/681/878 1389/680/877 1374/673/892
f 1368/676/886 1383/683/871 1382/682/870 1367/674/885
f 1376/677/894 1391/684/879 1390/681/878 1375/675/893
f 1369/678/887 1384/685/872 1383/683/871 1368/676/886
f 1377/679/895 1392/686/880 1391/684/879 1376/677/894
f 1370/663/888 1385/687/873 1384/685/872 1369/678/887
f 1378/665/896 1393/688/881 1392/686/880 1377/679/895
f 1371/664/889 1386/689/874 1385/687/873 1370/663/888
f 1379/666/897 1394/690/882 1393/688/881 1378/665/896
f 1372/667/890 1387/691/875 1386/689/874 1371/664/889
f 1365/669/883 1380/693/868 1214/692/732
f 1440/694/958 1394/690/882 1379/666/897
f 1373/671/891 1388/695/876 1387/691/875 1372/667/890
f 1366/672/884 1381/696/869 1380/693/868 1365/669/883
f 1374/673/892 1389/680/877 1388/695/876 1373/671/891
f 1367/674/885 1382/682/870 1381/696/869 1366/672/884
f 1394/690/882 1409/698/867 1408/697/866 1393/688/881
f 1387/691/875 1402/700/860 1401/699/859 1386/689/874
f 1380/693/868 1395/702/853 1214/701/732
f 1440/703/958 1409/698/867 1394/690/882
f 1388/695/876 1403/704/861 1402/700/860 1387/691/875
f 1381/696/869 1396/705/854 1395/702/853 1380/693/868
f 1389/680/877 1404/706/862 1403/704/861 1388/695/876
f 1382/682/870 1397/707/855 1396/705/854 1381/696/869
f 1390/681/878 1405/708/863 1404/706/862 1389/680/877
f 1383/683/871 1398/709/856 1397/707/855 1382/682/870
f 1391/684/879 1406/710/864 1405/708/863 1390/681/878
f 1384/685/872 1399/711/857 1398/709/856 1383/683/871
f 1392/686/880 1407/712/865 1406/710/864 1391/684/879
f 1385/687/873 1400/713/858 1399/711/857 1384/685/872
f 1393/688/881 1408/697/866 1407/712/865 1392/686/880
f 1386/689/874 1401/699/859 1400/713/858 1385/687/873
f 1406/710/864 1421/715/849 1420/714/848 1405/708/863
f 1399/711/857 1414/717/842 1413/716/841 1398/709/856
f 1407/712/865 1422/718/850 1421/715/849 1406/710/864
f 1400/713/858 1415/719/843 1414/717/842 1399/711/857
f 1408/697/866 1423/720/851 1422/718/850 1407/712/865
f 1401/699/859 1416/721/844 1415/719/843 1400/713/858
f 1409/698/867 1424/722/852 1423/720/851 1408/697/866
f 1402/700/860 1417/723/845 1416/721/844 1401/699/859
f 1395/702/853 1410/725/838 1214/724/732
f 1440/726/958 1424/722/852 1409/698/867
f 1403/704/861 1418/727/846 1417/723/845 1402/700/860
f 1396/705/854 1411/728/839 1410/725/838 1395/702/853
f 1404/706/862 1419/729/847 1418/727/846 1403/704/861
f 1397/707/855 1412/730/840 1411/728/839 1396/705/854
f 1405/708/863 1420/714/848 1419/729/847 1404/706/862
f 1398/709/856 1413/716/841 1412/730/840 1397/707/855
f 1410/725/838 1425/732/823 1214/731/732
f 1440/733/958 1439/734/837 1424/722/852
f 1418/727/846 1433/736/831 1432/735/830 1417/723/845
f 1411/728/839 1426/737/824 1425/732/823 1410/725/838
f 1419/729/847 1434/738/832 1433/736/831 1418/727/846
f 1412/730/840 1427/739/825 1426/737/824 1411/728/839
f 1420/714/848 1435/740/833 1434/738/832 1419/729/847
f 1413/716/841 1428/741/826 1427/739/825 1412/730/840
f 1421/715/849 1436/742/834 1435/740/833 1420/714/848
f 1414/717/842 1429/743/827 1428/741/826 1413/716/841
f 1422/718/850 1437/744/835 1436/742/834 1421/715/849
f 1415/719/843 1430/745/828 1429/743/827 1414/717/842
f 1423/720/851 1438/746/836 1437/744/835 1422/718/850
f 1416/721/844 1431/747/829 1430/745/828 1415/719/843
f 1424/722/852 1439/734/837 1438/746/836 1423/720/851
f 1417/723/845 1432/735/830 1431/747/829 1416/721/844
f 1429/743/827 1445/749/812 1444/748/811 1428/741/826
f 1437/744/835 1453/751/820 1452/750/819 1436/742/834
f 1430/745/828 1446/752/813 1445/749/812 1429/743/827
f 1438/746/836 1454/753/821 1453/751/820 1437/744/835
f 1431/747/829 1447/754/814 1446/752/813 1430/745/828
f 1439/734/837 1455/755/822 1454/753/821 1438/746/836
f 1432/735/830 1448/756/815 1447/754/814 1431/747/829
f 1425/732/823 1441/758/808 1214/757/732
f 1440/759/958 1455/755/822 1439/734/837
f 1433/736/831 1449/760/816 1448/756/815 1432/735/830
f 1426/737/824 1442/761/809 1441/758/808 1425/732/823
f 1434/738/832 1450/762/817 1449/760/816 1433/736/831
f 1427/739/825 1443/763/810 1442/761/809 1426/737/824
f 1435/740/833 1451/764/818 1450/762/817 1434/738/832
f 1428/741/826 1444/748/811 1443/763/810 1427/739/825
f 1436/742/834 1452/750/819 1451/764/818 1435/740/833
f 1449/760/816 1464/766/801 1463/765/800 1448/756/815
f 1442/761/809 1457/768/794 1456/767/793 1441/758/808
f 1450/762/817 1465/769/802 1464/766/801 1449/760/816
f 1443/763/810 1458/770/795 1457/768/794 1442/761/809
f 1451/764/818 1466/771/803 1465/769/802 1450/762/817
f 1444/748/811 1459/772/796 1458/770/795 1443/763/810
f 1452/750/819 1467/773/804 1466/771/803 1451/764/818
f 1445/749/812 1460/774/797 1459/772/796 1444/748/811
f 1453/751/820 1468/775/805 1467/773/804 1452/750/819
f 1446/752/813 1461/776/798 1460/774/797 1445/749/812
f 1454/753/821 1469/777/806 1468/775/805 1453/751/820
f 1447/754/814 1462/778/799 1461/776/798 1446/752/813
f 1455/755/822 1470/779/807 1469/777/806 1454/753/821
f 1448/756/815 1463/765/800 1462/778/799 1447/754/814
f 1441/758/808 1456/767/793 1214/780/732
f 1440/781/958 1470/779/807 1455/755/822
f 1468/775/805 1483/783/790 1482/782/789 1467/773/804
f 1461/776/798 1476/785/783 1475/784/782 1460/774/797
f 1469/777/806 1484/786/791 1483/783/790 1468/775/805
f 1462/778/799 1477/787/784 1476/785/783 1461/776/798
f 1470/779/807 1485/788/792 1484/786/791 1469/777/806
f 1463/765/800 1478/789/785 1477/787/784 1462/778/799
f 1456/767/793 1471/791/778 1214/790/732
f 1440/792/958 1485/788/792 1470/779/807
f 1464/766/801 1479/793/786 1478/789/785 1463/765/800
f 1457/768/794 1472/794/779 1471/791/778 1456/767/793
f 1465/769/802 1480/795/787 1479/793/786 1464/766/801
f 1458/770/795 1473/796/780 1472/794/779 1457/768/794
f 1466/771/803 1481/797/788 1480/795/787 1465/769/802
f 1459/772/796 1474/798/781 1473/796/780 1458/770/795
f 1467/773/804 1482/782/789 1481/797/788 1466/771/803
f 1460/774/797 1475/784/782 1474/798/781 1459/772/796
f 1472/794/779 1487/800/764 1486/799/763 1471/791/778
f 1480/795/787 1495/802/772 1494/801/771 1479/793/786
f 1473/796/780 1488/803/765 1487/800/764 1472/794/779
f 1481/797/788 1496/804/773 1495/802/772 1480/795/787
f 1474/798/781 1489/805/766 1488/803/765 1473/796/780
f 1482/782/789 1497/806/774 1496/804/773 1481/797/788
f 1475/784/782 1490/807/767 1489/805/766 1474/798/781
f 1483/783/790 1498/808/775 1497/806/774 1482/782/789
f 1476/785/783 1491/809/768 1490/807/767 1475/784/782
f 1484/786/791 1499/810/776 1498/808/775 1483/783/790
f 1477/787/784 1492/811/769 1491/809/768 1476/785/783
f 1485/788/792 1500/812/777 1499/810/776 1484/786/791
f 1478/789/785 1493/813/770 1492/811/769 1477/787/784
f 1471/791/778 1486/799/763 1214/814/732
f 1440/815/958 1500/812/777 1485/788/792
f 1479/793/786 1494/801/771 1493/813/770 1478/789/785
f 1491/816/768 1506/819/753 1505/818/752 1490/817/767
f 1499/820/776 1514/823/761 1513/822/760 1498/821/775
f 1492/824/769 1507/825/754 1506/819/753 1491/816/768
f 1500/826/777 1515/827/762 1514/823/761 1499/820/776
f 1493/828/770 1508/829/755 1507/825/754 1492/824/769
f 1486/830/763 1501/832/748 1214/831/732
f 1440/833/958 1515/827/762 1500/826/777
f 1494/834/771 1509/835/756 1508/829/755 1493/828/770
f 1487/836/764 1502/837/749 1501/832/748 1486/830/763
f 1495/838/772 1510/839/757 1509/835/756 1494/834/771
f 1488/840/765 1503/841/750 1502/837/749 1487/836/764
f 1496/842/773 1511/843/758 1510/839/757 1495/838/772
f 1489/844/766 1504/845/751 1503/841/750 1488/840/765
f 1497/846/774 1512/847/759 1511/843/758 1496/842/773
f 1490/817/767 1505/818/752 1504/845/751 1489/844/766
f 1498/821/775 1513/822/760 1512/847/759 1497/846/774
f 1510/839/757 1525/849/742 1524/848/741 1509/835/756
f 1503/841/750 1518/851/735 1517/850/734 1502/837/749
f 1511/843/758 1526/852/743 1525/849/742 1510/839/757
f 1504/845/751 1519/853/736 1518/851/735 1503/841/750
f 1512/847/759 1527/854/744 1526/852/743 1511/843/758
f 1505/818/752 1520/855/737 1519/853/736 1504/845/751
f 1513/822/760 1528/856/745 1527/854/744 1512/847/759
f 1506/819/753 1521/857/738 1520/855/737 1505/818/752
f 1514/823/761 1529/858/746 1528/856/745 1513/822/760
f 1507/825/754 1522/859/739 1521/857/738 1506/819/753
f 1515/827/762 1530/860/747 1529/858/746 1514/823/761
f 1508/829/755 1523/861/740 1522/859/739 1507/825/754
f 1501/832/748 1516/863/733 1214/862/732
f 1440/864/958 1530/860/747 1515/827/762
f 1509/835/756 1524/848/741 1523/861/740 1508/829/755
f 1502/837/749 1517/850/734 1516/863/733 1501/832/748
f 1529/858/746 1544/866/730 1543/865/729 1528/856/745
f 1522/859/739 1537/868/723 1536/867/722 1521/857/738
f 1530/860/747 1545/869/731 1544/866/730 1529/858/746
f 1523/861/740 1538/870/724 1537/868/723 1522/859/739
f 1516/863/733 1531/872/717 1214/871/732
f 1440/873/958 1545/869/731 1530/860/747
f 1524/848/741 1539/874/725 1538/870/724 1523/861/740
f 1517/850/734 1532/875/718 1531/872/717 1516/863/733
f 1525/849/742 1540/876/726 1539/874/725 1524/848/741
f 1518/851/735 1533/877/719 1532/875/718 1517/850/734
f 1526/852/743 1541/878/727 1540/876/726 1525/849/742
f 1519/853/736 1534/879/720 1533/877/719 1518/851/735
f 1527/854/744 1542/880/728 1541/878/727 1526/852/743
f 1520/855/737 1535/881/721 1534/879/720 1519/853/736
f 1528/856/745 1543/865/729 1542/880/728 1527/854/744
f 1521/857/738 1536/867/722 1535/881/721 1520/855/737
f 1541/878/727 1556/883/712 1555/882/711 1540/876/726
f 1534/879/720 1549/885/705 1548/884/704 1533/877/719
f 1542/880/728 1557/886/713 1556/883/712 1541/878/727
f 1535/881/721 1550/887/706 1549/885/705 1534/879/720
f 1543/865/729 1558/888/714 1557/886/713 1542/880/728
f 1536/867/722 1551/889/707 1550/887/706 1535/881/721
f 1544/866/730 1559/890/715 1558/888/714 1543/865/729
f 1537/868/723 1552/891/708 1551/889/707 1536/867/722
f 1545/869/731 1560/892/716 1559/890/715 1544/866/730
f 1538/870/724 1553/893/709 1552/891/708 1537/868/723
f 1531/872/717 1546/895/702 1214/894/732
f 1440/896/958 1560/892/716 1545/869/731
f 1539/874/725 1554/897/710 1553/893/709 1538/870/724
f 1532/875/718 1547/898/703 1546/895/702 1531/872/717
f 1540/876/726 1555/882/711 1554/897/710 1539/874/725
f 1533/877/719 1548/884/704 1547/898/703 1532/875/718
f 1560/892/716 1575/900/701 1574/899/700 1559/890/715
f 1553/893/709 1568/902/694 1567/901/693 1552/891/708
f 1546/895/702 1561/904/687 1214/903/732
f 1440/905/958 1575/900/701 1560/892/716
f 1554/897/710 1569/906/695 1568/902/694 1553/893/709
f 1547/898/703 1562/907/688 1561/904/687 1546/895/702
f 1555/882/711 1570/908/696 1569/906/695 1554/897/710
f 1548/884/704 1563/909/689 1562/907/688 1547/898/703
f 1556/883/712 1571/910/697 1570/908/696 1555/882/711
f 1549/885/705 1564/911/690 1563/909/689 1548/884/704
f 1557/886/713 1572/912/698 1571/910/697 1556/883/712
f 1550/887/706 1565/913/691 1564/911/690 1549/885/705
f 1558/888/714 1573/914/699 1572/912/698 1557/886/713
f 1551/889/707 1566/915/692 1565/913/691 1550/887/706
f 1559/890/715 1574/899/700 1573/914/699 1558/888/714
f 1552/891/708 1567/901/693 1566/915/692 1551/889/707
f 1564/911/690 1579/917/675 1578/916/674 1563/909/689
f 1572/912/698 1587/919/683 1586/918/682 1571/910/697
f 1565/913/691 1580/920/676 1579/917/675 1564/911/690
f 1573/914/699 1588/921/684 1587/919/683 1572/912/698
f 1566/915/692 1581/922/677 1580/920/676 1565/913/691
f 1574/899/700 1589/923/685 1588/921/684 1573/914/699
f 1567/901/693 1582/924/678 1581/922/677 1566/915/692
f 1575/900/701 1590/925/686 1589/923/685 1574/899/700
f 1568/902/694 1583/926/679 1582/924/678 1567/901/693
f 1561/904/687 1576/928/672 1214/927/732
f 1440/929/958 1590/925/686 1575/900/701
f 1569/906/695 1584/930/680 1583/926/679 1568/902/694
f 1562/907/688 1577/931/673 1576/928/672 1561/904/687
f 1570/908/696 1585/932/681 1584/930/680 1569/906/695
f 1563/909/689 1578/916/674 1577/931/673 1562/907/688
f 1571/910/697 1586/918/682 1585/932/681 1570/908/696
f 1583/926/679 1598/934/664 1597/933/663 1582/924/678
f 1576/928/672 1591/936/657 1214/935/732
f 1440/937/958 1605/938/671 1590/925/686
f 1584/930/680 1599/939/665 1598/934/664 1583/926/679
f 1577/931/673 1592/940/658 1591/936/657 1576/928/672
f 1585/932/681 1600/941/666 1599/939/665 1584/930/680
f 1578/916/674 1593/942/659 1592/940/658 1577/931/673
f 1586/918/682 1601/943/667 1600/941/666 1585/932/681
f 1579/917/675 1594/944/660 1593/942/659 1578/916/674
f 1587/919/683 1602/945/668 1601/943/667 1586/918/682
f 1580/920/676 1595/946/661 1594/944/660 1579/917/675
f 1588/921/684 1603/947/669 1602/945/668 1587/919/683
f 1581/922/677 1596/948/662 1595/946/661 1580/920/676
f 1589/923/685 1604/949/670 1603/947/669 1588/921/684
f 1582/924/678 1597/933/663 1596/948/662 1581/922/677
f 1590/925/686 1605/938/671 1604/949/670 1589/923/685
f 1602/945/668 1611/397/1129 1138/398/656 1601/943/667
f 1595/946/661 1134/401/652 1608/393/1126 1594/944/660
f 1603/947/669 1612/403/1130 1611/397/1129 1602/945/668
f 1596/948/662 1609/405/1127 1134/401/652 1595/946/661
f 1604/949/670 1613/407/1131 1612/403/1130 1603/947/669
f 1597/933/663 1135/409/653 1609/405/1127 1596/948/662
f 1605/938/671 1614/411/1132 1613/407/1131 1604/949/670
f 1598/934/664 1136/413/654 1135/409/653 1597/933/663
f 1591/936/657 1606/415/1124 1214/950/732
f 1440/951/958 1614/411/1132 1605/938/671
f 1599/939/665 1137/419/655 1136/413/654 1598/934/664
f 1592/940/658 1607/421/1125 1606/415/1124 1591/936/657
f 1600/941/666 1610/423/1128 1137/419/655 1599/939/665
f 1593/942/659 1133/394/651 1607/421/1125 1592/940/658
f 1601/943/667 1138/398/656 1610/423/1128 1600/941/666
f 1594/944/660 1608/393/1126 1133/394/651 1593/942/659
o head
v 0.000000 2.788319 -0.658663
v 0.000000 2.461223 -0.985759
v 0.000000 2.033852 -1.162782
v 0.000000 1.802560 -1.185562
v 0.000000 1.571268 -1.162782
v 0.000000 1.122955 -0.973303
v 0.000000 2.988122 0.000000
v 0.000000 2.965342 0.231292
v 0.000000 2.897877 0.453695
v 0.000000 2.788319 0.658663
v 0.000000 2.640861 0.838323
v 0.000000 2.452968 0.987562
v 0.000000 2.240487 1.098761
v 0.000000 2.023241 1.165099
v 0.000000 1.935928 1.185780
v 0.000000 1.571268 1.162782
v 0.000000 1.348865 1.095317
v 0.000000 1.143950 0.985753
v 0.000000 0.969191 0.837774
v 0.000000 0.818724 0.658451
v 0.000000 0.707243 0.453695
v 0.000000 0.639778 0.231292
v -0.045123 2.965342 0.226847
v -0.088512 2.897877 0.444977
v -0.128499 2.788319 0.646007
v -0.160878 2.634260 0.823657
v -0.277802 2.402879 0.974599
v -0.188798 2.200146 1.076993
v -0.209077 1.997247 1.139910
v -0.304540 1.927568 1.174625
v -0.219079 1.574829 1.142859
v -0.213686 1.348865 1.074270
v -0.187712 1.157202 0.965352
v -0.153658 0.968462 0.819060
v -0.123720 0.830621 0.644484
v -0.088512 0.707243 0.444977
v -0.045123 0.639778 0.226847
v -0.088511 2.965342 0.213686
v -0.173622 2.897877 0.419159
v -0.252059 2.788319 0.608525
v -0.314883 2.626184 0.777716
v -0.315406 2.455940 0.888413
v -0.276089 2.217479 0.761139
v -0.330240 1.968712 0.875799
v -0.409015 1.866941 1.051652
v -0.423003 1.582256 1.080514
v -0.418822 1.349841 1.011833
v -0.366784 1.174118 0.907393
v -0.303094 0.968538 0.768052
v -0.243633 0.841172 0.605840
v -0.173620 0.707249 0.419159
v -0.088511 0.639778 0.213686
v -0.128499 2.965342 0.192312
v -0.252059 2.897877 0.377234
v -0.365934 2.788319 0.547658
v -0.460035 2.626723 0.700129
v -0.492321 2.497012 0.745269
v -0.619064 2.258930 0.559942
v -0.632489 2.012549 0.645351
v -0.684154 1.892428 0.858930
v -0.676357 1.622594 0.944562
v -0.609556 1.352819 0.909552
v -0.537923 1.172052 0.816526
v -0.458885 0.974181 0.668662
v -0.349555 0.860395 0.538492
v -0.252059 0.707244 0.377234
v -0.128499 0.639778 0.192312
v -0.163548 2.965342 0.163548
v -0.320811 2.897877 0.320811
v -0.465745 2.788319 0.465745
v -0.590517 2.635265 0.594007
v -0.678971 2.443710 0.675055
v -0.762341 2.261494 0.647709
v -0.797647 2.053292 0.724731
v -0.770822 1.928684 0.810709
v -0.847225 1.680770 0.792388
v -0.777683 1.357179 0.771735
v -0.692715 1.154314 0.696095
v -0.563206 0.974036 0.557147
v -0.442260 0.863032 0.455615
v -0.320811 0.707243 0.320811
v -0.163548 0.639778 0.163548
v 0.000000 0.614108 -0.000240
v -0.192312 2.965342 0.128499
v -0.377234 2.897877 0.252059
v -0.547658 2.788319 0.365933
v -0.697037 2.640879 0.465745
v -0.817142 2.455059 0.549004
v -0.890615 2.256155 0.612200
v -0.918685 2.056357 0.659931
v -0.967749 1.871564 0.653220
v -0.976687 1.603892 0.636165
v -0.910722 1.348865 0.608525
v -0.814031 1.146203 0.549027
v -0.634775 0.960104 0.446940
v -0.531912 0.830121 0.366516
v -0.377234 0.707243 0.252059
v -0.192312 0.639778 0.128499
v -0.213686 2.965342 0.088511
v -0.419159 2.897877 0.173621
v -0.608525 2.788319 0.252059
v -0.774506 2.640879 0.320811
v -0.910722 2.461223 0.377233
v -1.011940 2.256255 0.419159
v -1.071960 2.035213 0.445644
v -1.095148 1.802659 0.453743
v -1.074270 1.571268 0.444977
v -1.011940 1.348865 0.419159
v -0.910722 1.143897 0.377233
v -0.755950 0.971887 0.325350
v -0.608288 0.816899 0.252117
v -0.419159 0.707243 0.173621
v -0.213686 0.639778 0.088511
v -0.226847 2.965342 0.045123
v -0.444977 2.897877 0.088511
v -0.646007 2.788319 0.128499
v -0.822211 2.640879 0.163548
v -0.966817 2.461223 0.192312
v -1.074270 2.256255 0.213686
v -1.140439 2.033852 0.226847
v -1.162781 1.802560 0.231291
v -1.140439 1.571268 0.226847
v -1.074270 1.348865 0.213686
v -0.966817 1.143897 0.192312
v -0.822211 0.964241 0.163548
v -0.646007 0.816801 0.128499
v -0.444977 0.707243 0.088511
v -0.226847 0.639778 0.045123
v -0.231292 2.965342 -0.000000
v -0.453695 2.897877 -0.000000
v -0.658663 2.788319 -0.000000
v -0.838319 2.640879 -0.000000
v -0.985759 2.461223 -0.000000
v -1.095316 2.256255 -0.000000
v -1.162782 2.033852 -0.000000
v -1.185561 1.802560 -0.000001
v -1.162782 1.571268 -0.000000
v -1.095316 1.348865 -0.000000
v -0.985759 1.143897 -0.000000
v -0.838319 0.964241 -0.000000
v -0.658663 0.816801 -0.000000
v -0.453695 0.707243 -0.000000
v -0.231292 0.639778 -0.000000
v -0.226847 2.965342 -0.045123
v -0.444977 2.897877 -0.088512
v -0.646007 2.788319 -0.128499
v -0.822211 2.640879 -0.163548
v -0.966817 2.461223 -0.192312
v -1.074270 2.256255 -0.213686
v -1.140439 2.033852 -0.226848
v -1.162781 1.802560 -0.231292
v -1.140439 1.571268 -0.226848
v -1.074270 1.348865 -0.213686
v -0.966817 1.143897 -0.192312
v -0.822211 0.964241 -0.163548
v -0.646007 0.816801 -0.128499
v -0.444977 0.707243 -0.088512
v -0.226848 0.639763 -0.045124
v -0.213685 2.965342 -0.088511
v -0.419159 2.897877 -0.173622
v -0.608525 2.788319 -0.252059
v -0.774506 2.640879 -0.320811
v -0.910722 2.461223 -0.377234
v -1.011940 2.256255 -0.419159
v -1.074270 2.033852 -0.444978
v -1.095315 1.802560 -0.453695
v -1.074270 1.571268 -0.444978
v -1.011940 1.348865 -0.419159
v -0.910722 1.143897 -0.377234
v -0.774506 0.964241 -0.320811
v -0.608525 0.816801 -0.252059
v -0.419159 0.707243 -0.173622
v -0.213751 0.638630 -0.088607
v -0.192312 2.965342 -0.128499
v -0.377233 2.897877 -0.252059
v -0.547658 2.788319 -0.365933
v -0.697037 2.640879 -0.465745
v -0.819628 2.461223 -0.547658
v -0.910722 2.256255 -0.608525
v -0.966817 2.033852 -0.646007
v -0.985758 1.802560 -0.658663
v -0.966817 1.571268 -0.646007
v -0.910722 1.348865 -0.608525
v -0.819628 1.143897 -0.547658
v -0.697037 0.964241 -0.465745
v -0.547658 0.816801 -0.365933
v -0.377104 0.706630 -0.251760
v -0.192301 0.635003 -0.128294
v -0.163548 2.965342 -0.163548
v -0.320811 2.897877 -0.320811
v -0.465745 2.788319 -0.465745
v -0.592781 2.640879 -0.592781
v -0.697036 2.461223 -0.697037
v -0.774506 2.256255 -0.774506
v -0.822210 2.033852 -0.822211
v -0.838318 1.802560 -0.838319
v -0.822210 1.571268 -0.822211
v -0.774506 1.348865 -0.774506
v -0.697036 1.143897 -0.697037
v -0.592781 0.964241 -0.592781
v -0.463863 0.813471 -0.463433
v -0.314367 0.690424 -0.313184
v -0.162634 0.627227 -0.161126
v -0.128499 2.965342 -0.192312
v -0.252059 2.897877 -0.377234
v -0.365933 2.788319 -0.547658
v -0.465745 2.640879 -0.697037
v -0.547658 2.461223 -0.819628
v -0.608525 2.256255 -0.910722
v -0.646007 2.033852 -0.966818
v -0.658662 1.802560 -0.985758
v -0.646007 1.571268 -0.966818
v -0.608525 1.348865 -0.910722
v -0.547658 1.143897 -0.819628
v -0.464423 0.961186 -0.694616
v -0.344294 0.779067 -0.526795
v -0.231113 0.655472 -0.354471
v -0.125450 0.615874 -0.186162
v -0.088511 2.965342 -0.213685
v -0.173621 2.897877 -0.419159
v -0.252059 2.788319 -0.608525
v -0.320811 2.640879 -0.774506
v -0.377233 2.461223 -0.910722
v -0.419159 2.256255 -1.011940
v -0.444977 2.033852 -1.074270
v -0.453694 1.802560 -1.095316
v -0.444977 1.571268 -1.074270
v -0.419159 1.348865 -1.011940
v -0.377219 1.143859 -0.910690
v -0.301314 0.930873 -0.752764
v -0.193061 0.713259 -0.556356
v -0.126875 0.608777 -0.376758
v -0.080860 0.602844 -0.203083
v -0.045123 2.965342 -0.226847
v -0.088511 2.897877 -0.444977
v -0.128498 2.788319 -0.646006
v -0.163548 2.640879 -0.822211
v -0.192312 2.461223 -0.966817
v -0.213686 2.256255 -1.074270
v -0.226847 2.033852 -1.140439
v -0.231291 1.802560 -1.162781
v -0.226847 1.571268 -1.140439
v -0.213686 1.348865 -1.074270
v -0.189707 1.136920 -0.960983
v -0.102343 0.872668 -0.769722
v 0.001190 0.635730 -0.553437
v -0.005818 0.563708 -0.384541
v -0.029529 0.590855 -0.212073
v 0.000000 2.965342 -0.231291
v 0.000000 2.897877 -0.453695
v 0.000000 2.640879 -0.838319
v 0.000000 2.256255 -1.095316
v 0.000000 1.348865 -1.095316
v 0.000000 0.830393 -0.760213
v 0.000000 0.603575 -0.550924
v 0.000000 0.549534 -0.386007
v 0.000000 0.584420 -0.214182
v 0.045123 2.965342 0.226847
v 0.088512 2.897877 0.444977
v 0.128499 2.788319 0.646007
v 0.160878 2.634260 0.823657
v 0.277802 2.402879 0.974599
v 0.188798 2.200146 1.076993
v 0.209077 1.997247 1.139910
v 0.304540 1.927568 1.174625
v 0.219079 1.574829 1.142859
v 0.213686 1.348865 1.074270
v 0.187712 1.157202 0.965352
v 0.153658 0.968462 0.819060
v 0.123720 0.830621 0.644484
v 0.088512 0.707243 0.444977
v 0.045123 0.639778 0.226847
v 0.088511 2.965342 0.213686
v 0.173622 2.897877 0.419159
v 0.252059 2.788319 0.608525
v 0.314883 2.626184 0.777716
v 0.315406 2.455940 0.888413
v 0.276089 2.217479 0.761139
v 0.330240 1.968712 0.875799
v 0.409015 1.866941 1.051652
v 0.423003 1.582256 1.080514
v 0.418822 1.349841 1.011833
v 0.366784 1.174118 0.907393
v 0.303094 0.968538 0.768052
v 0.243633 0.841172 0.605840
v 0.173620 0.707249 0.419159
v 0.088511 0.639778 0.213686
v 0.128499 2.965342 0.192312
v 0.252059 2.897877 0.377234
v 0.365934 2.788319 0.547658
v 0.460035 2.626723 0.700129
v 0.492321 2.497012 0.745269
v 0.619064 2.258930 0.559942
v 0.632489 2.012549 0.645351
v 0.684154 1.892428 0.858930
v 0.676357 1.622594 0.944562
v 0.609556 1.352819 0.909552
v 0.537923 1.172052 0.816526
v 0.458885 0.974181 0.668662
v 0.349555 0.860395 0.538492
v 0.252059 0.707244 0.377234
v 0.128499 0.639778 0.192312
v 0.163548 2.965342 0.163548
v 0.320811 2.897877 0.320811
v 0.465745 2.788319 0.465745
v 0.590517 2.635265 0.594007
v 0.678971 2.443710 0.675055
v 0.762341 2.261494 0.647709
v 0.797647 2.053292 0.724731
v 0.770822 1.928684 0.810709
v 0.847225 1.680770 0.792388
v 0.777683 1.357179 0.771735
v 0.692715 1.154314 0.696095
v 0.563206 0.974036 0.557147
v 0.442260 0.863032 0.455615
v 0.320811 0.707243 0.320811
v 0.163548 0.639778 0.163548
v 0.192312 2.965342 0.128499
v 0.377234 2.897877 0.252059
v 0.547658 2.788319 0.365933
v 0.697037 2.640879 0.465745
v 0.817142 2.455059 0.549004
v 0.890615 2.256155 0.612200
v 0.918685 2.056357 0.659931
v 0.967749 1.871564 0.653220
v 0.976687 1.603892 0.636165
v 0.910722 1.348865 0.608525
v 0.814031 1.146203 0.549027
v 0.634775 0.960104 0.446940
v 0.531912 0.830121 0.366516
v 0.377234 0.707243 0.252059
v 0.192312 0.639778 0.128499
v 0.213686 2.965342 0.088511
v 0.419159 2.897877 0.173621
v 0.608525 2.788319 0.252059
v 0.774506 2.640879 0.320811
v 0.910722 2.461223 0.377233
v 1.011940 2.256255 0.419159
v 1.071960 2.035213 0.445644
v 1.095148 1.802659 0.453743
v 1.074270 1.571268 0.444977
v 1.011940 1.348865 0.419159
v 0.910722 1.143897 0.377233
v 0.755950 0.971887 0.325350
v 0.608288 0.816899 0.252117
v 0.419159 0.707243 0.173621
v 0.213686 0.639778 0.088511
v 0.226847 2.965342 0.045123
v 0.444977 2.897877 0.088511
v 0.646007 2.788319 0.128499
v 0.822211 2.640879 0.163548
v 0.966817 2.461223 0.192312
v 1.074270 2.256255 0.213686
v 1.140439 2.033852 0.226847
v 1.162781 1.802560 0.231291
v 1.140439 1.571268 0.226847
v 1.074270 1.348865 0.213686
v 0.966817 1.143897 0.192312
v 0.822211 0.964241 0.163548
v 0.646007 0.816801 0.128499
v 0.444977 0.707243 0.088511
v 0.226847 0.639778 0.045123
v 0.231292 2.965342 -0.000000
v 0.453695 2.897877 -0.000000
v 0.658663 2.788319 -0.000000
v 0.838319 2.640879 -0.000000
v 0.985759 2.461223 -0.000000
v 1.095316 2.256255 -0.000000
v 1.162782 2.033852 -0.000000
v 1.185561 1.802560 -0.000001
v 1.162782 1.571268 -0.000000
v 1.095316 1.348865 -0.000000
v 0.985759 1.143897 -0.000000
v 0.838319 0.964241 -0.000000
v 0.658663 0.816801 -0.000000
v 0.453695 0.707243 -0.000000
v 0.231292 0.639778 -0.000000
v 0.226847 2.965342 -0.045123
v 0.444977 2.897877 -0.088512
v 0.646007 2.788319 -0.128499
v 0.822211 2.640879 -0.163548
v 0.966817 2.461223 -0.192312
v 1.074270 2.256255 -0.213686
v 1.140439 2.033852 -0.226848
v 1.162781 1.802560 -0.231292
v 1.140439 1.571268 -0.226848
v 1.074270 1.348865 -0.213686
v 0.966817 1.143897 -0.192312
v 0.822211 0.964241 -0.163548
v 0.646007 0.816801 -0.128499
v 0.444977 0.707243 -0.088512
v 0.226848 0.639763 -0.045124
v 0.213685 2.965342 -0.088511
v 0.419159 2.897877 -0.173622
v 0.608525 2.788319 -0.252059
v 0.774506 2.640879 -0.320811
v 0.910722 2.461223 -0.377234
v 1.011940 2.256255 -0.419159
v 1.074270 2.033852 -0.444978
v 1.095315 1.802560 -0.453695
v 1.074270 1.571268 -0.444978
v 1.011940 1.348865 -0.419159
v 0.910722 1.143897 -0.377234
v 0.774506 0.964241 -0.320811
v 0.608525 0.816801 -0.252059
v 0.419159 0.707243 -0.173622
v 0.213751 0.638630 -0.088607
v 0.192312 2.965342 -0.128499
v 0.377233 2.897877 -0.252059
v 0.547658 2.788319 -0.365933
v 0.697037 2.640879 -0.465745
v 0.819628 2.461223 -0.547658
v 0.910722 2.256255 -0.608525
v 0.966817 2.033852 -0.646007
v 0.985758 1.802560 -0.658663
v 0.966817 1.571268 -0.646007
v 0.910722 1.348865 -0.608525
v 0.819628 1.143897 -0.547658
v 0.697037 0.964241 -0.465745
v 0.547658 0.816801 -0.365933
v 0.377104 0.706630 -0.251760
v 0.192301 0.635003 -0.128294
v 0.163548 2.965342 -0.163548
v 0.320811 2.897877 -0.320811
v 0.465745 2.788319 -0.465745
v 0.592781 2.640879 -0.592781
v 0.697036 2.461223 -0.697037
v 0.774506 2.256255 -0.774506
v 0.822210 2.033852 -0.822211
v 0.838318 1.802560 -0.838319
v 0.822210 1.571268 -0.822211
v 0.774506 1.348865 -0.774506
v 0.697036 1.143897 -0.697037
v 0.592781 0.964241 -0.592781
v 0.463863 0.813471 -0.463433
v 0.314367 0.690424 -0.313184
v 0.162634 0.627227 -0.161126
v 0.128499 2.965342 -0.192312
v 0.252059 2.897877 -0.377234
v 0.365933 2.788319 -0.547658
v 0.465745 2.640879 -0.697037
v 0.547658 2.461223 -0.819628
v 0.608525 2.256255 -0.910722
v 0.646007 2.033852 -0.966818
v 0.658662 1.802560 -0.985758
v 0.646007 1.571268 -0.966818
v 0.608525 1.348865 -0.910722
v 0.547658 1.143897 -0.819628
v 0.464423 0.961186 -0.694616
v 0.344294 0.779067 -0.526795
v 0.231113 0.655472 -0.354471
v 0.125450 0.615874 -0.186162
v 0.088511 2.965342 -0.213685
v 0.173621 2.897877 -0.419159
v 0.252059 2.788319 -0.608525
v 0.320811 2.640879 -0.774506
v 0.377233 2.461223 -0.910722
v 0.419159 2.256255 -1.011940
v 0.444977 2.033852 -1.074270
v 0.453694 1.802560 -1.095316
v 0.444977 1.571268 -1.074270
v 0.419159 1.348865 -1.011940
v 0.377219 1.143859 -0.910690
v 0.301314 0.930873 -0.752764
v 0.193061 0.713259 -0.556356
v 0.126875 0.608777 -0.376758
v 0.080860 0.602844 -0.203083
v 0.045123 2.965342 -0.226847
v 0.088511 2.897877 -0.444977
v 0.128498 2.788319 -0.646006
v 0.163548 2.640879 -0.822211
v 0.192312 2.461223 -0.966817
v 0.213686 2.256255 -1.074270
v 0.226847 2.033852 -1.140439
v 0.231291 1.802560 -1.162781
v 0.226847 1.571268 -1.140439
v 0.213686 1.348865 -1.074270
v 0.189707 1.136920 -0.960983
v 0.102343 0.872668 -0.769722
v -0.001190 0.635730 -0.553437
v 0.005818 0.563708 -0.384541
v 0.029529 0.590855 -0.212073
vn -0.0000 0.8286 -0.5598
vn -0.0000 0.5528 -0.8333
vn -0.0000 0.1939 -0.9810
vn -0.0000 -0.0000 -1.0000
vn -0.0000 -0.1939 -0.9810
vn -0.0000 -0.5411 -0.8410
vn -0.0000 1.0000 -0.0000
vn -0.0000 0.9796 0.2010
vn -0.0000 0.9217 0.3879
vn -0.0000 0.8262 0.5633
vn -0.0000 0.6894 0.7244
vn -0.0000 0.5284 0.8490
vn -0.0000 0.3737 0.9275
vn -0.0000 0.3396 0.9406
vn -0.0000 0.1569 0.9876
vn -0.0000 -0.1881 0.9821
vn -0.0000 -0.3894 0.9211
vn -0.0000 -0.5638 0.8259
vn -0.0000 -0.7072 0.7070
vn -0.0000 -0.8255 0.5643
vn -0.0000 -0.9160 0.4012
vn -0.0000 -0.9784 0.2066
vn -0.0392 0.9796 0.1971
vn -0.0757 0.9217 0.3804
vn -0.1204 0.8225 0.5559
vn -0.1874 0.6795 0.7093
vn -0.6704 0.2087 0.7121
vn -0.5831 0.2830 0.7615
vn -0.4481 0.5006 0.7407
vn -0.4649 0.3922 0.7937
vn -0.2236 -0.1826 0.9574
vn -0.1939 -0.3976 0.8968
vn -0.1938 -0.5636 0.8029
vn -0.1801 -0.7051 0.6859
vn -0.1576 -0.8191 0.5515
vn -0.1080 -0.9095 0.4015
vn -0.0403 -0.9784 0.2026
vn -0.0769 0.9796 0.1857
vn -0.1484 0.9217 0.3584
vn -0.2259 0.8167 0.5310
vn -0.3513 0.6296 0.6929
vn -0.6476 0.1712 0.7425
vn -0.7716 0.0051 0.6361
vn -0.6021 0.6355 0.4832
vn -0.5451 0.4876 0.6819
vn -0.4504 -0.1107 0.8859
vn -0.3682 -0.4012 0.8388
vn -0.3382 -0.5750 0.7450
vn -0.3198 -0.7129 0.6241
vn -0.2907 -0.8130 0.5045
vn -0.2065 -0.8964 0.3921
vn -0.0791 -0.9784 0.1909
vn -0.1117 0.9796 0.1671
vn -0.2155 0.9217 0.3225
vn -0.3155 0.8165 0.4835
vn -0.4247 0.6061 0.6725
vn -0.4899 0.0876 0.8674
vn -0.0765 -0.0730 0.9944
vn -0.0061 0.5949 0.8038
vn -0.3304 0.5559 0.7628
vn -0.5704 -0.0319 0.8208
vn -0.5204 -0.3835 0.7630
vn -0.4467 -0.5900 0.6726
vn -0.4142 -0.7376 0.5332
vn -0.3909 -0.8009 0.4536
vn -0.2917 -0.8801 0.3746
vn -0.1148 -0.9784 0.1718
vn -0.1421 0.9796 0.1421
vn -0.2743 0.9217 0.2743
vn -0.3949 0.8221 0.4101
vn -0.4940 0.6455 0.5825
vn -0.3455 0.1241 0.9302
vn -0.0809 0.1513 0.9852
vn -0.0982 0.4291 0.8979
vn -0.3164 0.4445 0.8380
vn -0.6765 -0.0213 0.7361
vn -0.6520 -0.3598 0.6674
vn -0.5484 -0.6065 0.5756
vn -0.4522 -0.7515 0.4803
vn -0.4003 -0.7872 0.4692
vn -0.3087 -0.8800 0.3610
vn -0.1461 -0.9784 0.1461
vn -0.0000 -0.9971 0.0765
vn -0.1671 0.9796 0.1117
vn -0.3225 0.9217 0.2155
vn -0.4645 0.8273 0.3159
vn -0.5848 0.6882 0.4294
vn -0.6496 0.4920 0.5797
vn -0.6326 0.3418 0.6950
vn -0.6541 0.2551 0.7121
vn -0.7669 0.1038 0.6333
vn -0.7993 -0.1340 0.5858
vn -0.7588 -0.3701 0.5360
vn -0.6422 -0.6065 0.4688
vn -0.5051 -0.7318 0.4575
vn -0.4313 -0.7849 0.4448
vn -0.3203 -0.9014 0.2912
vn -0.1718 -0.9784 0.1148
vn -0.1857 0.9796 0.0769
vn -0.3584 0.9217 0.1484
vn -0.5172 0.8286 0.2142
vn -0.6563 0.7022 0.2760
vn -0.7674 0.5473 0.3340
vn -0.8451 0.3689 0.3870
vn -0.8880 0.1986 0.4147
vn -0.9122 0.0172 0.4093
vn -0.9030 -0.1843 0.3882
vn -0.8521 -0.3804 0.3594
vn -0.7374 -0.5832 0.3406
vn -0.6126 -0.7119 0.3433
vn -0.5143 -0.8067 0.2912
vn -0.3568 -0.9182 0.1720
vn -0.1909 -0.9784 0.0791
vn -0.1971 0.9796 0.0392
vn -0.3804 0.9217 0.0757
vn -0.5490 0.8286 0.1092
vn -0.6965 0.7041 0.1385
vn -0.8173 0.5528 0.1626
vn -0.9071 0.3798 0.1814
vn -0.9618 0.1939 0.1933
vn -0.9806 0.0010 0.1962
vn -0.9622 -0.1938 0.1915
vn -0.9070 -0.3805 0.1804
vn -0.8100 -0.5605 0.1722
vn -0.6897 -0.7055 0.1630
vn -0.5523 -0.8241 0.1257
vn -0.3805 -0.9217 0.0759
vn -0.2027 -0.9784 0.0403
vn -0.2010 0.9796 -0.0000
vn -0.3879 0.9217 -0.0000
vn -0.5598 0.8286 -0.0000
vn -0.7101 0.7041 -0.0000
vn -0.8333 0.5528 -0.0000
vn -0.9248 0.3805 -0.0000
vn -0.9810 0.1939 -0.0000
vn -1.0000 -0.0000 -0.0000
vn -0.9810 -0.1939 -0.0000
vn -0.9248 -0.3805 -0.0000
vn -0.8333 -0.5528 -0.0000
vn -0.7101 -0.7041 -0.0000
vn -0.5598 -0.8286 -0.0000
vn -0.3879 -0.9217 -0.0000
vn -0.2067 -0.9784 0.0001
vn -0.1971 0.9796 -0.0392
vn -0.3804 0.9217 -0.0757
vn -0.5490 0.8286 -0.1092
vn -0.6965 0.7041 -0.1385
vn -0.8173 0.5528 -0.1626
vn -0.9070 0.3805 -0.1804
vn -0.9622 0.1939 -0.1914
vn -0.9808 -0.0000 -0.1951
vn -0.9622 -0.1939 -0.1914
vn -0.9070 -0.3805 -0.1804
vn -0.8173 -0.5528 -0.1626
vn -0.6965 -0.7041 -0.1385
vn -0.5490 -0.8286 -0.1092
vn -0.3815 -0.9214 -0.0739
vn -0.2051 -0.9782 -0.0325
vn -0.1857 0.9796 -0.0769
vn -0.3584 0.9217 -0.1484
vn -0.5172 0.8286 -0.2142
vn -0.6561 0.7041 -0.2718
vn -0.7699 0.5528 -0.3189
vn -0.8544 0.3805 -0.3539
vn -0.9063 0.1939 -0.3754
vn -0.9239 -0.0000 -0.3827
vn -0.9063 -0.1939 -0.3754
vn -0.8544 -0.3805 -0.3539
vn -0.7699 -0.5528 -0.3189
vn -0.6561 -0.7041 -0.2718
vn -0.5175 -0.8285 -0.2139
vn -0.3653 -0.9201 -0.1415
vn -0.2061 -0.9773 -0.0483
vn -0.1671 0.9796 -0.1117
vn -0.3225 0.9217 -0.2155
vn -0.4654 0.8286 -0.3110
vn -0.5905 0.7041 -0.3945
vn -0.6929 0.5528 -0.4630
vn -0.7689 0.3805 -0.5138
vn -0.8157 0.1939 -0.5450
vn -0.8315 -0.0000 -0.5556
vn -0.8157 -0.1939 -0.5450
vn -0.7689 -0.3805 -0.5138
vn -0.6929 -0.5528 -0.4630
vn -0.5910 -0.7038 -0.3942
vn -0.4771 -0.8246 -0.3039
vn -0.3648 -0.9133 -0.1811
vn -0.2294 -0.9730 -0.0261
vn -0.1421 0.9796 -0.1421
vn -0.2743 0.9217 -0.2743
vn -0.3958 0.8286 -0.3958
vn -0.5021 0.7041 -0.5021
vn -0.5893 0.5528 -0.5893
vn -0.6539 0.3805 -0.6539
vn -0.6937 0.1939 -0.6937
vn -0.7071 -0.0000 -0.7071
vn -0.6937 -0.1939 -0.6937
vn -0.6539 -0.3805 -0.6539
vn -0.5891 -0.5528 -0.5893
vn -0.5104 -0.6997 -0.5000
vn -0.4484 -0.8105 -0.3769
vn -0.3911 -0.9029 -0.1785
vn -0.2713 -0.9621 0.0290
vn -0.1117 0.9796 -0.1671
vn -0.2155 0.9217 -0.3225
vn -0.3110 0.8286 -0.4654
vn -0.3945 0.7041 -0.5905
vn -0.4630 0.5528 -0.6929
vn -0.5138 0.3805 -0.7689
vn -0.5450 0.1939 -0.8157
vn -0.5556 -0.0000 -0.8315
vn -0.5450 -0.1939 -0.8157
vn -0.5138 -0.3805 -0.7689
vn -0.4624 -0.5533 -0.6929
vn -0.4201 -0.6880 -0.5918
vn -0.4224 -0.7959 -0.4337
vn -0.4090 -0.8976 -0.1643
vn -0.2965 -0.9523 0.0728
vn -0.0769 0.9796 -0.1857
vn -0.1484 0.9217 -0.3584
vn -0.2142 0.8286 -0.5172
vn -0.2718 0.7041 -0.6561
vn -0.3189 0.5528 -0.7699
vn -0.3539 0.3805 -0.8544
vn -0.3754 0.1939 -0.9063
vn -0.3827 -0.0000 -0.9239
vn -0.3754 -0.1939 -0.9063
vn -0.3525 -0.3817 -0.8544
vn -0.3200 -0.5512 -0.7706
vn -0.3128 -0.6769 -0.6663
vn -0.3565 -0.7921 -0.4954
vn -0.3669 -0.9160 -0.1620
vn -0.2797 -0.9552 0.0965
vn -0.0392 0.9796 -0.1971
vn -0.0757 0.9217 -0.3804
vn -0.1092 0.8286 -0.5490
vn -0.1385 0.7041 -0.6965
vn -0.1626 0.5528 -0.8173
vn -0.1804 0.3805 -0.9070
vn -0.1914 0.1939 -0.9622
vn -0.1951 -0.0000 -0.9808
vn -0.1914 -0.1939 -0.9622
vn -0.1797 -0.3830 -0.9061
vn -0.1769 -0.5439 -0.8203
vn -0.2350 -0.6545 -0.7186
vn -0.5201 -0.6885 -0.5055
vn -0.6414 -0.7647 -0.0621
vn -0.2975 -0.9477 0.1155
vn -0.0000 0.9796 -0.2010
vn -0.0000 0.9217 -0.3879
vn -0.0000 0.7041 -0.7101
vn -0.0000 0.3805 -0.9248
vn -0.0000 -0.3835 -0.9236
vn -0.0000 -0.6793 -0.7339
vn -0.0000 -0.7698 -0.6383
vn -0.0000 -0.9982 0.0608
vn -0.0000 -0.9904 0.1385
vn 0.0392 0.9796 0.1971
vn 0.0757 0.9217 0.3804
vn 0.1204 0.8225 0.5559
vn 0.1874 0.6795 0.7093
vn 0.6704 0.2087 0.7121
vn 0.5831 0.2830 0.7615
vn 0.4481 0.5006 0.7407
vn 0.4649 0.3922 0.7937
vn 0.2236 -0.1826 0.9574
vn 0.1939 -0.3976 0.8968
vn 0.1938 -0.5636 0.8029
vn 0.1801 -0.7051 0.6859
vn 0.1576 -0.8191 0.5515
vn 0.1080 -0.9095 0.4015
vn 0.0403 -0.9784 0.2026
vn 0.0769 0.9796 0.1857
vn 0.1484 0.9217 0.3584
vn 0.2259 0.8167 0.5310
vn 0.3513 0.6296 0.6929
vn 0.6476 0.1712 0.7425
vn 0.7716 0.0051 0.6361
vn 0.6021 0.6355 0.4832
vn 0.5451 0.4876 0.6819
vn 0.4504 -0.1107 0.8859
vn 0.3682 -0.4012 0.8388
vn 0.3382 -0.5750 0.7450
vn 0.3198 -0.7129 0.6241
vn 0.2907 -0.8130 0.5045
vn 0.2065 -0.8964 0.3921
vn 0.0791 -0.9784 0.1909
vn 0.1117 0.9796 0.1671
vn 0.2155 0.9217 0.3225
vn 0.3155 0.8165 0.4835
vn 0.4247 0.6061 0.6725
vn 0.4899 0.0876 0.8674
vn 0.0765 -0.0730 0.9944
vn 0.0061 0.5949 0.8038
vn 0.3304 0.5559 0.7628
vn 0.5704 -0.0319 0.8208
vn 0.5204 -0.3835 0.7630
vn 0.4467 -0.5900 0.6726
vn 0.4142 -0.7376 0.5332
vn 0.3909 -0.8009 0.4536
vn 0.2917 -0.8801 0.3746
vn 0.1148 -0.9784 0.1718
vn 0.1421 0.9796 0.1421
vn 0.2743 0.9217 0.2743
vn 0.3949 0.8221 0.4101
vn 0.4940 0.6455 0.5825
vn 0.3455 0.1241 0.9302
vn 0.0809 0.1513 0.9852
vn 0.0982 0.4291 0.8979
vn 0.3164 0.4445 0.8380
vn 0.6765 -0.0213 0.7361
vn 0.6520 -0.3598 0.6674
vn 0.5484 -0.6065 0.5756
vn 0.4522 -0.7515 0.4803
vn 0.4003 -0.7872 0.4692
vn 0.3087 -0.8800 0.3610
vn 0.1461 -0.9784 0.1461
vn 0.1671 0.9796 0.1117
vn 0.3225 0.9217 0.2155
vn 0.4645 0.8273 0.3159
vn 0.5848 0.6882 0.4294
vn 0.6496 0.4920 0.5797
vn 0.6326 0.3418 0.6950
vn 0.6541 0.2551 0.7121
vn 0.7669 0.1038 0.6333
vn 0.7993 -0.1340 0.5858
vn 0.7588 -0.3701 0.5360
vn 0.6422 -0.6065 0.4688
vn 0.5051 -0.7318 0.4575
vn 0.4313 -0.7849 0.4448
vn 0.3203 -0.9014 0.2912
vn 0.1718 -0.9784 0.1148
vn 0.1857 0.9796 0.0769
vn 0.3584 0.9217 0.1484
vn 0.5172 0.8286 0.2142
vn 0.6563 0.7022 0.2760
vn 0.7674 0.5473 0.3340
vn 0.8451 0.3689 0.3870
vn 0.8880 0.1986 0.4147
vn 0.9122 0.0172 0.4093
vn 0.9030 -0.1843 0.3882
vn 0.8521 -0.3804 0.3594
vn 0.7374 -0.5832 0.3406
vn 0.6126 -0.7119 0.3433
vn 0.5143 -0.8067 0.2912
vn 0.3568 -0.9182 0.1720
vn 0.1909 -0.9784 0.0791
vn 0.1971 0.9796 0.0392
vn 0.3804 0.9217 0.0757
vn 0.5490 0.8286 0.1092
vn 0.6965 0.7041 0.1385
vn 0.8173 0.5528 0.1626
vn 0.9071 0.3798 0.1814
vn 0.9618 0.1939 0.1933
vn 0.9806 0.0010 0.1962
vn 0.9622 -0.1938 0.1915
vn 0.9070 -0.3805 0.1804
vn 0.8100 -0.5605 0.1722
vn 0.6897 -0.7055 0.1630
vn 0.5523 -0.8241 0.1257
vn 0.3805 -0.9217 0.0759
vn 0.2027 -0.9784 0.0403
vn 0.2010 0.9796 -0.0000
vn 0.3879 0.9217 -0.0000
vn 0.5598 0.8286 -0.0000
vn 0.7101 0.7041 -0.0000
vn 0.8333 0.5528 -0.0000
vn 0.9248 0.3805 -0.0000
vn 0.9810 0.1939 -0.0000
vn 1.0000 -0.0000 -0.0000
vn 0.9810 -0.1939 -0.0000
vn 0.9248 -0.3805 -0.0000
vn 0.8333 -0.5528 -0.0000
vn 0.7101 -0.7041 -0.0000
vn 0.5598 -0.8286 -0.0000
vn 0.3879 -0.9217 -0.0000
vn 0.2067 -0.9784 0.0001
vn 0.1971 0.9796 -0.0392
vn 0.3804 0.9217 -0.0757
vn 0.5490 0.8286 -0.1092
vn 0.6965 0.7041 -0.1385
vn 0.8173 0.5528 -0.1626
vn 0.9070 0.3805 -0.1804
vn 0.9622 0.1939 -0.1914
vn 0.9808 -0.0000 -0.1951
vn 0.9622 -0.1939 -0.1914
vn 0.9070 -0.3805 -0.1804
vn 0.8173 -0.5528 -0.1626
vn 0.6965 -0.7041 -0.1385
vn 0.5490 -0.8286 -0.1092
vn 0.3815 -0.9214 -0.0739
vn 0.2051 -0.9782 -0.0325
vn 0.1857 0.9796 -0.0769
vn 0.3584 0.9217 -0.1484
vn 0.5172 0.8286 -0.2142
vn 0.6561 0.7041 -0.2718
vn 0.7699 0.5528 -0.3189
vn 0.8544 0.3805 -0.3539
vn 0.9063 0.1939 -0.3754
vn 0.9239 -0.0000 -0.3827
vn 0.9063 -0.1939 -0.3754
vn 0.8544 -0.3805 -0.3539
vn 0.7699 -0.5528 -0.3189
vn 0.6561 -0.7041 -0.2718
vn 0.5175 -0.8285 -0.2139
vn 0.3653 -0.9201 -0.1415
vn 0.2061 -0.9773 -0.0483
vn 0.1671 0.9796 -0.1117
vn 0.3225 0.9217 -0.2155
vn 0.4654 0.8286 -0.3110
vn 0.5905 0.7041 -0.3945
vn 0.6929 0.5528 -0.4630
vn 0.7689 0.3805 -0.5138
vn 0.8157 0.1939 -0.5450
vn 0.8315 -0.0000 -0.5556
vn 0.8157 -0.1939 -0.5450
vn 0.7689 -0.3805 -0.5138
vn 0.6929 -0.5528 -0.4630
vn 0.5910 -0.7038 -0.3942
vn 0.4771 -0.8246 -0.3039
vn 0.3648 -0.9133 -0.1811
vn 0.2294 -0.9730 -0.0261
vn 0.1421 0.9796 -0.1421
vn 0.2743 0.9217 -0.2743
vn 0.3958 0.8286 -0.3958
vn 0.5021 0.7041 -0.5021
vn 0.5893 0.5528 -0.5893
vn 0.6539 0.3805 -0.6539
vn 0.6937 0.1939 -0.6937
vn 0.7071 -0.0000 -0.7071
vn 0.6937 -0.1939 -0.6937
vn 0.6539 -0.3805 -0.6539
vn 0.5891 -0.5528 -0.5893
vn 0.5104 -0.6997 -0.5000
vn 0.4484 -0.8105 -0.3769
vn 0.3911 -0.9029 -0.1785
vn 0.2713 -0.9621 0.0290
vn 0.1117 0.9796 -0.1671
vn 0.2155 0.9217 -0.3225
vn 0.3110 0.8286 -0.4654
vn 0.3945 0.7041 -0.5905
vn 0.4630 0.5528 -0.6929
vn 0.5138 0.3805 -0.7689
vn 0.5450 0.1939 -0.8157
vn 0.5556 -0.0000 -0.8315
vn 0.5450 -0.1939 -0.8157
vn 0.5138 -0.3805 -0.7689
vn 0.4624 -0.5533 -0.6929
vn 0.4201 -0.6880 -0.5918
vn 0.4224 -0.7959 -0.4337
vn 0.4090 -0.8976 -0.1643
vn 0.2965 -0.9523 0.0728
vn 0.0769 0.9796 -0.1857
vn 0.1484 0.9217 -0.3584
vn 0.2142 0.8286 -0.5172
vn 0.2718 0.7041 -0.6561
vn 0.3189 0.5528 -0.7699
vn 0.3539 0.3805 -0.8544
vn 0.3754 0.1939 -0.9063
vn 0.3827 -0.0000 -0.9239
vn 0.3754 -0.1939 -0.9063
vn 0.3525 -0.3817 -0.8544
vn 0.3200 -0.5512 -0.7706
vn 0.3128 -0.6769 -0.6663
vn 0.3565 -0.7921 -0.4954
vn 0.3669 -0.9160 -0.1620
vn 0.2797 -0.9552 0.0965
vn 0.0392 0.9796 -0.1971
vn 0.0757 0.9217 -0.3804
vn 0.1092 0.8286 -0.5490
vn 0.1385 0.7041 -0.6965
vn 0.1626 0.5528 -0.8173
vn 0.1804 0.3805 -0.9070
vn 0.1914 0.1939 -0.9622
vn 0.1951 -0.0000 -0.9808
vn 0.1914 -0.1939 -0.9622
vn 0.1797 -0.3830 -0.9061
vn 0.1769 -0.5439 -0.8203
vn 0.2350 -0.6545 -0.7186
vn 0.5201 -0.6885 -0.5055
vn 0.6414 -0.7647 -0.0621
vn 0.2975 -0.9477 0.1155
vt 0.250000 0.062500
vt 0.250000 0.125000
vt 0.218750 0.125000
vt 0.218750 0.062500
vt 0.250000 0.500000
vt 0.250000 0.562500
vt 0.218750 0.562500
vt 0.218750 0.500000
vt 0.250000 0.937500
vt 0.234375 1.000000
vt 0.218750 0.937500
vt 0.234375 0.000000
vt 0.250000 0.437500
vt 0.218750 0.437500
vt 0.250000 0.875000
vt 0.218750 0.875000
vt 0.250000 0.375000
vt 0.218750 0.375000
vt 0.250000 0.812500
vt 0.218750 0.812500
vt 0.250000 0.312500
vt 0.218750 0.312500
vt 0.250000 0.750000
vt 0.218750 0.750000
vt 0.250000 0.250000
vt 0.218750 0.250000
vt 0.250000 0.687500
vt 0.218750 0.687500
vt 0.250000 0.187500
vt 0.218750 0.187500
vt 0.250000 0.625000
vt 0.218750 0.625000
vt 0.187500 0.812500
vt 0.187500 0.750000
vt 0.187500 0.312500
vt 0.187500 0.250000
vt 0.187500 0.687500
vt 0.187500 0.187500
vt 0.187500 0.625000
vt 0.187500 0.125000
vt 0.187500 0.562500
vt 0.187500 0.062500
vt 0.187500 0.500000
vt 0.203125 1.000000
vt 0.187500 0.937500
vt 0.203125 0.000000
vt 0.187500 0.437500
vt 0.187500 0.875000
vt 0.187500 0.375000
vt 0.156250 0.562500
vt 0.156250 0.500000
vt 0.171875 1.000000
vt 0.156250 0.937500
vt 0.171875 0.000000
vt 0.156250 0.062500
vt 0.156250 0.437500
vt 0.156250 0.875000
vt 0.156250 0.375000
vt 0.156250 0.812500
vt 0.156250 0.312500
vt 0.156250 0.750000
vt 0.156250 0.250000
vt 0.156250 0.687500
vt 0.156250 0.187500
vt 0.156250 0.625000
vt 0.156250 0.125000
vt 0.125000 0.312500
vt 0.125000 0.250000
vt 0.125000 0.750000
vt 0.125000 0.687500
vt 0.125000 0.187500
vt 0.125000 0.625000
vt 0.125000 0.125000
vt 0.125000 0.562500
vt 0.125000 0.062500
vt 0.125000 0.500000
vt 0.140625 1.000000
vt 0.125000 0.937500
vt 0.140625 0.000000
vt 0.125000 0.437500
vt 0.125000 0.875000
vt 0.125000 0.375000
vt 0.125000 0.812500
vt 0.109375 0.000000
vt 0.093750 0.062500
vt 0.093750 0.500000
vt 0.093750 0.437500
vt 0.093750 0.937500
vt 0.093750 0.875000
vt 0.093750 0.375000
vt 0.093750 0.812500
vt 0.093750 0.312500
vt 0.093750 0.750000
vt 0.093750 0.250000
vt 0.093750 0.687500
vt 0.093750 0.187500
vt 0.093750 0.625000
vt 0.093750 0.125000
vt 0.093750 0.562500
vt 0.109375 1.000000
vt 0.062500 0.250000
vt 0.062500 0.187500
vt 0.062500 0.687500
vt 0.062500 0.625000
vt 0.062500 0.125000
vt 0.062500 0.562500
vt 0.062500 0.062500
vt 0.062500 0.500000
vt 0.078125 1.000000
vt 0.062500 0.937500
vt 0.078125 0.000000
vt 0.062500 0.437500
vt 0.062500 0.875000
vt 0.062500 0.375000
vt 0.062500 0.812500
vt 0.062500 0.312500
vt 0.062500 0.750000
vt 0.031250 0.937500
vt 0.031250 0.875000
vt 0.031250 0.437500
vt 0.031250 0.375000
vt 0.031250 0.812500
vt 0.031250 0.312500
vt 0.031250 0.750000
vt 0.031250 0.250000
vt 0.031250 0.687500
vt 0.031250 0.187500
vt 0.031250 0.625000
vt 0.031250 0.125000
vt 0.031250 0.562500
vt 0.031250 0.062500
vt 0.031250 0.500000
vt 0.046875 1.000000
vt 0.046875 0.000000
vt 0.000000 0.687500
vt 0.000000 0.625000
vt 0.000000 0.187500
vt 0.000000 0.125000
vt 0.000000 0.562500
vt 0.000000 0.062500
vt 0.000000 0.500000
vt 0.015625 1.000000
vt 0.000000 0.937500
vt 0.015625 0.000000
vt 0.000000 0.437500
vt 0.000000 0.875000
vt 0.000000 0.375000
vt 0.000000 0.812500
vt 0.000000 0.312500
vt 0.000000 0.750000
vt 0.000000 0.250000
vt 1.000000 0.375000
vt 1.000000 0.437500
vt 0.968750 0.437500
vt 0.968750 0.375000
vt 1.000000 0.812500
vt 1.000000 0.875000
vt 0.968750 0.875000
vt 0.968750 0.812500
vt 1.000000 0.312500
vt 0.968750 0.312500
vt 1.000000 0.750000
vt 0.968750 0.750000
vt 1.000000 0.250000
vt 0.968750 0.250000
vt 1.000000 0.687500
vt 0.968750 0.687500
vt 1.000000 0.187500
vt 0.968750 0.187500
vt 1.000000 0.625000
vt 0.968750 0.625000
vt 1.000000 0.125000
vt 0.968750 0.125000
vt 1.000000 0.562500
vt 0.968750 0.562500
vt 1.000000 0.062500
vt 0.968750 0.062500
vt 1.000000 0.500000
vt 0.968750 0.500000
vt 1.000000 0.937500
vt 0.984375 1.000000
vt 0.968750 0.937500
vt 0.984375 0.000000
vt 0.937500 0.187500
vt 0.937500 0.125000
vt 0.937500 0.625000
vt 0.937500 0.562500
vt 0.937500 0.062500
vt 0.937500 0.500000
vt 0.953125 1.000000
vt 0.937500 0.937500
vt 0.953125 0.000000
vt 0.937500 0.437500
vt 0.937500 0.875000
vt 0.937500 0.375000
vt 0.937500 0.812500
vt 0.937500 0.312500
vt 0.937500 0.750000
vt 0.937500 0.250000
vt 0.937500 0.687500
vt 0.906250 0.875000
vt 0.906250 0.812500
vt 0.906250 0.375000
vt 0.906250 0.312500
vt 0.906250 0.750000
vt 0.906250 0.250000
vt 0.906250 0.687500
vt 0.906250 0.187500
vt 0.906250 0.625000
vt 0.906250 0.125000
vt 0.906250 0.562500
vt 0.906250 0.062500
vt 0.906250 0.500000
vt 0.921875 1.000000
vt 0.906250 0.937500
vt 0.921875 0.000000
vt 0.906250 0.437500
vt 0.875000 0.625000
vt 0.875000 0.562500
vt 0.875000 0.125000
vt 0.875000 0.062500
vt 0.875000 0.500000
vt 0.890625 1.000000
vt 0.875000 0.937500
vt 0.890625 0.000000
vt 0.875000 0.437500
vt 0.875000 0.875000
vt 0.875000 0.375000
vt 0.875000 0.812500
vt 0.875000 0.312500
vt 0.875000 0.750000
vt 0.875000 0.250000
vt 0.875000 0.687500
vt 0.875000 0.187500
vt 0.843750 0.375000
vt 0.843750 0.312500
vt 0.843750 0.812500
vt 0.843750 0.750000
vt 0.843750 0.250000
vt 0.843750 0.687500
vt 0.843750 0.187500
vt 0.843750 0.625000
vt 0.843750 0.125000
vt 0.843750 0.562500
vt 0.843750 0.062500
vt 0.843750 0.500000
vt 0.859375 1.000000
vt 0.843750 0.937500
vt 0.859375 0.000000
vt 0.843750 0.437500
vt 0.843750 0.875000
vt 0.812500 0.125000
vt 0.812500 0.062500
vt 0.812500 0.562500
vt 0.812500 0.500000
vt 0.828125 1.000000
vt 0.812500 0.937500
vt 0.828125 0.000000
vt 0.812500 0.437500
vt 0.812500 0.875000
vt 0.812500 0.375000
vt 0.812500 0.812500
vt 0.812500 0.312500
vt 0.812500 0.750000
vt 0.812500 0.250000
vt 0.812500 0.687500
vt 0.812500 0.187500
vt 0.812500 0.625000
vt 0.781250 0.312500
vt 0.781250 0.250000
vt 0.781250 0.750000
vt 0.781250 0.687500
vt 0.781250 0.187500
vt 0.781250 0.625000
vt 0.781250 0.125000
vt 0.781250 0.562500
vt 0.781250 0.062500
vt 0.781250 0.500000
vt 0.796875 1.000000
vt 0.781250 0.937500
vt 0.796875 0.000000
vt 0.781250 0.437500
vt 0.781250 0.875000
vt 0.781250 0.375000
vt 0.781250 0.812500
vt 0.765625 1.000000
vt 0.750000 0.937500
vt 0.765625 0.000000
vt 0.750000 0.062500
vt 0.750000 0.500000
vt 0.750000 0.437500
vt 0.750000 0.875000
vt 0.750000 0.375000
vt 0.750000 0.812500
vt 0.750000 0.312500
vt 0.750000 0.750000
vt 0.750000 0.250000
vt 0.750000 0.687500
vt 0.750000 0.187500
vt 0.750000 0.625000
vt 0.750000 0.125000
vt 0.750000 0.562500
s 1
f 1636/952/1154 1635/953/1153 1650/954/1168 1651/955/1169
f 1629/956/1147 1628/957/1146 1643/958/1161 1644/959/1162
f 1622/960/1140 1621/961/1139 1637/962/1155
f 1697/963/1215 1636/952/1154 1651/955/1169
f 1630/964/1148 1629/956/1147 1644/959/1162 1645/965/1163
f 1623/966/1141 1622/960/1140 1637/962/1155 1638/967/1156
f 1631/968/1149 1630/964/1148 1645/965/1163 1646/969/1164
f 1624/970/1142 1623/966/1141 1638/967/1156 1639/971/1157
f 1632/972/1150 1631/968/1149 1646/969/1164 1647/973/1165
f 1625/974/1143 1624/970/1142 1639/971/1157 1640/975/1158
f 1633/976/1151 1632/972/1150 1647/973/1165 1648/977/1166
f 1626/978/1144 1625/974/1143 1640/975/1158 1641/979/1159
f 1634/980/1152 1633/976/1151 1648/977/1166 1649/981/1167
f 1627/982/1145 1626/978/1144 1641/979/1159 1642/983/1160
f 1635/953/1153 1634/980/1152 1649/981/1167 1650/954/1168
f 1628/957/1146 1627/982/1145 1642/983/1160 1643/958/1161
f 1640/975/1158 1639/971/1157 1654/984/1172 1655/985/1173
f 1648/977/1166 1647/973/1165 1662/986/1180 1663/987/1181
f 1641/979/1159 1640/975/1158 1655/985/1173 1656/988/1174
f 1649/981/1167 1648/977/1166 1663/987/1181 1664/989/1182
f 1642/983/1160 1641/979/1159 1656/988/1174 1657/990/1175
f 1650/954/1168 1649/981/1167 1664/989/1182 1665/991/1183
f 1643/958/1161 1642/983/1160 1657/990/1175 1658/992/1176
f 1651/955/1169 1650/954/1168 1665/991/1183 1666/993/1184
f 1644/959/1162 1643/958/1161 1658/992/1176 1659/994/1177
f 1637/962/1155 1621/995/1139 1652/996/1170
f 1697/997/1215 1651/955/1169 1666/993/1184
f 1645/965/1163 1644/959/1162 1659/994/1177 1660/998/1178
f 1638/967/1156 1637/962/1155 1652/996/1170 1653/999/1171
f 1646/969/1164 1645/965/1163 1660/998/1178 1661/1000/1179
f 1639/971/1157 1638/967/1156 1653/999/1171 1654/984/1172
f 1647/973/1165 1646/969/1164 1661/1000/1179 1662/986/1180
f 1659/994/1177 1658/992/1176 1673/1001/1191 1674/1002/1192
f 1652/996/1170 1621/1003/1139 1667/1004/1185
f 1697/1005/1215 1666/993/1184 1681/1006/1199
f 1660/998/1178 1659/994/1177 1674/1002/1192 1675/1007/1193
f 1653/999/1171 1652/996/1170 1667/1004/1185 1668/1008/1186
f 1661/1000/1179 1660/998/1178 1675/1007/1193 1676/1009/1194
f 1654/984/1172 1653/999/1171 1668/1008/1186 1669/1010/1187
f 1662/986/1180 1661/1000/1179 1676/1009/1194 1677/1011/1195
f 1655/985/1173 1654/984/1172 1669/1010/1187 1670/1012/1188
f 1663/987/1181 1662/986/1180 1677/1011/1195 1678/1013/1196
f 1656/988/1174 1655/985/1173 1670/1012/1188 1671/1014/1189
f 1664/989/1182 1663/987/1181 1678/1013/1196 1679/1015/1197
f 1657/990/1175 1656/988/1174 1671/1014/1189 1672/1016/1190
f 1665/991/1183 1664/989/1182 1679/1015/1197 1680/1017/1198
f 1658/992/1176 1657/990/1175 1672/1016/1190 1673/1001/1191
f 1666/993/1184 1665/991/1183 1680/1017/1198 1681/1006/1199
f 1678/1013/1196 1677/1011/1195 1692/1018/1210 1693/1019/1211
f 1671/1014/1189 1670/1012/1188 1685/1020/1203 1686/1021/1204
f 1679/1015/1197 1678/1013/1196 1693/1019/1211 1694/1022/1212
f 1672/1016/1190 1671/1014/1189 1686/1021/1204 1687/1023/1205
f 1680/1017/1198 1679/1015/1197 1694/1022/1212 1695/1024/1213
f 1673/1001/1191 1672/1016/1190 1687/1023/1205 1688/1025/1206
f 1681/1006/1199 1680/1017/1198 1695/1024/1213 1696/1026/1214
f 1674/1002/1192 1673/1001/1191 1688/1025/1206 1689/1027/1207
f 1667/1004/1185 1621/1028/1139 1682/1029/1200
f 1697/1030/1215 1681/1006/1199 1696/1026/1214
f 1675/1007/1193 1674/1002/1192 1689/1027/1207 1690/1031/1208
f 1668/1008/1186 1667/1004/1185 1682/1029/1200 1683/1032/1201
f 1676/1009/1194 1675/1007/1193 1690/1031/1208 1691/1033/1209
f 1669/1010/1187 1668/1008/1186 1683/1032/1201 1684/1034/1202
f 1677/1011/1195 1676/1009/1194 1691/1033/1209 1692/1018/1210
f 1670/1012/1188 1669/1010/1187 1684/1034/1202 1685/1020/1203
f 1697/1035/1215 1696/1026/1214 1712/1036/1230
f 1690/1031/1208 1689/1027/1207 1705/1037/1223 1706/1038/1224
f 1683/1032/1201 1682/1029/1200 1698/1039/1216 1699/1040/1217
f 1691/1033/1209 1690/1031/1208 1706/1038/1224 1707/1041/1225
f 1684/1034/1202 1683/1032/1201 1699/1040/1217 1700/1042/1218
f 1692/1018/1210 1691/1033/1209 1707/1041/1225 1708/1043/1226
f 1685/1020/1203 1684/1034/1202 1700/1042/1218 1701/1044/1219
f 1693/1019/1211 1692/1018/1210 1708/1043/1226 1709/1045/1227
f 1686/1021/1204 1685/1020/1203 1701/1044/1219 1702/1046/1220
f 1694/1022/1212 1693/1019/1211 1709/1045/1227 1710/1047/1228
f 1687/1023/1205 1686/1021/1204 1702/1046/1220 1703/1048/1221
f 1695/1024/1213 1694/1022/1212 1710/1047/1228 1711/1049/1229
f 1688/1025/1206 1687/1023/1205 1703/1048/1221 1704/1050/1222
f 1696/1026/1214 1695/1024/1213 1711/1049/1229 1712/1036/1230
f 1689/1027/1207 1688/1025/1206 1704/1050/1222 1705/1037/1223
f 1682/1029/1200 1621/1051/1139 1698/1039/1216
f 1710/1047/1228 1709/1045/1227 1724/1052/1242 1725/1053/1243
f 1703/1048/1221 1702/1046/1220 1717/1054/1235 1718/1055/1236
f 1711/1049/1229 1710/1047/1228 1725/1053/1243 1726/1056/1244
f 1704/1050/1222 1703/1048/1221 1718/1055/1236 1719/1057/1237
f 1712/1036/1230 1711/1049/1229 1726/1056/1244 1727/1058/1245
f 1705/1037/1223 1704/1050/1222 1719/1057/1237 1720/1059/1238
f 1698/1039/1216 1621/1060/1139 1713/1061/1231
f 1697/1062/1215 1712/1036/1230 1727/1058/1245
f 1706/1038/1224 1705/1037/1223 1720/1059/1238 1721/1063/1239
f 1699/1040/1217 1698/1039/1216 1713/1061/1231 1714/1064/1232
f 1707/1041/1225 1706/1038/1224 1721/1063/1239 1722/1065/1240
f 1700/1042/1218 1699/1040/1217 1714/1064/1232 1715/1066/1233
f 1708/1043/1226 1707/1041/1225 1722/1065/1240 1723/1067/1241
f 1701/1044/1219 1700/1042/1218 1715/1066/1233 1716/1068/1234
f 1709/1045/1227 1708/1043/1226 1723/1067/1241 1724/1052/1242
f 1702/1046/1220 1701/1044/1219 1716/1068/1234 1717/1054/1235
f 1714/1064/1232 1713/1061/1231 1728/1069/1246 1729/1070/1247
f 1722/1065/1240 1721/1063/1239 1736/1071/1254 1737/1072/1255
f 1715/1066/1233 1714/1064/1232 1729/1070/1247 1730/1073/1248
f 1723/1067/1241 1722/1065/1240 1737/1072/1255 1738/1074/1256
f 1716/1068/1234 1715/1066/1233 1730/1073/1248 1731/1075/1249
f 1724/1052/1242 1723/1067/1241 1738/1074/1256 1739/1076/1257
f 1717/1054/1235 1716/1068/1234 1731/1075/1249 1732/1077/1250
f 1725/1053/1243 1724/1052/1242 1739/1076/1257 1740/1078/1258
f 1718/1055/1236 1717/1054/1235 1732/1077/1250 1733/1079/1251
f 1726/1056/1244 1725/1053/1243 1740/1078/1258 1741/1080/1259
f 1719/1057/1237 1718/1055/1236 1733/1079/1251 1734/1081/1252
f 1727/1058/1245 1726/1056/1244 1741/1080/1259 1742/1082/1260
f 1720/1059/1238 1719/1057/1237 1734/1081/1252 1735/1083/1253
f 1713/1061/1231 1621/1084/1139 1728/1069/1246
f 1697/1085/1215 1727/1058/1245 1742/1082/1260
f 1721/1063/1239 1720/1059/1238 1735/1083/1253 1736/1071/1254
f 1733/1079/1251 1732/1077/1250 1747/1086/1265 1748/1087/1266
f 1741/1080/1259 1740/1078/1258 1755/1088/1273 1756/1089/1274
f 1734/1081/1252 1733/1079/1251 1748/1087/1266 1749/1090/1267
f 1742/1082/1260 1741/1080/1259 1756/1089/1274 1757/1091/1275
f 1735/1083/1253 1734/1081/1252 1749/1090/1267 1750/1092/1268
f 1728/1069/1246 1621/1093/1139 1743/1094/1261
f 1697/1095/1215 1742/1082/1260 1757/1091/1275
f 1736/1071/1254 1735/1083/1253 1750/1092/1268 1751/1096/1269
f 1729/1070/1247 1728/1069/1246 1743/1094/1261 1744/1097/1262
f 1737/1072/1255 1736/1071/1254 1751/1096/1269 1752/1098/1270
f 1730/1073/1248 1729/1070/1247 1744/1097/1262 1745/1099/1263
f 1738/1074/1256 1737/1072/1255 1752/1098/1270 1753/1100/1271
f 1731/1075/1249 1730/1073/1248 1745/1099/1263 1746/1101/1264
f 1739/1076/1257 1738/1074/1256 1753/1100/1271 1754/1102/1272
f 1732/1077/1250 1731/1075/1249 1746/1101/1264 1747/1086/1265
f 1740/1078/1258 1739/1076/1257 1754/1102/1272 1755/1088/1273
f 1752/1103/1270 1751/1104/1269 1766/1105/1284 1767/1106/1285
f 1745/1107/1263 1744/1108/1262 1759/1109/1277 1760/1110/1278
f 1753/1111/1271 1752/1103/1270 1767/1106/1285 1768/1112/1286
f 1746/1113/1264 1745/1107/1263 1760/1110/1278 1761/1114/1279
f 1754/1115/1272 1753/1111/1271 1768/1112/1286 1769/1116/1287
f 1747/1117/1265 1746/1113/1264 1761/1114/1279 1762/1118/1280
f 1755/1119/1273 1754/1115/1272 1769/1116/1287 1770/1120/1288
f 1748/1121/1266 1747/1117/1265 1762/1118/1280 1763/1122/1281
f 1756/1123/1274 1755/1119/1273 1770/1120/1288 1771/1124/1289
f 1749/1125/1267 1748/1121/1266 1763/1122/1281 1764/1126/1282
f 1757/1127/1275 1756/1123/1274 1771/1124/1289 1772/1128/1290
f 1750/1129/1268 1749/1125/1267 1764/1126/1282 1765/1130/1283
f 1743/1131/1261 1621/1132/1139 1758/1133/1276
f 1697/1134/1215 1757/1127/1275 1772/1128/1290
f 1751/1104/1269 1750/1129/1268 1765/1130/1283 1766/1105/1284
f 1744/1108/1262 1743/1131/1261 1758/1133/1276 1759/1109/1277
f 1771/1124/1289 1770/1120/1288 1785/1135/1303 1786/1136/1304
f 1764/1126/1282 1763/1122/1281 1778/1137/1296 1779/1138/1297
f 1772/1128/1290 1771/1124/1289 1786/1136/1304 1787/1139/1305
f 1765/1130/1283 1764/1126/1282 1779/1138/1297 1780/1140/1298
f 1758/1133/1276 1621/1141/1139 1773/1142/1291
f 1697/1143/1215 1772/1128/1290 1787/1139/1305
f 1766/1105/1284 1765/1130/1283 1780/1140/1298 1781/1144/1299
f 1759/1109/1277 1758/1133/1276 1773/1142/1291 1774/1145/1292
f 1767/1106/1285 1766/1105/1284 1781/1144/1299 1782/1146/1300
f 1760/1110/1278 1759/1109/1277 1774/1145/1292 1775/1147/1293
f 1768/1112/1286 1767/1106/1285 1782/1146/1300 1783/1148/1301
f 1761/1114/1279 1760/1110/1278 1775/1147/1293 1776/1149/1294
f 1769/1116/1287 1768/1112/1286 1783/1148/1301 1784/1150/1302
f 1762/1118/1280 1761/1114/1279 1776/1149/1294 1777/1151/1295
f 1770/1120/1288 1769/1116/1287 1784/1150/1302 1785/1135/1303
f 1763/1122/1281 1762/1118/1280 1777/1151/1295 1778/1137/1296
f 1775/1147/1293 1774/1145/1292 1789/1152/1307 1790/1153/1308
f 1783/1148/1301 1782/1146/1300 1797/1154/1315 1798/1155/1316
f 1776/1149/1294 1775/1147/1293 1790/1153/1308 1791/1156/1309
f 1784/1150/1302 1783/1148/1301 1798/1155/1316 1799/1157/1317
f 1777/1151/1295 1776/1149/1294 1791/1156/1309 1792/1158/1310
f 1785/1135/1303 1784/1150/1302 1799/1157/1317 1800/1159/1318
f 1778/1137/1296 1777/1151/1295 1792/1158/1310 1793/1160/1311
f 1786/1136/1304 1785/1135/1303 1800/1159/1318 1801/1161/1319
f 1779/1138/1297 1778/1137/1296 1793/1160/1311 1794/1162/1312
f 1787/1139/1305 1786/1136/1304 1801/1161/1319 1802/1163/1320
f 1780/1140/1298 1779/1138/1297 1794/1162/1312 1795/1164/1313
f 1773/1142/1291 1621/1165/1139 1788/1166/1306
f 1697/1167/1215 1787/1139/1305 1802/1163/1320
f 1781/1144/1299 1780/1140/1298 1795/1164/1313 1796/1168/1314
f 1774/1145/1292 1773/1142/1291 1788/1166/1306 1789/1152/1307
f 1782/1146/1300 1781/1144/1299 1796/1168/1314 1797/1154/1315
f 1794/1162/1312 1793/1160/1311 1808/1169/1326 1809/1170/1327
f 1802/1163/1320 1801/1161/1319 1816/1171/1334 1817/1172/1335
f 1795/1164/1313 1794/1162/1312 1809/1170/1327 1810/1173/1328
f 1788/1166/1306 1621/1174/1139 1803/1175/1321
f 1697/1176/1215 1802/1163/1320 1817/1172/1335
f 1796/1168/1314 1795/1164/1313 1810/1173/1328 1811/1177/1329
f 1789/1152/1307 1788/1166/1306 1803/1175/1321 1804/1178/1322
f 1797/1154/1315 1796/1168/1314 1811/1177/1329 1812/1179/1330
f 1790/1153/1308 1789/1152/1307 1804/1178/1322 1805/1180/1323
f 1798/1155/1316 1797/1154/1315 1812/1179/1330 1813/1181/1331
f 1791/1156/1309 1790/1153/1308 1805/1180/1323 1806/1182/1324
f 1799/1157/1317 1798/1155/1316 1813/1181/1331 1814/1183/1332
f 1792/1158/1310 1791/1156/1309 1806/1182/1324 1807/1184/1325
f 1800/1159/1318 1799/1157/1317 1814/1183/1332 1815/1185/1333
f 1793/1160/1311 1792/1158/1310 1807/1184/1325 1808/1169/1326
f 1801/1161/1319 1800/1159/1318 1815/1185/1333 1816/1171/1334
f 1813/1181/1331 1812/1179/1330 1827/1186/1345 1828/1187/1346
f 1806/1182/1324 1805/1180/1323 1820/1188/1338 1821/1189/1339
f 1814/1183/1332 1813/1181/1331 1828/1187/1346 1829/1190/1347
f 1807/1184/1325 1806/1182/1324 1821/1189/1339 1822/1191/1340
f 1815/1185/1333 1814/1183/1332 1829/1190/1347 1830/1192/1348
f 1808/1169/1326 1807/1184/1325 1822/1191/1340 1823/1193/1341
f 1816/1171/1334 1815/1185/1333 1830/1192/1348 1831/1194/1349
f 1809/1170/1327 1808/1169/1326 1823/1193/1341 1824/1195/1342
f 1817/1172/1335 1816/1171/1334 1831/1194/1349 1832/1196/1350
f 1810/1173/1328 1809/1170/1327 1824/1195/1342 1825/1197/1343
f 1803/1175/1321 1621/1198/1139 1818/1199/1336
f 1697/1200/1215 1817/1172/1335 1832/1196/1350
f 1811/1177/1329 1810/1173/1328 1825/1197/1343 1826/1201/1344
f 1804/1178/1322 1803/1175/1321 1818/1199/1336 1819/1202/1337
f 1812/1179/1330 1811/1177/1329 1826/1201/1344 1827/1186/1345
f 1805/1180/1323 1804/1178/1322 1819/1202/1337 1820/1188/1338
f 1832/1196/1350 1831/1194/1349 1846/1203/1364 1847/1204/1365
f 1825/1197/1343 1824/1195/1342 1839/1205/1357 1840/1206/1358
f 1818/1199/1336 1621/1207/1139 1833/1208/1351
f 1697/1209/1215 1832/1196/1350 1847/1204/1365
f 1826/1201/1344 1825/1197/1343 1840/1206/1358 1841/1210/1359
f 1819/1202/1337 1818/1199/1336 1833/1208/1351 1834/1211/1352
f 1827/1186/1345 1826/1201/1344 1841/1210/1359 1842/1212/1360
f 1820/1188/1338 1819/1202/1337 1834/1211/1352 1835/1213/1353
f 1828/1187/1346 1827/1186/1345 1842/1212/1360 1843/1214/1361
f 1821/1189/1339 1820/1188/1338 1835/1213/1353 1836/1215/1354
f 1829/1190/1347 1828/1187/1346 1843/1214/1361 1844/1216/1362
f 1822/1191/1340 1821/1189/1339 1836/1215/1354 1837/1217/1355
f 1830/1192/1348 1829/1190/1347 1844/1216/1362 1845/1218/1363
f 1823/1193/1341 1822/1191/1340 1837/1217/1355 1838/1219/1356
f 1831/1194/1349 1830/1192/1348 1845/1218/1363 1846/1203/1364
f 1824/1195/1342 1823/1193/1341 1838/1219/1356 1839/1205/1357
f 1844/1216/1362 1843/1214/1361 1858/1220/1376 1859/1221/1377
f 1837/1217/1355 1836/1215/1354 1851/1222/1369 1852/1223/1370
f 1845/1218/1363 1844/1216/1362 1859/1221/1377 1860/1224/1378
f 1838/1219/1356 1837/1217/1355 1852/1223/1370 1853/1225/1371
f 1846/1203/1364 1845/1218/1363 1860/1224/1378 1861/1226/1379
f 1839/1205/1357 1838/1219/1356 1853/1225/1371 1854/1227/1372
f 1847/1204/1365 1846/1203/1364 1861/1226/1379 1862/1228/1380
f 1840/1206/1358 1839/1205/1357 1854/1227/1372 1855/1229/1373
f 1833/1208/1351 1621/1230/1139 1848/1231/1366
f 1697/1232/1215 1847/1204/1365 1862/1228/1380
f 1841/1210/1359 1840/1206/1358 1855/1229/1373 1856/1233/1374
f 1834/1211/1352 1833/1208/1351 1848/1231/1366 1849/1234/1367
f 1842/1212/1360 1841/1210/1359 1856/1233/1374 1857/1235/1375
f 1835/1213/1353 1834/1211/1352 1849/1234/1367 1850/1236/1368
f 1843/1214/1361 1842/1212/1360 1857/1235/1375 1858/1220/1376
f 1836/1215/1354 1835/1213/1353 1850/1236/1368 1851/1222/1369
f 1848/1231/1366 1621/1237/1139 1863/1238/1381
f 1697/1239/1215 1862/1228/1380 1871/1240/1389
f 1856/1233/1374 1855/1229/1373 1618/1241/1136 1619/1242/1137
f 1849/1234/1367 1848/1231/1366 1863/1238/1381 1864/1243/1382
f 1857/1235/1375 1856/1233/1374 1619/1242/1137 1867/1244/1385
f 1850/1236/1368 1849/1234/1367 1864/1243/1382 1615/1245/1133
f 1858/1220/1376 1857/1235/1375 1867/1244/1385 1620/1246/1138
f 1851/1222/1369 1850/1236/1368 1615/1245/1133 1865/1247/1383
f 1859/1221/1377 1858/1220/1376 1620/1246/1138 1868/1248/1386
f 1852/1223/1370 1851/1222/1369 1865/1247/1383 1616/1249/1134
f 1860/1224/1378 1859/1221/1377 1868/1248/1386 1869/1250/1387
f 1853/1225/1371 1852/1223/1370 1616/1249/1134 1866/1251/1384
f 1861/1226/1379 1860/1224/1378 1869/1250/1387 1870/1252/1388
f 1854/1227/1372 1853/1225/1371 1866/1251/1384 1617/1253/1135
f 1862/1228/1380 1861/1226/1379 1870/1252/1388 1871/1240/1389
f 1855/1229/1373 1854/1227/1372 1617/1253/1135 1618/1241/1136
f 1636/952/1154 1886/955/1404 1885/954/1403 1635/953/1153
f 1629/956/1147 1879/959/1397 1878/958/1396 1628/957/1146
f 1622/960/1140 1872/962/1390 1621/961/1139
f 1697/963/1215 1886/955/1404 1636/952/1154
f 1630/964/1148 1880/965/1398 1879/959/1397 1629/956/1147
f 1623/966/1141 1873/967/1391 1872/962/1390 1622/960/1140
f 1631/968/1149 1881/969/1399 1880/965/1398 1630/964/1148
f 1624/970/1142 1874/971/1392 1873/967/1391 1623/966/1141
f 1632/972/1150 1882/973/1400 1881/969/1399 1631/968/1149
f 1625/974/1143 1875/975/1393 1874/971/1392 1624/970/1142
f 1633/976/1151 1883/977/1401 1882/973/1400 1632/972/1150
f 1626/978/1144 1876/979/1394 1875/975/1393 1625/974/1143
f 1634/980/1152 1884/981/1402 1883/977/1401 1633/976/1151
f 1627/982/1145 1877/983/1395 1876/979/1394 1626/978/1144
f 1635/953/1153 1885/954/1403 1884/981/1402 1634/980/1152
f 1628/957/1146 1878/958/1396 1877/983/1395 1627/982/1145
f 1875/975/1393 1890/985/1408 1889/984/1407 1874/971/1392
f 1883/977/1401 1898/987/1416 1897/986/1415 1882/973/1400
f 1876/979/1394 1891/988/1409 1890/985/1408 1875/975/1393
f 1884/981/1402 1899/989/1417 1898/987/1416 1883/977/1401
f 1877/983/1395 1892/990/1410 1891/988/1409 1876/979/1394
f 1885/954/1403 1900/991/1418 1899/989/1417 1884/981/1402
f 1878/958/1396 1893/992/1411 1892/990/1410 1877/983/1395
f 1886/955/1404 1901/993/1419 1900/991/1418 1885/954/1403
f 1879/959/1397 1894/994/1412 1893/992/1411 1878/958/1396
f 1872/962/1390 1887/996/1405 1621/995/1139
f 1697/997/1215 1901/993/1419 1886/955/1404
f 1880/965/1398 1895/998/1413 1894/994/1412 1879/959/1397
f 1873/967/1391 1888/999/1406 1887/996/1405 1872/962/1390
f 1881/969/1399 1896/1000/1414 1895/998/1413 1880/965/1398
f 1874/971/1392 1889/984/1407 1888/999/1406 1873/967/1391
f 1882/973/1400 1897/986/1415 1896/1000/1414 1881/969/1399
f 1894/994/1412 1909/1002/1427 1908/1001/1426 1893/992/1411
f 1887/996/1405 1902/1004/1420 1621/1003/1139
f 1697/1005/1215 1916/1006/1434 1901/993/1419
f 1895/998/1413 1910/1007/1428 1909/1002/1427 1894/994/1412
f 1888/999/1406 1903/1008/1421 1902/1004/1420 1887/996/1405
f 1896/1000/1414 1911/1009/1429 1910/1007/1428 1895/998/1413
f 1889/984/1407 1904/1010/1422 1903/1008/1421 1888/999/1406
f 1897/986/1415 1912/1011/1430 1911/1009/1429 1896/1000/1414
f 1890/985/1408 1905/1012/1423 1904/1010/1422 1889/984/1407
f 1898/987/1416 1913/1013/1431 1912/1011/1430 1897/986/1415
f 1891/988/1409 1906/1014/1424 1905/1012/1423 1890/985/1408
f 1899/989/1417 1914/1015/1432 1913/1013/1431 1898/987/1416
f 1892/990/1410 1907/1016/1425 1906/1014/1424 1891/988/1409
f 1900/991/1418 1915/1017/1433 1914/1015/1432 1899/989/1417
f 1893/992/1411 1908/1001/1426 1907/1016/1425 1892/990/1410
f 1901/993/1419 1916/1006/1434 1915/1017/1433 1900/991/1418
f 1913/1013/1431 1928/1019/1446 1927/1018/1445 1912/1011/1430
f 1906/1014/1424 1921/1021/1439 1920/1020/1438 1905/1012/1423
f 1914/1015/1432 1929/1022/1447 1928/1019/1446 1913/1013/1431
f 1907/1016/1425 1922/1023/1440 1921/1021/1439 1906/1014/1424
f 1915/1017/1433 1930/1024/1448 1929/1022/1447 1914/1015/1432
f 1908/1001/1426 1923/1025/1441 1922/1023/1440 1907/1016/1425
f 1916/1006/1434 1931/1026/1449 1930/1024/1448 1915/1017/1433
f 1909/1002/1427 1924/1027/1442 1923/1025/1441 1908/1001/1426
f 1902/1004/1420 1917/1029/1435 1621/1028/1139
f 1697/1030/1215 1931/1026/1449 1916/1006/1434
f 1910/1007/1428 1925/1031/1443 1924/1027/1442 1909/1002/1427
f 1903/1008/1421 1918/1032/1436 1917/1029/1435 1902/1004/1420
f 1911/1009/1429 1926/1033/1444 1925/1031/1443 1910/1007/1428
f 1904/1010/1422 1919/1034/1437 1918/1032/1436 1903/1008/1421
f 1912/1011/1430 1927/1018/1445 1926/1033/1444 1911/1009/1429
f 1905/1012/1423 1920/1020/1438 1919/1034/1437 1904/1010/1422
f 1697/1035/1215 1946/1036/1464 1931/1026/1449
f 1925/1031/1443 1940/1038/1458 1939/1037/1457 1924/1027/1442
f 1918/1032/1436 1933/1040/1451 1932/1039/1450 1917/1029/1435
f 1926/1033/1444 1941/1041/1459 1940/1038/1458 1925/1031/1443
f 1919/1034/1437 1934/1042/1452 1933/1040/1451 1918/1032/1436
f 1927/1018/1445 1942/1043/1460 1941/1041/1459 1926/1033/1444
f 1920/1020/1438 1935/1044/1453 1934/1042/1452 1919/1034/1437
f 1928/1019/1446 1943/1045/1461 1942/1043/1460 1927/1018/1445
f 1921/1021/1439 1936/1046/1454 1935/1044/1453 1920/1020/1438
f 1929/1022/1447 1944/1047/1462 1943/1045/1461 1928/1019/1446
f 1922/1023/1440 1937/1048/1455 1936/1046/1454 1921/1021/1439
f 1930/1024/1448 1945/1049/1463 1944/1047/1462 1929/1022/1447
f 1923/1025/1441 1938/1050/1456 1937/1048/1455 1922/1023/1440
f 1931/1026/1449 1946/1036/1464 1945/1049/1463 1930/1024/1448
f 1924/1027/1442 1939/1037/1457 1938/1050/1456 1923/1025/1441
f 1917/1029/1435 1932/1039/1450 1621/1051/1139
f 1944/1047/1462 1959/1053/1477 1958/1052/1476 1943/1045/1461
f 1937/1048/1455 1952/1055/1470 1951/1054/1469 1936/1046/1454
f 1945/1049/1463 1960/1056/1478 1959/1053/1477 1944/1047/1462
f 1938/1050/1456 1953/1057/1471 1952/1055/1470 1937/1048/1455
f 1946/1036/1464 1961/1058/1479 1960/1056/1478 1945/1049/1463
f 1939/1037/1457 1954/1059/1472 1953/1057/1471 1938/1050/1456
f 1932/1039/1450 1947/1061/1465 1621/1060/1139
f 1697/1062/1215 1961/1058/1479 1946/1036/1464
f 1940/1038/1458 1955/1063/1473 1954/1059/1472 1939/1037/1457
f 1933/1040/1451 1948/1064/1466 1947/1061/1465 1932/1039/1450
f 1941/1041/1459 1956/1065/1474 1955/1063/1473 1940/1038/1458
f 1934/1042/1452 1949/1066/1467 1948/1064/1466 1933/1040/1451
f 1942/1043/1460 1957/1067/1475 1956/1065/1474 1941/1041/1459
f 1935/1044/1453 1950/1068/1468 1949/1066/1467 1934/1042/1452
f 1943/1045/1461 1958/1052/1476 1957/1067/1475 1942/1043/1460
f 1936/1046/1454 1951/1054/1469 1950/1068/1468 1935/1044/1453
f 1948/1064/1466 1963/1070/1481 1962/1069/1480 1947/1061/1465
f 1956/1065/1474 1971/1072/1489 1970/1071/1488 1955/1063/1473
f 1949/1066/1467 1964/1073/1482 1963/1070/1481 1948/1064/1466
f 1957/1067/1475 1972/1074/1490 1971/1072/1489 1956/1065/1474
f 1950/1068/1468 1965/1075/1483 1964/1073/1482 1949/1066/1467
f 1958/1052/1476 1973/1076/1491 1972/1074/1490 1957/1067/1475
f 1951/1054/1469 1966/1077/1484 1965/1075/1483 1950/1068/1468
f 1959/1053/1477 1974/1078/1492 1973/1076/1491 1958/1052/1476
f 1952/1055/1470 1967/1079/1485 1966/1077/1484 1951/1054/1469
f 1960/1056/1478 1975/1080/1493 1974/1078/1492 1959/1053/1477
f 1953/1057/1471 1968/1081/1486 1967/1079/1485 1952/1055/1470
f 1961/1058/1479 1976/1082/1494 1975/1080/1493 1960/1056/1478
f 1954/1059/1472 1969/1083/1487 1968/1081/1486 1953/1057/1471
f 1947/1061/1465 1962/1069/1480 1621/1084/1139
f 1697/1085/1215 1976/1082/1494 1961/1058/1479
f 1955/1063/1473 1970/1071/1488 1969/1083/1487 1954/1059/1472
f 1967/1079/1485 1982/1087/1500 1981/1086/1499 1966/1077/1484
f 1975/1080/1493 1990/1089/1508 1989/1088/1507 1974/1078/1492
f 1968/1081/1486 1983/1090/1501 1982/1087/1500 1967/1079/1485
f 1976/1082/1494 1991/1091/1509 1990/1089/1508 1975/1080/1493
f 1969/1083/1487 1984/1092/1502 1983/1090/1501 1968/1081/1486
f 1962/1069/1480 1977/1094/1495 1621/1093/1139
f 1697/1095/1215 1991/1091/1509 1976/1082/1494
f 1970/1071/1488 1985/1096/1503 1984/1092/1502 1969/1083/1487
f 1963/1070/1481 1978/1097/1496 1977/1094/1495 1962/1069/1480
f 1971/1072/1489 1986/1098/1504 1985/1096/1503 1970/1071/1488
f 1964/1073/1482 1979/1099/1497 1978/1097/1496 1963/1070/1481
f 1972/1074/1490 1987/1100/1505 1986/1098/1504 1971/1072/1489
f 1965/1075/1483 1980/1101/1498 1979/1099/1497 1964/1073/1482
f 1973/1076/1491 1988/1102/1506 1987/1100/1505 1972/1074/1490
f 1966/1077/1484 1981/1086/1499 1980/1101/1498 1965/1075/1483
f 1974/1078/1492 1989/1088/1507 1988/1102/1506 1973/1076/1491
f 1986/1103/1504 2001/1106/1519 2000/1105/1518 1985/1104/1503
f 1979/1107/1497 1994/1110/1512 1993/1109/1511 1978/1108/1496
f 1987/1111/1505 2002/1112/1520 2001/1106/1519 1986/1103/1504
f 1980/1113/1498 1995/1114/1513 1994/1110/1512 1979/1107/1497
f 1988/1115/1506 2003/1116/1521 2002/1112/1520 1987/1111/1505
f 1981/1117/1499 1996/1118/1514 1995/1114/1513 1980/1113/1498
f 1989/1119/1507 2004/1120/1522 2003/1116/1521 1988/1115/1506
f 1982/1121/1500 1997/1122/1515 1996/1118/1514 1981/1117/1499
f 1990/1123/1508 2005/1124/1523 2004/1120/1522 1989/1119/1507
f 1983/1125/1501 1998/1126/1516 1997/1122/1515 1982/1121/1500
f 1991/1127/1509 2006/1128/1524 2005/1124/1523 1990/1123/1508
f 1984/1129/1502 1999/1130/1517 1998/1126/1516 1983/1125/1501
f 1977/1131/1495 1992/1133/1510 1621/1132/1139
f 1697/1134/1215 2006/1128/1524 1991/1127/1509
f 1985/1104/1503 2000/1105/1518 1999/1130/1517 1984/1129/1502
f 1978/1108/1496 1993/1109/1511 1992/1133/1510 1977/1131/1495
f 2005/1124/1523 2020/1136/1538 2019/1135/1537 2004/1120/1522
f 1998/1126/1516 2013/1138/1531 2012/1137/1530 1997/1122/1515
f 2006/1128/1524 2021/1139/1539 2020/1136/1538 2005/1124/1523
f 1999/1130/1517 2014/1140/1532 2013/1138/1531 1998/1126/1516
f 1992/1133/1510 2007/1142/1525 1621/1141/1139
f 1697/1143/1215 2021/1139/1539 2006/1128/1524
f 2000/1105/1518 2015/1144/1533 2014/1140/1532 1999/1130/1517
f 1993/1109/1511 2008/1145/1526 2007/1142/1525 1992/1133/1510
f 2001/1106/1519 2016/1146/1534 2015/1144/1533 2000/1105/1518
f 1994/1110/1512 2009/1147/1527 2008/1145/1526 1993/1109/1511
f 2002/1112/1520 2017/1148/1535 2016/1146/1534 2001/1106/1519
f 1995/1114/1513 2010/1149/1528 2009/1147/1527 1994/1110/1512
f 2003/1116/1521 2018/1150/1536 2017/1148/1535 2002/1112/1520
f 1996/1118/1514 2011/1151/1529 2010/1149/1528 1995/1114/1513
f 2004/1120/1522 2019/1135/1537 2018/1150/1536 2003/1116/1521
f 1997/1122/1515 2012/1137/1530 2011/1151/1529 1996/1118/1514
f 2009/1147/1527 2024/1153/1542 2023/1152/1541 2008/1145/1526
f 2017/1148/1535 2032/1155/1550 2031/1154/1549 2016/1146/1534
f 2010/1149/1528 2025/1156/1543 2024/1153/1542 2009/1147/1527
f 2018/1150/1536 2033/1157/1551 2032/1155/1550 2017/1148/1535
f 2011/1151/1529 2026/1158/1544 2025/1156/1543 2010/1149/1528
f 2019/1135/1537 2034/1159/1552 2033/1157/1551 2018/1150/1536
f 2012/1137/1530 2027/1160/1545 2026/1158/1544 2011/1151/1529
f 2020/1136/1538 2035/1161/1553 2034/1159/1552 2019/1135/1537
f 2013/1138/1531 2028/1162/1546 2027/1160/1545 2012/1137/1530
f 2021/1139/1539 2036/1163/1554 2035/1161/1553 2020/1136/1538
f 2014/1140/1532 2029/1164/1547 2028/1162/1546 2013/1138/1531
f 2007/1142/1525 2022/1166/1540 1621/1165/1139
f 1697/1167/1215 2036/1163/1554 2021/1139/1539
f 2015/1144/1533 2030/1168/1548 2029/1164/1547 2014/1140/1532
f 2008/1145/1526 2023/1152/1541 2022/1166/1540 2007/1142/1525
f 2016/1146/1534 2031/1154/1549 2030/1168/1548 2015/1144/1533
f 2028/1162/1546 2043/1170/1561 2042/1169/1560 2027/1160/1545
f 2036/1163/1554 2051/1172/1569 2050/1171/1568 2035/1161/1553
f 2029/1164/1547 2044/1173/1562 2043/1170/1561 2028/1162/1546
f 2022/1166/1540 2037/1175/1555 1621/1174/1139
f 1697/1176/1215 2051/1172/1569 2036/1163/1554
f 2030/1168/1548 2045/1177/1563 2044/1173/1562 2029/1164/1547
f 2023/1152/1541 2038/1178/1556 2037/1175/1555 2022/1166/1540
f 2031/1154/1549 2046/1179/1564 2045/1177/1563 2030/1168/1548
f 2024/1153/1542 2039/1180/1557 2038/1178/1556 2023/1152/1541
f 2032/1155/1550 2047/1181/1565 2046/1179/1564 2031/1154/1549
f 2025/1156/1543 2040/1182/1558 2039/1180/1557 2024/1153/1542
f 2033/1157/1551 2048/1183/1566 2047/1181/1565 2032/1155/1550
f 2026/1158/1544 2041/1184/1559 2040/1182/1558 2025/1156/1543
f 2034/1159/1552 2049/1185/1567 2048/1183/1566 2033/1157/1551
f 2027/1160/1545 2042/1169/1560 2041/1184/1559 2026/1158/1544
f 2035/1161/1553 2050/1171/1568 2049/1185/1567 2034/1159/1552
f 2047/1181/1565 2062/1187/1580 2061/1186/1579 2046/1179/1564
f 2040/1182/1558 2055/1189/1573 2054/1188/1572 2039/1180/1557
f 2048/1183/1566 2063/1190/1581 2062/1187/1580 2047/1181/1565
f 2041/1184/1559 2056/1191/1574 2055/1189/1573 2040/1182/1558
f 2049/1185/1567 2064/1192/1582 2063/1190/1581 2048/1183/1566
f 2042/1169/1560 2057/1193/1575 2056/1191/1574 2041/1184/1559
f 2050/1171/1568 2065/1194/1583 2064/1192/1582 2049/1185/1567
f 2043/1170/1561 2058/1195/1576 2057/1193/1575 2042/1169/1560
f 2051/1172/1569 2066/1196/1584 2065/1194/1583 2050/1171/1568
f 2044/1173/1562 2059/1197/1577 2058/1195/1576 2043/1170/1561
f 2037/1175/1555 2052/1199/1570 1621/1198/1139
f 1697/1200/1215 2066/1196/1584 2051/1172/1569
f 2045/1177/1563 2060/1201/1578 2059/1197/1577 2044/1173/1562
f 2038/1178/1556 2053/1202/1571 2052/1199/1570 2037/1175/1555
f 2046/1179/1564 2061/1186/1579 2060/1201/1578 2045/1177/1563
f 2039/1180/1557 2054/1188/1572 2053/1202/1571 2038/1178/1556
f 2066/1196/1584 2081/1204/1599 2080/1203/1598 2065/1194/1583
f 2059/1197/1577 2074/1206/1592 2073/1205/1591 2058/1195/1576
f 2052/1199/1570 2067/1208/1585 1621/1207/1139
f 1697/1209/1215 2081/1204/1599 2066/1196/1584
f 2060/1201/1578 2075/1210/1593 2074/1206/1592 2059/1197/1577
f 2053/1202/1571 2068/1211/1586 2067/1208/1585 2052/1199/1570
f 2061/1186/1579 2076/1212/1594 2075/1210/1593 2060/1201/1578
f 2054/1188/1572 2069/1213/1587 2068/1211/1586 2053/1202/1571
f 2062/1187/1580 2077/1214/1595 2076/1212/1594 2061/1186/1579
f 2055/1189/1573 2070/1215/1588 2069/1213/1587 2054/1188/1572
f 2063/1190/1581 2078/1216/1596 2077/1214/1595 2062/1187/1580
f 2056/1191/1574 2071/1217/1589 2070/1215/1588 2055/1189/1573
f 2064/1192/1582 2079/1218/1597 2078/1216/1596 2063/1190/1581
f 2057/1193/1575 2072/1219/1590 2071/1217/1589 2056/1191/1574
f 2065/1194/1583 2080/1203/1598 2079/1218/1597 2064/1192/1582
f 2058/1195/1576 2073/1205/1591 2072/1219/1590 2057/1193/1575
f 2078/1216/1596 2093/1221/1611 2092/1220/1610 2077/1214/1595
f 2071/1217/1589 2086/1223/1604 2085/1222/1603 2070/1215/1588
f 2079/1218/1597 2094/1224/1612 2093/1221/1611 2078/1216/1596
f 2072/1219/1590 2087/1225/1605 2086/1223/1604 2071/1217/1589
f 2080/1203/1598 2095/1226/1613 2094/1224/1612 2079/1218/1597
f 2073/1205/1591 2088/1227/1606 2087/1225/1605 2072/1219/1590
f 2081/1204/1599 2096/1228/1614 2095/1226/1613 2080/1203/1598
f 2074/1206/1592 2089/1229/1607 2088/1227/1606 2073/1205/1591
f 2067/1208/1585 2082/1231/1600 1621/1230/1139
f 1697/1232/1215 2096/1228/1614 2081/1204/1599
f 2075/1210/1593 2090/1233/1608 2089/1229/1607 2074/1206/1592
f 2068/1211/1586 2083/1234/1601 2082/1231/1600 2067/1208/1585
f 2076/1212/1594 2091/1235/1609 2090/1233/1608 2075/1210/1593
f 2069/1213/1587 2084/1236/1602 2083/1234/1601 2068/1211/1586
f 2077/1214/1595 2092/1220/1610 2091/1235/1609 2076/1212/1594
f 2070/1215/1588 2085/1222/1603 2084/1236/1602 2069/1213/1587
f 2082/1231/1600 1863/1238/1381 1621/1237/1139
f 1697/1239/1215 1871/1240/1389 2096/1228/1614
f 2090/1233/1608 1619/1242/1137 1618/1241/1136 2089/1229/1607
f 2083/1234/1601 1864/1243/1382 1863/1238/1381 2082/1231/1600
f 2091/1235/1609 1867/1244/1385 1619/1242/1137 2090/1233/1608
f 2084/1236/1602 1615/1245/1133 1864/1243/1382 2083/1234/1601
f 2092/1220/1610 1620/1246/1138 1867/1244/1385 2091/1235/1609
f 2085/1222/1603 1865/1247/1383 1615/1245/1133 2084/1236/1602
f 2093/1221/1611 1868/1248/1386 1620/1246/1138 2092/1220/1610
f 2086/1223/1604 1616/1249/1134 1865/1247/1383 2085/1222/1603
f 2094/1224/1612 1869/1250/1387 1868/1248/1386 2093/1221/1611
f 2087/1225/1605 1866/1251/1384 1616/1249/1134 2086/1223/1604
f 2095/1226/1613 1870/1252/1388 1869/1250/1387 2094/1224/1612
f 2088/1227/1606 1617/1253/1135 1866/1251/1384 2087/1225/1605
f 2096/1228/1614 1871/1240/1389 1870/1252/1388 2095/1226/1613
f 2089/1229/1607 1618/1241/1136 1617/1253/1135 2088/1227/1606
o fork
v -0.265099 3.547061 0.173532
v -0.175901 5.779287 0.175901
v -0.265099 3.547061 -0.173532
v -0.175901 5.779287 -0.175901
v 0.265099 3.547061 0.173532
v 0.175901 5.779287 0.175901
v 0.265099 3.547061 -0.173532
v 0.175901 5.779287 -0.175901
v -0.173532 3.257547 -0.173532
v -0.173532 3.257547 0.173532
v 0.173532 3.257547 -0.173532
v 0.173532 3.257547 0.173532
v 0.753166 3.389856 -0.173532
v 0.753166 3.389856 0.173532
v -0.753166 3.389856 0.173532
v -0.753166 3.389856 -0.173532
v 0.753166 3.257547 -0.173532
v 0.753166 3.257547 0.173532
v -0.753166 3.257547 0.173532
v -0.753166 3.257547 -0.173532
v -0.453650 3.547061 0.173532
v -0.453650 3.547061 -0.173532
v -0.453650 3.257547 -0.173532
v -0.453650 3.257547 0.173532
v 0.440995 3.547061 -0.173532
v 0.440995 3.547061 0.173532
v 0.440995 3.257547 0.173532
v 0.440995 3.257547 -0.173532
v -0.129146 2.313591 -0.128600
v -0.129146 2.313591 0.128600
v 0.128054 2.313591 -0.128600
v 0.128054 2.313591 0.128600
v 0.557606 2.313591 -0.128600
v 0.557606 2.313591 0.128600
v -0.558698 2.313591 0.128600
v -0.558698 2.313591 -0.128600
v -0.336734 2.313591 -0.128600
v -0.336734 2.313591 0.128600
v 0.326264 2.313591 0.128600
v 0.326264 2.313591 -0.128600
v -0.144142 3.642643 0.144142
v -0.144142 3.642643 -0.144142
v 0.144142 3.642643 -0.144142
v 0.144142 3.642643 0.144142
v -0.100738 5.966213 0.100738
v -0.100738 5.966213 -0.100738
v 0.100738 5.966213 -0.100738
v 0.100738 5.966213 0.100738
v -0.265099 3.547061 0.000000
v -0.175901 5.779287 0.000000
v 0.265099 3.547061 0.000000
v 0.175901 5.779287 0.000000
v -0.173532 3.257547 0.000000
v 0.173532 3.257547 0.000000
v 0.753166 3.389856 0.000000
v -0.753166 3.389856 0.000000
v 0.753166 3.257547 0.000000
v -0.753166 3.257547 0.000000
v -0.453650 3.257547 0.000000
v -0.453650 3.547061 0.000000
v 0.440995 3.257547 0.000000
v 0.440995 3.547061 0.000000
v -0.129146 2.313591 0.000000
v 0.128054 2.313591 0.000000
v 0.557606 2.313591 0.000000
v -0.558698 2.313591 0.000000
v -0.336734 2.313591 0.000000
v 0.326264 2.313591 0.000000
v 0.144142 3.642643 0.000000
v -0.144142 3.642643 0.000000
v -0.100738 5.966213 0.000000
v 0.100738 5.966213 0.000000
vn -0.9999 -0.0149 -0.0000
vn -0.0000 -0.0149 -0.9999
vn 0.9999 -0.0149 -0.0000
vn -0.0000 -0.0149 0.9999
vn -0.0000 -0.0000 -1.0000
vn 0.9278 0.3731 -0.0000
vn -0.0000 0.0475 0.9989
vn -0.4498 -0.8931 -0.0000
vn -0.0000 -0.0000 1.0000
vn -1.0000 -0.0000 -0.0000
vn 1.0000 -0.0000 -0.0000
vn 0.4647 -0.8854 -0.0000
vn 0.9988 -0.0481 -0.0000
vn -0.9924 -0.1229 -0.0000
vn -0.0000 1.0000 -0.0000
vn -0.0000 -1.0000 -0.0000
vn 0.9927 -0.1207 -0.0000
vn -0.0000 -0.0475 0.9989
vn -0.0000 0.0475 -0.9989
vn -0.9792 0.2029 -0.0000
vn -0.9989 -0.0470 -0.0000
vn 0.9794 0.2018 -0.0000
vn -0.0000 -0.0475 -0.9989
vn -0.0000 0.2939 0.9558
vn 0.6200 0.7846 -0.0000
vn -0.0000 0.2939 -0.9558
vn -0.6200 0.7846 -0.0000
vn -0.9278 0.3731 -0.0000
vn -0.0000 0.3731 0.9278
vn -0.0000 0.3731 -0.9278
vt 0.377301 0.125000
vt 0.625000 0.125000
vt 0.625000 0.250000
vt 0.377301 0.250000
vt 0.625000 0.500000
vt 0.377301 0.500000
vt 0.377301 0.625000
vt 0.625000 0.625000
vt 0.625000 0.750000
vt 0.377301 0.750000
vt 0.625000 1.000000
vt 0.377301 1.000000
vt 0.375000 0.250000
vt 0.375000 0.500000
vt 0.375000 1.000000
vt 0.375000 0.125000
vt 0.375000 0.750000
vt 0.375000 0.625000
vt 0.125000 0.625000
vt 0.125000 0.750000
vt 0.125000 0.500000
vt 0.875000 0.625000
vt 0.875000 0.750000
vt 0.625000 0.000000
vt 0.875000 0.500000
vt 0.375000 0.000000
vt 0.377301 0.000000
s 0
f 2166/1254/1615 2146/1255/1615 2100/1256/1615 2138/1257/1615
f 2138/1257/1616 2100/1256/1616 2104/1258/1616 2139/1259/1616
f 2165/1260/1617 2148/1261/1617 2102/1262/1617 2140/1263/1617
f 2140/1263/1618 2102/1262/1618 2098/1264/1618 2137/1265/1618
f 2099/1266/1619 2103/1267/1619 2107/1267/1619 2105/1266/1619
f 2148/1261/1620 2104/1258/1620 2143/1258/1620 2168/1261/1620
f 2119/1267/1621 2116/1267/1621 2132/1267/1621 2133/1267/1621
f 2123/1268/1619 2122/1268/1619 2110/1268/1619 2114/1268/1619
f 2158/1269/1622 2121/1266/1622 2109/1266/1622 2151/1269/1622
f 2101/1270/1623 2097/1268/1623 2106/1268/1623 2108/1270/1623
f 2151/1269/1624 2109/1266/1624 2113/1266/1624 2153/1269/1624
f 2152/1271/1625 2111/1270/1625 2115/1270/1625 2154/1271/1625
f 2156/1271/1626 2117/1270/1626 2111/1270/1626 2152/1271/1626
f 2119/1267/1623 2118/1267/1623 2112/1267/1623 2116/1267/1623
f 2150/1271/1627 2108/1270/1627 2128/1270/1627 2160/1271/1627
f 2155/1271/1628 2119/1267/1628 2133/1267/1628 2163/1271/1628
f 2117/1270/1619 2120/1270/1619 2115/1270/1619 2111/1270/1619
f 2121/1266/1623 2124/1266/1623 2113/1266/1623 2109/1266/1623
f 2101/1270/1619 2108/1270/1619 2120/1270/1619 2117/1270/1619
f 2150/1271/1629 2107/1267/1629 2119/1267/1629 2155/1271/1629
f 2107/1267/1623 2103/1267/1623 2118/1267/1623 2119/1267/1623
f 2147/1271/1630 2101/1270/1630 2117/1270/1630 2156/1271/1630
f 2099/1266/1623 2105/1266/1623 2124/1266/1623 2121/1266/1623
f 2149/1272/1629 2106/1273/1629 2123/1273/1629 2157/1272/1629
f 2145/1269/1630 2099/1266/1630 2121/1266/1630 2158/1269/1630
f 2106/1268/1619 2097/1268/1619 2122/1268/1619 2123/1268/1619
f 2159/1272/1630 2160/1271/1630 2128/1270/1630 2126/1273/1630
f 2163/1271/1629 2133/1267/1629 2132/1267/1629 2162/1271/1629
f 2164/1272/1629 2135/1273/1629 2130/1273/1629 2161/1272/1629
f 2157/1272/1631 2123/1273/1631 2135/1273/1631 2164/1272/1631
f 2108/1270/1632 2106/1268/1632 2126/1268/1632 2128/1270/1632
f 2115/1270/1633 2120/1270/1633 2134/1270/1633 2131/1270/1633
f 2153/1269/1634 2113/1266/1634 2129/1266/1634 2161/1269/1634
f 2123/1268/1633 2114/1268/1633 2130/1268/1633 2135/1268/1633
f 2149/1272/1635 2105/1274/1635 2125/1274/1635 2159/1272/1635
f 2154/1271/1636 2115/1270/1636 2131/1270/1636 2162/1271/1636
f 2113/1266/1621 2124/1266/1621 2136/1266/1621 2129/1266/1621
f 2105/1266/1637 2107/1267/1637 2127/1267/1637 2125/1266/1637
f 2101/1270/1638 2140/1263/1638 2137/1265/1638 2097/1268/1638
f 2147/1271/1639 2165/1260/1639 2140/1263/1639 2101/1270/1639
f 2099/1266/1640 2138/1257/1640 2139/1259/1640 2103/1267/1640
f 2145/1269/1641 2166/1254/1641 2138/1257/1641 2099/1266/1641
f 2168/1261/1629 2167/1275/1629 2141/1276/1629 2144/1262/1629
f 2146/1255/1642 2098/1277/1642 2141/1277/1642 2167/1255/1642
f 2098/1264/1643 2102/1262/1643 2144/1262/1643 2141/1264/1643
f 2104/1258/1644 2100/1256/1644 2142/1256/1644 2143/1258/1644
f 2100/1256/1642 2146/1255/1642 2167/1255/1642 2142/1256/1642
f 2143/1258/1629 2142/1278/1629 2167/1275/1629 2168/1261/1629
f 2097/1279/1641 2137/1280/1641 2166/1254/1641 2145/1269/1641
f 2103/1267/1639 2139/1259/1639 2165/1260/1639 2147/1271/1639
f 2116/1267/1636 2154/1271/1636 2162/1271/1636 2132/1267/1636
f 2106/1273/1635 2149/1272/1635 2159/1272/1635 2126/1273/1635
f 2114/1279/1634 2153/1269/1634 2161/1269/1634 2130/1279/1634
f 2124/1274/1631 2157/1272/1631 2164/1272/1631 2136/1274/1631
f 2136/1274/1629 2164/1272/1629 2161/1272/1629 2129/1274/1629
f 2134/1270/1629 2163/1271/1629 2162/1271/1629 2131/1270/1629
f 2125/1274/1630 2127/1267/1630 2160/1271/1630 2159/1272/1630
f 2097/1279/1630 2145/1269/1630 2158/1269/1630 2122/1279/1630
f 2105/1274/1629 2149/1272/1629 2157/1272/1629 2124/1274/1629
f 2103/1267/1630 2147/1271/1630 2156/1271/1630 2118/1267/1630
f 2108/1270/1629 2150/1271/1629 2155/1271/1629 2120/1270/1629
f 2120/1270/1628 2155/1271/1628 2163/1271/1628 2134/1270/1628
f 2107/1267/1627 2150/1271/1627 2160/1271/1627 2127/1267/1627
f 2118/1267/1626 2156/1271/1626 2152/1271/1626 2112/1267/1626
f 2112/1267/1625 2152/1271/1625 2154/1271/1625 2116/1267/1625
f 2110/1279/1624 2151/1269/1624 2153/1269/1624 2114/1279/1624
f 2122/1279/1622 2158/1269/1622 2151/1269/1622 2110/1279/1622
f 2102/1262/1620 2148/1261/1620 2168/1261/1620 2144/1262/1620
f 2139/1259/1617 2104/1258/1617 2148/1261/1617 2165/1260/1617
f 2137/1280/1615 2098/1277/1615 2146/1255/1615 2166/1254/1615
